time_s,ag_g_unscaled,ag_g_after_scale,ag_m_per_s2_after_scale
0.0,-0.0002180011,-0.0002180011,-0.002138590791
0.02,0.0001291326,0.0001291326,0.001266790806
0.04,5.806444e-05,5.806444e-05,0.0005696121564000001
0.06,-0.001951005,-0.001951005,-0.019139359050000002
0.08,-0.001375397,-0.001375397,-0.01349264457
0.1,-0.00152093,-0.00152093,-0.0149203233
0.12,-0.001118726,-0.001118726,-0.010974702060000001
0.14,0.0004013978,0.0004013978,0.003937712418
0.16,0.002410099,0.002410099,0.023643071190000003
0.18,0.001457739,0.001457739,0.01430041959
0.2,0.0008531971,0.0008531971,0.008369863551
0.22,0.002865974,0.002865974,0.02811520494
0.24,0.002582728,0.002582728,0.02533656168
0.26,-0.0006207787,-0.0006207787,-0.006089839047000001
0.28,-0.0001094474,-0.0001094474,-0.001073678994
0.3,0.002047142,0.002047142,0.02008246302
0.32,0.0008061102,0.0008061102,0.007907941062
0.34,0.001112416,0.001112416,0.01091280096
0.36,0.001541121,0.001541121,0.01511839701
0.38,0.002519604,0.002519604,0.02471731524
0.4,0.002561725,0.002561725,0.025130522250000002
0.42,0.002299885,0.002299885,0.02256187185
0.44,0.001178184,0.001178184,0.011557985040000001
0.46,0.00134678,0.00134678,0.0132119118
0.48,-0.003303105,-0.003303105,-0.032403460050000006
0.5,-0.004010692,-0.004010692,-0.039344888519999996
0.52,-0.00245184,-0.00245184,-0.0240525504
0.54,-0.0007797705,-0.0007797705,-0.0076495486050000006
0.56,-0.001103842,-0.001103842,-0.010828690020000002
0.58,-0.001753295,-0.001753295,-0.017199823950000002
0.6,0.00220867,0.00220867,0.021667052699999998
0.62,0.001912134,0.001912134,0.01875803454
0.64,0.001364675,0.001364675,0.013387461750000001
0.66,-0.002338663,-0.002338663,-0.02294228403
0.68,-0.001324505,-0.001324505,-0.012993394049999999
0.7000000000000001,-0.0008642077,-0.0008642077,-0.008477877537
0.72,-0.003036532,-0.003036532,-0.029788378920000004
0.74,0.001483362,0.001483362,0.01455178122
0.76,0.001629495,0.001629495,0.01598534595
0.78,-0.001835173,-0.001835173,-0.01800304713
0.8,-0.002649884,-0.002649884,-0.02599536204
0.8200000000000001,0.002007703,0.002007703,0.019695566430000002
0.84,0.00322279,0.00322279,0.0316155699
0.86,0.001838915,0.001838915,0.018039756150000003
0.88,-0.0006577811,-0.0006577811,-0.006452832591
0.9,-0.001907019,-0.001907019,-0.018707856390000003
0.92,-0.002577919,-0.002577919,-0.025289385390000002
0.9400000000000001,-0.001454639,-0.001454639,-0.014270008590000001
0.96,0.002883678,0.002883678,0.028288881180000003
0.98,0.003183814,0.003183814,0.031233215340000002
1.0,0.002490468,0.002490468,0.024431491080000003
1.02,-0.001362838,-0.001362838,-0.01336944078
1.04,-0.002667167,-0.002667167,-0.02616490827
1.06,0.000929603,0.000929603,0.00911940543
1.08,-0.0006205482,-0.0006205482,-0.006087577842
1.1,-0.004658481,-0.004658481,-0.04569969861
1.12,-0.001600276,-0.001600276,-0.01569870756
1.1400000000000001,-0.002419091,-0.002419091,-0.02373128271
1.16,-0.002798288,-0.002798288,-0.02745120528
1.18,-0.0009457268,-0.0009457268,-0.009277579908000001
1.2,0.002567393,0.002567393,0.02518612533
1.22,0.002918512,0.002918512,0.02863060272
1.24,0.0005227688,0.0005227688,0.005128361928
1.26,0.002171324,0.002171324,0.021300688440000003
1.28,0.002956959,0.002956959,0.02900776779
1.3,0.002513491,0.002513491,0.024657346710000003
1.32,0.0004512831,0.0004512831,0.004427087211
1.34,0.0004821132,0.0004821132,0.004729530492000001
1.36,-0.002987698,-0.002987698,-0.02930931738
1.3800000000000001,-0.004320611,-0.004320611,-0.04238519391000001
1.4000000000000001,-0.002410945,-0.002410945,-0.02365137045
1.42,-0.00131116,-0.00131116,-0.0128624796
1.44,0.0007484429,0.0007484429,0.007342224849
1.46,0.002853944,0.002853944,0.027997190640000003
1.48,0.001815805,0.001815805,0.01781304705
1.5,0.001486564,0.001486564,0.01458319284
1.52,0.002728122,0.002728122,0.02676287682
1.54,0.002126538,0.002126538,0.02086133778
1.56,-0.001706407,-0.001706407,-0.016739852670000003
1.58,-0.001625613,-0.001625613,-0.01594726353
1.6,0.00178854,0.00178854,0.0175455774
1.62,8.841073e-05,8.841073e-05,0.0008673092613
1.6400000000000001,-0.001261859,-0.001261859,-0.01237883679
1.6600000000000001,0.0003336289,0.0003336289,0.0032728995090000003
1.68,0.003765116,0.003765116,0.03693578796
1.7,0.0005798618,0.0005798618,0.005688444258000001
1.72,-0.002504413,-0.002504413,-0.02456829153
1.74,-0.00184937,-0.00184937,-0.0181423197
1.76,-0.0008393685,-0.0008393685,-0.008234204985
1.78,-0.001956068,-0.001956068,-0.01918902708
1.8,-4.030857e-05,-4.030857e-05,-0.0003954270717
1.82,0.00235689,0.00235689,0.023121090900000002
1.84,-0.002199254,-0.002199254,-0.02157468174
1.86,-0.002970178,-0.002970178,-0.029137446180000002
1.8800000000000001,0.000605116,0.000605116,0.00593618796
1.9000000000000001,0.002963549,0.002963549,0.02907241569
1.92,0.0007901208,0.0007901208,0.007751085048
1.94,-0.003259089,-0.003259089,-0.031971663090000005
1.96,-0.002291939,-0.002291939,-0.022483921590000004
1.98,-0.001675672,-0.001675672,-0.01643834232
2.0,-0.001519425,-0.001519425,-0.01490555925
2.02,0.0002106809,0.0002106809,0.002066779629
2.04,0.001075825,0.001075825,0.010553843250000002
2.06,0.001679848,0.001679848,0.01647930888
2.08,0.0009507301,0.0009507301,0.009326662281
2.1,0.0007030507,0.0007030507,0.0068969273670000004
2.12,0.0003462302,0.0003462302,0.003396518262
2.14,0.001632629,0.001632629,0.016016090490000003
2.16,0.001609345,0.001609345,0.01578767445
2.18,0.002660122,0.002660122,0.026095796820000003
2.2,0.003787396,0.003787396,0.03715435476
2.22,0.001338549,0.001338549,0.013131165690000002
2.24,-0.001345918,-0.001345918,-0.01320345558
2.2600000000000002,-0.001980187,-0.001980187,-0.01942563447
2.2800000000000002,-0.002236038,-0.002236038,-0.021935532780000003
2.3000000000000003,-0.0002560483,-0.0002560483,-0.002511833823
2.32,-0.0003232007,-0.0003232007,-0.003170598867
2.34,0.003122525,0.003122525,0.03063197025
2.36,0.005080071,0.005080071,0.04983549651000001
2.38,0.0002097352,0.0002097352,0.002057502312
2.4,-0.003000041,-0.003000041,-0.029430402210000005
2.42,-0.00374754,-0.00374754,-0.036763367400000004
2.44,-0.0008801591,-0.0008801591,-0.008634360771
2.46,0.0003042204,0.0003042204,0.002984402124
2.48,0.001599779,0.001599779,0.01569383199
2.5,0.001481616,0.001481616,0.014534652960000002
2.52,0.002541553,0.002541553,0.024932634930000003
2.54,-0.002082973,-0.002082973,-0.020433965130000002
2.56,-0.003652598,-0.003652598,-0.03583198638
2.58,-0.004410306,-0.004410306,-0.04326510186
2.6,-0.006485853,-0.006485853,-0.06362621793
2.62,-0.003241082,-0.003241082,-0.03179501442
2.64,-0.001433494,-0.001433494,-0.014062576140000001
2.66,-0.001097765,-0.001097765,-0.01076907465
2.68,-0.0004580773,-0.0004580773,-0.004493738313
2.7,-0.0008802109,-0.0008802109,-0.008634868929
2.72,-0.001318666,-0.001318666,-0.01293611346
2.74,-0.0008360614,-0.0008360614,-0.008201762333999999
2.7600000000000002,0.0003085217,0.0003085217,0.003026597877
2.7800000000000002,0.0007952038,0.0007952038,0.007800949278
2.8000000000000003,-0.001114095,-0.001114095,-0.010929271950000001
2.82,0.002831404,0.002831404,0.02777607324
2.84,0.001702403,0.001702403,0.01670057343
2.86,-0.003305659,-0.003305659,-0.03242851479
2.88,-0.003384062,-0.003384062,-0.03319764822
2.9,3.919427e-05,3.919427e-05,0.00038449578870000006
2.92,0.002693369,0.002693369,0.026421949890000004
2.94,0.002904643,0.002904643,0.02849454783
2.96,0.0008800755,0.0008800755,0.008633540655
2.98,-0.004697153,-0.004697153,-0.04607907093
3.0,-0.004238022,-0.004238022,-0.04157499582
3.02,-0.0003455725,-0.0003455725,-0.003390066225
3.04,0.001361016,0.001361016,0.013351566960000002
3.06,-0.001310236,-0.001310236,-0.012853415160000001
3.08,0.0003208706,0.0003208706,0.0031477405860000003
3.1,-0.001600683,-0.001600683,-0.01570270023
3.12,-0.005630579,-0.005630579,-0.05523597999
3.14,-0.002400115,-0.002400115,-0.02354512815
3.16,0.001601467,0.001601467,0.015710391270000002
3.18,0.001825989,0.001825989,0.017912952090000003
3.2,-0.0005433503,-0.0005433503,-0.005330266443
3.22,0.001829289,0.001829289,0.017945325090000002
3.24,0.004903688,0.004903688,0.04810517928
3.2600000000000002,0.004140846,0.004140846,0.040621699260000005
3.2800000000000002,0.001189083,0.001189083,0.011664904230000002
3.3000000000000003,-0.001615801,-0.001615801,-0.01585100781
3.3200000000000003,-0.002114466,-0.002114466,-0.020742911460000003
3.34,-0.001533972,-0.001533972,-0.01504826532
3.36,-0.0007402989,-0.0007402989,-0.007262332209
3.38,0.0002930732,0.0002930732,0.002875048092
3.4,0.0008705044,0.0008705044,0.008539648164000001
3.42,0.001048095,0.001048095,0.01028181195
3.44,-0.0007102759,-0.0007102759,-0.006967806579000001
3.46,-0.001850527,-0.001850527,-0.01815366987
3.48,-0.00075392,-0.00075392,-0.007395955200000001
3.5,0.003304767,0.003304767,0.032419764270000005
3.52,0.005046012,0.005046012,0.04950137772
3.54,-0.002422323,-0.002422323,-0.023762988630000002
3.56,-0.005317999,-0.005317999,-0.05216957019000001
3.58,0.0006837839,0.0006837839,0.006707920059
3.6,0.005362626,0.005362626,0.052607361059999996
3.62,0.005695247,0.005695247,0.05587037307
3.64,0.002091688,0.002091688,0.02051945928
3.66,-0.006233453,-0.006233453,-0.06115017393
3.68,-0.009102614,-0.009102614,-0.08929664334000001
3.7,-0.000586537,-0.000586537,-0.00575392797
3.72,-0.0002059803,-0.0002059803,-0.002020666743
3.74,-0.006475824,-0.006475824,-0.06352783344
3.7600000000000002,-0.007534489,-0.007534489,-0.07391333709
3.7800000000000002,-0.001789755,-0.001789755,-0.017557496550000003
3.8000000000000003,0.002379078,0.002379078,0.023338755180000004
3.8200000000000003,0.00567071,0.00567071,0.0556296651
3.84,0.006208342,0.006208342,0.060903835020000005
3.86,0.001595993,0.001595993,0.01565669133
3.88,-0.002769517,-0.002769517,-0.02716896177
3.9,-0.000364268,-0.000364268,-0.0035734690800000002
3.92,-0.00136888,-0.00136888,-0.013428712800000001
3.94,-0.008645472,-0.008645472,-0.08481208032
3.96,-0.006842026,-0.006842026,-0.06712027506000001
3.98,-0.00381968,-0.00381968,-0.037471060800000004
4.0,-0.003229015,-0.003229015,-0.03167663715
4.0200000000000005,-0.0007156511,-0.0007156511,-0.0070205372910000004
4.04,0.002517832,0.002517832,0.024699931919999998
4.0600000000000005,-0.001755885,-0.001755885,-0.01722523185
4.08,-0.0007011237,-0.0007011237,-0.006878023497000001
4.1,0.001377717,0.001377717,0.013515403770000002
4.12,-0.0002021827,-0.0002021827,-0.001983412287
4.14,0.003224077,0.003224077,0.03162819537
4.16,0.005844534,0.005844534,0.05733487854
4.18,0.007536793,0.007536793,0.07393593933
4.2,0.003899549,0.003899549,0.03825457569
4.22,0.01020322,0.01020322,0.10009358820000001
4.24,0.00730038,0.00730038,0.0716167278
4.26,0.008558115,0.008558115,0.08395510815
4.28,0.01804725,0.01804725,0.17704352250000002
4.3,0.02294434,0.02294434,0.22508397540000002
4.32,0.01973856,0.01973856,0.1936352736
4.34,0.01170613,0.01170613,0.1148371353
4.36,0.008347336,0.008347336,0.08188736616
4.38,0.002213127,0.002213127,0.02171077587
4.4,-0.0008090639,-0.0008090639,-0.007936916859
4.42,-0.007227855,-0.007227855,-0.07090525755
4.44,-0.01636699,-0.01636699,-0.16056017190000002
4.46,-0.02246652,-0.02246652,-0.2203965612
4.48,-0.01977263,-0.01977263,-0.19396950030000001
4.5,-0.01239695,-0.01239695,-0.12161407950000001
4.5200000000000005,-0.004254224,-0.004254224,-0.04173393744
4.54,-0.00536392,-0.00536392,-0.05262005520000001
4.5600000000000005,-0.01030371,-0.01030371,-0.10107939510000001
4.58,-0.008079034,-0.008079034,-0.07925532354
4.6000000000000005,-0.001273532,-0.001273532,-0.012493348920000001
4.62,-0.002155771,-0.002155771,-0.02114811351
4.64,-0.00510147,-0.00510147,-0.0500454207
4.66,0.001413329,0.001413329,0.01386475749
4.68,0.004777348,0.004777348,0.04686578388
4.7,0.01213467,0.01213467,0.1190411127
4.72,0.02338634,0.02338634,0.2294199954
4.74,0.0298379,0.0298379,0.292709799
4.76,0.02940038,0.02940038,0.2884177278
4.78,0.0179897,0.0179897,0.17647895700000002
4.8,0.007838707,0.007838707,0.07689771567
4.82,-0.004403278,-0.004403278,-0.04319615718
4.84,-0.007076644,-0.007076644,-0.06942187764
4.86,-0.005162052,-0.005162052,-0.050639730120000004
4.88,-0.0128732,-0.0128732,-0.126286092
4.9,-0.01199288,-0.01199288,-0.1176501528
4.92,-0.004564177,-0.004564177,-0.04477457637
4.94,-0.007274267,-0.007274267,-0.07136055927
4.96,-0.01673676,-0.01673676,-0.1641876156
4.98,-0.01849927,-0.01849927,-0.18147783870000003
5.0,-0.01110319,-0.01110319,-0.10892229390000001
5.0200000000000005,-0.004985192,-0.004985192,-0.04890473352000001
5.04,0.001562235,0.001562235,0.01532552535
5.0600000000000005,-0.003803939,-0.003803939,-0.037316641590000005
5.08,-0.008786593,-0.008786593,-0.08619647733000001
5.1000000000000005,-0.002131048,-0.002131048,-0.02090558088
5.12,0.001839856,0.001839856,0.01804898736
5.14,0.0003200999,0.0003200999,0.003140180019
5.16,-0.008713996,-0.008713996,-0.08548430076
5.18,-0.02065306,-0.02065306,-0.2026065186
5.2,-0.02843765,-0.02843765,-0.2789733465
5.22,-0.01639141,-0.01639141,-0.16079973209999998
5.24,-0.006742171,-0.006742171,-0.06614069751
5.26,-0.00141977,-0.00141977,-0.013927943700000002
5.28,0.009981828,0.009981828,0.09792173268
5.3,0.01304901,0.01304901,0.1280107881
5.32,0.002760305,0.002760305,0.02707859205
5.34,-0.01010288,-0.01010288,-0.0991092528
5.36,-0.0099274,-0.0099274,-0.097387794
5.38,0.006767997,0.006767997,0.06639405057
5.4,0.01740255,0.01740255,0.17071901550000002
5.42,0.01743319,0.01743319,0.17101959390000002
5.44,0.0187786,0.0187786,0.184218066
5.46,0.01768621,0.01768621,0.1735017201
5.48,0.02796887,0.02796887,0.2743746147
5.5,0.02807702,0.02807702,0.27543556620000004
5.5200000000000005,0.009526315,0.009526315,0.09345315015000001
5.54,-0.01163865,-0.01163865,-0.11417515650000001
5.5600000000000005,-0.01806667,-0.01806667,-0.17723403270000002
5.58,-0.00585111,-0.00585111,-0.057399389099999996
5.6000000000000005,0.008119859,0.008119859,0.07965581679
5.62,0.01727643,0.01727643,0.1694817783
5.64,0.01371564,0.01371564,0.1345504284
5.66,0.02085261,0.02085261,0.2045641041
5.68,0.02626475,0.02626475,0.2576571975
5.7,0.009321562,0.009321562,0.09144452322
5.72,-0.01579999,-0.01579999,-0.1549979019
5.74,-0.03261875,-0.03261875,-0.31998993750000004
5.76,-0.02521351,-0.02521351,-0.2473445331
5.78,-0.009847194,-0.009847194,-0.09660097314
5.8,-0.009472829,-0.009472829,-0.09292845249000001
5.82,-0.02158735,-0.02158735,-0.21177190350000002
5.84,-0.02794192,-0.02794192,-0.2741102352
5.86,-0.01497158,-0.01497158,-0.14687119980000002
5.88,0.003910683,0.003910683,0.03836380023
5.9,0.02397308,0.02397308,0.23517591480000002
5.92,0.027742,0.027742,0.27214902
5.94,0.01589167,0.01589167,0.1558972827
5.96,0.004154548,0.004154548,0.040756115880000006
5.98,-0.0004303311,-0.0004303311,-0.004221548091
6.0,0.002089088,0.002089088,0.020493953279999998
6.0200000000000005,0.007596087,0.007596087,0.07451761347
6.04,0.01959742,0.01959742,0.19225069020000002
6.0600000000000005,0.01396705,0.01396705,0.1370167605
6.08,0.005390901,0.005390901,0.052884738810000005
6.1000000000000005,0.009180218,0.009180218,0.09005793858000001
6.12,0.01180877,0.01180877,0.1158440337
6.140000000000001,0.00498601,0.00498601,0.0489127581
6.16,-0.009511233,-0.009511233,-0.09330519573
6.18,-0.02631878,-0.02631878,-0.2581872318
6.2,-0.03820686,-0.03820686,-0.37480929660000006
6.22,-0.01692149,-0.01692149,-0.1659998169
6.24,0.01605207,0.01605207,0.15747080670000002
6.26,0.01861636,0.01861636,0.1826264916
6.28,0.00324701,0.00324701,0.0318531681
6.3,-0.02041086,-0.02041086,-0.2002305366
6.32,-0.02516711,-0.02516711,-0.24688934910000002
6.34,-0.01768539,-0.01768539,-0.1734936759
6.36,-0.01524248,-0.01524248,-0.1495287288
6.38,-0.01180711,-0.01180711,-0.1158277491
6.4,-0.01599114,-0.01599114,-0.15687308340000003
6.42,-0.01243032,-0.01243032,-0.1219414392
6.44,0.003074715,0.003074715,0.03016295415
6.46,0.01630412,0.01630412,0.1599434172
6.48,0.01175289,0.01175289,0.11529585090000001
6.5,-0.001492821,-0.001492821,-0.014644574010000001
6.5200000000000005,-0.01104409,-0.01104409,-0.1083425229
6.54,-0.01283113,-0.01283113,-0.1258733853
6.5600000000000005,-0.00457218,-0.00457218,-0.044853085800000005
6.58,-0.001685574,-0.001685574,-0.01653548094
6.6000000000000005,0.001163292,0.001163292,0.01141189452
6.62,0.01055342,0.01055342,0.10352905020000001
6.640000000000001,0.0148007,0.0148007,0.145194867
6.66,0.02364921,0.02364921,0.2319987501
6.68,0.02560149,0.02560149,0.2511506169
6.7,0.01587274,0.01587274,0.1557115794
6.72,0.005989957,0.005989957,0.05876147817
6.74,0.007515879,0.007515879,0.07373077299
6.76,0.01683052,0.01683052,0.16510740120000003
6.78,0.01922752,0.01922752,0.18862197120000002
6.8,0.007059944,0.007059944,0.06925805064000001
6.82,0.007123186,0.007123186,0.06987845466
6.84,0.009171347,0.009171347,0.08997091407
6.86,-0.006675373,-0.006675373,-0.06548540913
6.88,-0.02549437,-0.02549437,-0.2500997697
6.9,-0.03324229,-0.03324229,-0.3261068649
6.92,-0.02127872,-0.02127872,-0.2087442432
6.94,-0.006549915,-0.006549915,-0.06425466615
6.96,0.0003860826,0.0003860826,0.003787470306
6.98,-0.009884299,-0.009884299,-0.09696497319
7.0,-0.0183809,-0.0183809,-0.180316629
7.0200000000000005,-0.02169999,-0.02169999,-0.2128769019
7.04,-0.01420809,-0.01420809,-0.1393813629
7.0600000000000005,-0.0001259712,-0.0001259712,-0.001235777472
7.08,0.01058505,0.01058505,0.1038393405
7.1000000000000005,0.008369601,0.008369601,0.08210578581000001
7.12,-0.006941624,-0.006941624,-0.06809733144
7.140000000000001,-0.02134607,-0.02134607,-0.20940494670000004
7.16,-0.01685195,-0.01685195,-0.1653176295
7.18,0.0001749,0.0001749,0.001715769
7.2,0.01433555,0.01433555,0.14063174550000002
7.22,0.03055253,0.03055253,0.29972031930000004
7.24,0.02909698,0.02909698,0.2854413738
7.26,0.02790766,0.02790766,0.27377414460000005
7.28,0.03137768,0.03137768,0.3078150408
7.3,0.01811972,0.01811972,0.1777544532
7.32,0.00242497,0.00242497,0.0237889557
7.34,-0.002850478,-0.002850478,-0.02796318918
7.36,0.007176113,0.007176113,0.07039766853
7.38,0.01927229,0.01927229,0.18906116490000002
7.4,0.02675499,0.02675499,0.2624664519
7.42,0.0182849,0.0182849,0.17937486900000002
7.44,0.01470776,0.01470776,0.1442831256
7.46,0.02339202,0.02339202,0.2294757162
7.48,0.01557473,0.01557473,0.1527881013
7.5,0.002466702,0.002466702,0.02419834662
7.5200000000000005,-0.01076475,-0.01076475,-0.10560219750000001
7.54,-0.02415532,-0.02415532,-0.23696368920000002
7.5600000000000005,-0.03674621,-0.03674621,-0.36048032010000003
7.58,-0.03421051,-0.03421051,-0.3356051031
7.6000000000000005,-0.01810268,-0.01810268,-0.1775872908
7.62,-0.00163785,-0.00163785,-0.0160673085
7.640000000000001,0.01340101,0.01340101,0.1314639081
7.66,0.01755547,0.01755547,0.1722191607
7.68,0.009505608,0.009505608,0.09325001448
7.7,-0.009091045,-0.009091045,-0.08918315145000001
7.72,-0.02867607,-0.02867607,-0.28131224670000005
7.74,-0.04805916,-0.04805916,-0.4714603596
7.76,-0.04859365,-0.04859365,-0.47670370650000005
7.78,-0.03627717,-0.03627717,-0.3558790377
7.8,-0.02289988,-0.02289988,-0.2246478228
7.82,-0.01234494,-0.01234494,-0.12110386140000001
7.84,-0.01362811,-0.01362811,-0.1336917591
7.86,-0.004699049,-0.004699049,-0.04609767069
7.88,0.002170634,0.002170634,0.02129391954
7.9,0.006941157,0.006941157,0.06809275017000001
7.92,0.0138649,0.0138649,0.136014669
7.94,0.01398932,0.01398932,0.1372352292
7.96,0.003337444,0.003337444,0.032740325640000005
7.98,0.001029166,0.001029166,0.010096118460000001
8.0,0.01780611,0.01780611,0.1746779391
8.02,0.03315198,0.03315198,0.3252209238
8.040000000000001,0.04174037,0.04174037,0.4094730297
8.06,0.02999199,0.02999199,0.2942214219
8.08,0.01600267,0.01600267,0.1569861927
8.1,0.007888551,0.007888551,0.07738668531000001
8.120000000000001,-0.0008630682,-0.0008630682,-0.008466699042
8.14,-0.01281443,-0.01281443,-0.1257095583
8.16,-0.007267689,-0.007267689,-0.07129602909
8.18,0.00298737,0.00298737,0.0293060997
8.2,-0.00224321,-0.00224321,-0.022005890099999998
8.22,-0.01553893,-0.01553893,-0.1524369033
8.24,-0.02284318,-0.02284318,-0.22409159580000002
8.26,-0.03291365,-0.03291365,-0.32288290650000007
8.28,-0.04290152,-0.04290152,-0.4208639112
8.3,-0.03830439,-0.03830439,-0.3757660659
8.32,-0.02278512,-0.02278512,-0.2235220272
8.34,0.001781556,0.001781556,0.01747706436
8.36,0.02598818,0.02598818,0.2549440458
8.38,0.04527023,0.04527023,0.4441009563
8.4,0.02972744,0.02972744,0.29162618640000004
8.42,0.001310223,0.001310223,0.01285328763
8.44,-0.02474672,-0.02474672,-0.24276532320000002
8.46,-0.03495388,-0.03495388,-0.3428975628
8.48,-0.03226825,-0.03226825,-0.3165515325
8.5,-0.01759558,-0.01759558,-0.1726126398
8.52,0.003102241,0.003102241,0.03043298421
8.540000000000001,0.01389688,0.01389688,0.1363283928
8.56,0.005740932,0.005740932,0.05631854292
8.58,-0.01347589,-0.01347589,-0.13219848090000003
8.6,-0.02910028,-0.02910028,-0.2854737468
8.620000000000001,-0.04122607,-0.04122607,-0.4044277467
8.64,-0.03209403,-0.03209403,-0.31484243430000003
8.66,-0.01093925,-0.01093925,-0.1073140425
8.68,0.01220962,0.01220962,0.1197763722
8.700000000000001,0.03075115,0.03075115,0.30166878150000004
8.72,0.03951598,0.03951598,0.3876517638
8.74,0.03995456,0.03995456,0.39195423360000003
8.76,0.03704447,0.03704447,0.36340625070000004
8.78,0.02663942,0.02663942,0.26133271020000004
8.8,0.01326414,0.01326414,0.13012121340000002
8.82,0.003837266,0.003837266,0.03764357946000001
8.84,-0.004271762,-0.004271762,-0.041905985220000004
8.86,-0.00219813,-0.00219813,-0.0215636553
8.88,0.006718682,0.006718682,0.06591027042
8.9,0.01385253,0.01385253,0.1358933193
8.92,0.01770402,0.01770402,0.1736764362
8.94,0.01083531,0.01083531,0.10629439110000001
8.96,-0.002266613,-0.002266613,-0.022235473529999997
8.98,-0.008621242,-0.008621242,-0.08457438402
9.0,-0.01538081,-0.01538081,-0.1508857461
9.02,-0.01085204,-0.01085204,-0.10645851240000001
9.040000000000001,0.004992608,0.004992608,0.04897748448
9.06,0.02058633,0.02058633,0.20195189730000002
9.08,0.02795071,0.02795071,0.2741964651
9.1,0.0175222,0.0175222,0.17189278200000002
9.120000000000001,0.002461867,0.002461867,0.02415091527
9.14,-0.003622463,-0.003622463,-0.03553636203
9.16,0.001397947,0.001397947,0.013713860070000002
9.18,0.01752309,0.01752309,0.17190151290000003
9.200000000000001,0.03145014,0.03145014,0.30852587340000004
9.22,0.04438372,0.04438372,0.4354042932
9.24,0.04034244,0.04034244,0.39575933640000005
9.26,0.02276781,0.02276781,0.2233522161
9.28,0.003211318,0.003211318,0.03150302958
9.3,-0.01298632,-0.01298632,-0.12739579920000002
9.32,-0.01721017,-0.01721017,-0.16883176770000002
9.34,-0.01237132,-0.01237132,-0.1213626492
9.36,0.0006285499,0.0006285499,0.006166074519000001
9.38,0.01117226,0.01117226,0.10959987060000001
9.4,0.01241765,0.01241765,0.12181714650000001
9.42,0.002859192,0.002859192,0.02804867352
9.44,-0.009551181,-0.009551181,-0.09369708561000001
9.46,-0.01844357,-0.01844357,-0.1809314217
9.48,-0.01969005,-0.01969005,-0.19315939050000003
9.5,-0.01250418,-0.01250418,-0.1226660058
9.52,-0.01856506,-0.01856506,-0.18212323860000001
9.540000000000001,-0.02312245,-0.02312245,-0.2268312345
9.56,0.001517659,0.001517659,0.014888234790000001
9.58,0.03141178,0.03141178,0.3081495618
9.6,0.05425159,0.05425159,0.5322080979
9.620000000000001,0.04331817,0.04331817,0.42495124770000003
9.64,0.02134632,0.02134632,0.20940739919999998
9.66,0.002111129,0.002111129,0.02071017549
9.68,-0.003633546,-0.003633546,-0.03564508626
9.700000000000001,-0.001174361,-0.001174361,-0.011520481410000002
9.72,-0.003195015,-0.003195015,-0.03134309715
9.74,-0.01513925,-0.01513925,-0.1485160425
9.76,-0.0378965,-0.0378965,-0.371764665
9.78,-0.06120354,-0.06120354,-0.6004067274
9.8,-0.08148117,-0.08148117,-0.7993302777000001
9.82,-0.07243585,-0.07243585,-0.7105956885
9.84,-0.05459914,-0.05459914,-0.5356175634
9.86,-0.0208739,-0.0208739,-0.204772959
9.88,0.01445784,0.01445784,0.1418314104
9.9,0.03684884,0.03684884,0.36148712040000003
9.92,0.01896923,0.01896923,0.1860881463
9.94,-0.0521401,-0.0521401,-0.511494381
9.96,-0.08824099,-0.08824099,-0.8656441119000001
9.98,-0.1009543,-0.1009543,-0.990361683
10.0,-0.09279639,-0.09279639,-0.9103325859000001
10.02,-0.07420387,-0.07420387,-0.7279399647000001
10.040000000000001,-0.01036415,-0.01036415,-0.10167231150000001
10.06,0.0428329,0.0428329,0.42019074900000003
10.08,0.05521974,0.05521974,0.5417056494000001
10.1,0.06257391,0.06257391,0.6138500571
10.120000000000001,0.04710863,0.04710863,0.46213566030000003
10.14,0.03217885,0.03217885,0.31567451850000006
10.16,0.01400854,0.01400854,0.1374237774
10.18,0.01106273,0.01106273,0.1085253813
10.200000000000001,0.01982551,0.01982551,0.1944882531
10.22,0.02943592,0.02943592,0.28876637520000004
10.24,0.02700828,0.02700828,0.2649512268
10.26,0.01754775,0.01754775,0.17214342750000003
10.28,0.01435307,0.01435307,0.14080361670000002
10.3,0.01518739,0.01518739,0.1489882959
10.32,0.01798624,0.01798624,0.17644501440000002
10.34,0.02679389,0.02679389,0.2628480609
10.36,0.02798215,0.02798215,0.2745048915
10.38,0.0161083,0.0161083,0.158022423
10.4,0.004914782,0.004914782,0.04821401142000001
10.42,-0.0008819155,-0.0008819155,-0.008651591055000001
10.44,-0.006168614,-0.006168614,-0.06051410334000001
10.46,-0.002855692,-0.002855692,-0.02801433852
10.48,-0.00754263,-0.00754263,-0.0739932003
10.5,-0.01503457,-0.01503457,-0.14748913170000003
10.52,-0.01137281,-0.01137281,-0.1115672661
10.540000000000001,-0.009898945,-0.009898945,-0.09710865045
10.56,-0.0106599,-0.0106599,-0.104573619
10.58,-0.02106394,-0.02106394,-0.2066372514
10.6,-0.02403933,-0.02403933,-0.2358258273
10.620000000000001,-0.01021938,-0.01021938,-0.10025211780000001
10.64,0.0134048,0.0134048,0.13150108800000002
10.66,0.04181176,0.04181176,0.41017336560000006
10.68,0.06580314,0.06580314,0.6455288034
10.700000000000001,0.075845,0.075845,0.74403945
10.72,0.06320614,0.06320614,0.6200522333999999
10.74,0.02843737,0.02843737,0.2789705997
10.76,-0.01594185,-0.01594185,-0.1563895485
10.78,-0.04769959,-0.04769959,-0.46793297790000005
10.8,-0.05227535,-0.05227535,-0.5128211835
10.82,-0.02679885,-0.02679885,-0.2628967185
10.84,0.006523491,0.006523491,0.06399544671
10.86,0.03537313,0.03537313,0.34701040530000005
10.88,0.04101165,0.04101165,0.40232428649999996
10.9,-0.002004848,-0.002004848,-0.01966755888
10.92,-0.04480715,-0.04480715,-0.4395581415
10.94,-0.0453896,-0.0453896,-0.44527197600000007
10.96,-0.02641663,-0.02641663,-0.2591471403
10.98,-0.005493406,-0.005493406,-0.053890312860000004
11.0,0.002225914,0.002225914,0.02183621634
11.02,0.001257894,0.001257894,0.012339940140000002
11.040000000000001,0.007859295,0.007859295,0.07709968395000001
11.06,0.02407216,0.02407216,0.2361478896
11.08,0.04206491,0.04206491,0.4126567671
11.1,0.06036469,0.06036469,0.5921776089
11.120000000000001,0.0725659,0.0725659,0.711871479
11.14,0.07198241,0.07198241,0.7061474421
11.16,0.06149269,0.06149269,0.6032432889
11.18,0.03845596,0.03845596,0.3772529676
11.200000000000001,-0.001478104,-0.001478104,-0.014500200240000002
11.22,-0.04124693,-0.04124693,-0.4046323833
11.24,-0.06757112,-0.06757112,-0.6628726872
11.26,-0.06741408,-0.06741408,-0.6613321248
11.28,-0.04599718,-0.04599718,-0.4512323358
11.3,-0.01907637,-0.01907637,-0.18713918969999999
11.32,0.002905615,0.002905615,0.02850408315
11.34,0.01715701,0.01715701,0.16831026810000002
11.36,0.02131653,0.02131653,0.20911515930000002
11.38,0.01110018,0.01110018,0.1088927658
11.4,-0.02166023,-0.02166023,-0.2124868563
11.42,-0.06695235,-0.06695235,-0.6568025534999999
11.44,-0.09259518,-0.09259518,-0.9083587158
11.46,-0.1010469,-0.1010469,-0.991270089
11.48,-0.08250849,-0.08250849,-0.8094082869000001
11.5,-0.04946868,-0.04946868,-0.48528775080000003
11.52,-0.009910067,-0.009910067,-0.09721775727
11.540000000000001,0.01054906,0.01054906,0.10348627860000001
11.56,0.002055472,0.002055472,0.020164180320000002
11.58,-0.01272029,-0.01272029,-0.1247860449
11.6,-0.0167789,-0.0167789,-0.164601009
11.620000000000001,0.005029671,0.005029671,0.04934107251000001
11.64,0.02902207,0.02902207,0.28470650670000003
11.66,0.04863357,0.04863357,0.4770953217
11.68,0.04567655,0.04567655,0.44808695550000005
11.700000000000001,0.03247668,0.03247668,0.31859623080000005
11.72,0.01905651,0.01905651,0.1869443631
11.74,0.01537121,0.01537121,0.1507915701
11.76,0.02257135,0.02257135,0.22142494350000003
11.78,0.03205833,0.03205833,0.31449221730000004
11.8,0.0352825,0.0352825,0.34612132500000004
11.82,0.02455615,0.02455615,0.2408958315
11.84,0.009154107,0.009154107,0.08980178967
11.86,-0.007021093,-0.007021093,-0.06887692233
11.88,-0.02070239,-0.02070239,-0.20309044590000003
11.9,-0.02716516,-0.02716516,-0.2664902196
11.92,-0.02372677,-0.02372677,-0.23275961370000003
11.94,-0.0219918,-0.0219918,-0.215739558
11.96,-0.02687661,-0.02687661,-0.2636595441
11.98,-0.02424506,-0.02424506,-0.2378440386
12.0,-0.01127681,-0.01127681,-0.1106255061
12.02,0.003240804,0.003240804,0.03179228724
12.040000000000001,0.01134772,0.01134772,0.1113211332
12.06,0.004940043,0.004940043,0.04846182183
12.08,-0.009043177,-0.009043177,-0.08871356637
12.1,-0.01847413,-0.01847413,-0.1812312153
12.120000000000001,-0.01317324,-0.01317324,-0.1292294844
12.14,-0.005787458,-0.005787458,-0.05677496298
12.16,0.004383942,0.004383942,0.043006471020000006
12.18,0.015303,0.015303,0.15012243
12.200000000000001,0.02699522,0.02699522,0.2648231082
12.22,0.03217678,0.03217678,0.31565421180000003
12.24,0.02307936,0.02307936,0.22640852160000002
12.26,0.01081586,0.01081586,0.10610358660000001
12.280000000000001,-0.005080879,-0.005080879,-0.049843422990000004
12.3,-0.00487998,-0.00487998,-0.0478726038
12.32,-0.002057679,-0.002057679,-0.020185830990000004
12.34,0.003022901,0.003022901,0.02965465881
12.36,0.01123182,0.01123182,0.11018415420000001
12.38,0.01096556,0.01096556,0.1075721436
12.4,0.009285581,0.009285581,0.09109154961
12.42,0.01171212,0.01171212,0.1148958972
12.44,0.02414792,0.02414792,0.2368910952
12.46,0.03568,0.03568,0.3500208000000001
12.48,0.03540151,0.03540151,0.3472888131
12.5,0.02115308,0.02115308,0.20751171480000002
12.52,0.003780401,0.003780401,0.03708573381
12.540000000000001,-0.013425,-0.013425,-0.13169925
12.56,-0.03132298,-0.03132298,-0.30727843380000003
12.58,-0.03615374,-0.03615374,-0.3546681894
12.6,-0.0340842,-0.0340842,-0.33436600200000005
12.620000000000001,-0.03711669,-0.03711669,-0.3641147289
12.64,-0.02198402,-0.02198402,-0.2156632362
12.66,-0.002670356,-0.002670356,-0.026196192360000002
12.68,0.01889342,0.01889342,0.1853444502
12.700000000000001,0.03331312,0.03331312,0.3268017072
12.72,0.03152095,0.03152095,0.3092205195
12.74,0.0330713,0.0330713,0.324429453
12.76,0.03897604,0.03897604,0.38235495240000006
12.780000000000001,0.04920151,0.04920151,0.4826668131
12.8,0.04396988,0.04396988,0.4313445228000001
12.82,0.02672981,0.02672981,0.26221943610000004
12.84,0.00635425,0.00635425,0.0623351925
12.86,-0.01453947,-0.01453947,-0.14263220070000002
12.88,-0.02803105,-0.02803105,-0.2749846005
12.9,-0.02429993,-0.02429993,-0.2383823133
12.92,-0.01813814,-0.01813814,-0.17793515340000002
12.94,-0.02074735,-0.02074735,-0.20353150350000002
12.96,-0.0240379,-0.0240379,-0.23581179900000002
12.98,-0.0267287,-0.0267287,-0.262208547
13.0,-0.02795682,-0.02795682,-0.2742564042
13.02,-0.02275792,-0.02275792,-0.22325519520000003
13.040000000000001,-0.0150437,-0.0150437,-0.147578697
13.06,-0.01869942,-0.01869942,-0.1834413102
13.08,-0.02874543,-0.02874543,-0.2819926683
13.1,-0.03383732,-0.03383732,-0.3319441092
13.120000000000001,-0.02005715,-0.02005715,-0.1967606415
13.14,-0.003858572,-0.003858572,-0.03785259132
13.16,0.01356707,0.01356707,0.13309295670000001
13.18,0.01919335,0.01919335,0.1882867635
13.200000000000001,0.007805012,0.007805012,0.07656716772000001
13.22,0.008432274,0.008432274,0.08272060794000001
13.24,0.005071336,0.005071336,0.04974980616
13.26,-0.008149941,-0.008149941,-0.07995092121000001
13.280000000000001,-0.02411298,-0.02411298,-0.2365483338
13.3,-0.03159471,-0.03159471,-0.3099441051
13.32,-0.02538091,-0.02538091,-0.2489867271
13.34,-0.01466484,-0.01466484,-0.1438620804
13.36,-0.001629271,-0.001629271,-0.015983148510000003
13.38,0.008704311,0.008704311,0.08538929091
13.4,0.006206293,0.006206293,0.06088373433
13.42,-0.006685525,-0.006685525,-0.06558500025000001
13.44,-0.0196977,-0.0196977,-0.193234437
13.46,-0.03181738,-0.03181738,-0.3121284978
13.48,-0.04260596,-0.04260596,-0.4179644676
13.5,-0.04864133,-0.04864133,-0.47717144730000005
13.52,-0.04810077,-0.04810077,-0.4718685537
13.540000000000001,-0.04554673,-0.04554673,-0.4468134213
13.56,-0.0391126,-0.0391126,-0.383694606
13.58,-0.02834552,-0.02834552,-0.2780695512
13.6,-0.02352912,-0.02352912,-0.23082066720000002
13.620000000000001,-0.0284119,-0.0284119,-0.278720739
13.64,-0.03813049,-0.03813049,-0.3740601069
13.66,-0.03207479,-0.03207479,-0.3146536899
13.68,-0.01462569,-0.01462569,-0.1434780189
13.700000000000001,0.008804694,0.008804694,0.08637404814
13.72,0.03670268,0.03670268,0.36005329080000004
13.74,0.05611222,0.05611222,0.5504608782
13.76,0.07241892,0.07241892,0.7104296052
13.780000000000001,0.07014428,0.07014428,0.6881153868000001
13.8,0.05840711,0.05840711,0.5729737491
13.82,0.04369561,0.04369561,0.4286539341
13.84,0.02801206,0.02801206,0.2747983086
13.86,0.01767433,0.01767433,0.1733851773
13.88,0.01790277,0.01790277,0.1756261737
13.9,0.03085265,0.03085265,0.3026644965
13.92,0.04355977,0.04355977,0.4273213437
13.94,0.05507859,0.05507859,0.5403209679
13.96,0.05452776,0.05452776,0.5349173256
13.98,0.04586793,0.04586793,0.44996439330000004
14.0,0.03543533,0.03543533,0.3476205873
14.02,0.02955092,0.02955092,0.28989452520000003
14.040000000000001,0.02657044,0.02657044,0.2606560164
14.06,0.03226608,0.03226608,0.3165302448
14.08,0.03789543,0.03789543,0.3717541683
14.1,0.03038411,0.03038411,0.29806811910000003
14.120000000000001,0.01785032,0.01785032,0.1751116392
14.14,0.007173944,0.007173944,0.07037639064000001
14.16,0.005004369,0.005004369,0.04909285989
14.18,0.0009916538,0.0009916538,0.009728123778
14.200000000000001,0.003633419,0.003633419,0.03564384039
14.22,0.01477383,0.01477383,0.1449312723
14.24,0.02650991,0.02650991,0.26006221710000005
14.26,0.02974633,0.02974633,0.29181149730000006
14.280000000000001,0.02818876,0.02818876,0.2765317356
14.3,0.02217175,0.02217175,0.2175048675
14.32,0.006018991,0.006018991,0.05904630171
14.34,-0.01155156,-0.01155156,-0.1133208036
14.36,-0.03111214,-0.03111214,-0.3052100934
14.38,-0.04795849,-0.04795849,-0.4704727869
14.4,-0.05888782,-0.05888782,-0.5776895142
14.42,-0.06125222,-0.06125222,-0.6008842782
14.44,-0.05308919,-0.05308919,-0.5208049539
14.46,-0.04237005,-0.04237005,-0.4156501905
14.48,-0.03079104,-0.03079104,-0.30206010240000003
14.5,-0.02107863,-0.02107863,-0.20678136030000002
14.52,-0.01664065,-0.01664065,-0.1632447765
14.540000000000001,-0.01931716,-0.01931716,-0.1895013396
14.56,-0.02847578,-0.02847578,-0.2793474018
14.58,-0.03705197,-0.03705197,-0.3634798257
14.6,-0.04148798,-0.04148798,-0.40699708380000005
14.620000000000001,-0.04010387,-0.04010387,-0.39341896470000004
14.64,-0.03177969,-0.03177969,-0.3117587589
14.66,-0.02298936,-0.02298936,-0.2255256216
14.68,-0.02106058,-0.02106058,-0.2066042898
14.700000000000001,-0.01426537,-0.01426537,-0.1399432797
14.72,-0.005045619,-0.005045619,-0.04949752239000001
14.74,-0.002739431,-0.002739431,-0.026873818110000003
14.76,0.001508836,0.001508836,0.01480168116
14.780000000000001,0.01229122,0.01229122,0.1205768682
14.8,0.02541655,0.02541655,0.2493363555
14.82,0.03443128,0.03443128,0.3377708568
14.84,0.02932818,0.02932818,0.2877094458
14.86,0.01936173,0.01936173,0.18993857130000003
14.88,0.01532149,0.01532149,0.1503038169
14.9,0.01303155,0.01303155,0.1278395055
14.92,0.01796424,0.01796424,0.1762291944
14.94,0.02719113,0.02719113,0.2667449853
14.96,0.03696881,0.03696881,0.3626640261
14.98,0.03570296,0.03570296,0.3502460376
15.0,0.02359043,0.02359043,0.2314221183
15.02,0.009956061,0.009956061,0.09766895841
15.040000000000001,-0.00392719,-0.00392719,-0.0385257339
15.06,-0.0144679,-0.0144679,-0.141930099
15.08,-0.02423851,-0.02423851,-0.23777978310000003
15.1,-0.02911006,-0.02911006,-0.28556968860000004
15.120000000000001,-0.03080126,-0.03080126,-0.3021603606
15.14,-0.02606339,-0.02606339,-0.2556818559
15.16,-0.01503823,-0.01503823,-0.1475250363
15.18,-0.003564285,-0.003564285,-0.03496563585
15.200000000000001,0.01057697,0.01057697,0.10376007570000001
15.22,0.02248748,0.02248748,0.22060217880000002
15.24,0.02675614,0.02675614,0.2624777334
15.26,0.02202841,0.02202841,0.21609870209999998
15.280000000000001,0.01147138,0.01147138,0.1125342378
15.3,0.002766673,0.002766673,0.02714106213
15.32,0.005219743,0.005219743,0.051205678830000004
15.34,0.01598683,0.01598683,0.15683080230000002
15.36,0.02392853,0.02392853,0.2347388793
15.38,0.02303294,0.02303294,0.2259531414
15.4,0.02284931,0.02284931,0.22415173110000003
15.42,0.02058182,0.02058182,0.2019076542
15.44,0.01432205,0.01432205,0.1404993105
15.46,0.008868077,0.008868077,0.08699583537000001
15.48,0.008166288,0.008166288,0.08011128528000001
15.5,0.00847838,0.00847838,0.08317290780000001
15.52,0.004730871,0.004730871,0.046409844510000006
15.540000000000001,0.001302622,0.001302622,0.01277872182
15.56,0.003976013,0.003976013,0.03900468753
15.58,0.01348647,0.01348647,0.1323022707
15.6,0.0183702,0.0183702,0.180211662
15.620000000000001,0.01500315,0.01500315,0.14718090150000002
15.64,0.006218879,0.006218879,0.06100720299
15.66,0.004199251,0.004199251,0.04119465231
15.68,0.008097663,0.008097663,0.07943807403
15.700000000000001,0.01139019,0.01139019,0.11173776390000001
15.72,0.008103727,0.008103727,0.07949756187
15.74,-0.00211058,-0.00211058,-0.0207047898
15.76,-0.01348055,-0.01348055,-0.13224419550000002
15.780000000000001,-0.02691296,-0.02691296,-0.26401613760000003
15.8,-0.03971092,-0.03971092,-0.3895641252
15.82,-0.04509348,-0.04509348,-0.4423670388
15.84,-0.05127981,-0.05127981,-0.5030549361000001
15.860000000000001,-0.05907366,-0.05907366,-0.5795126046
15.88,-0.06217959,-0.06217959,-0.6099817779000001
15.9,-0.05578014,-0.05578014,-0.5472031734
15.92,-0.04646348,-0.04646348,-0.45580673880000006
15.94,-0.04284863,-0.04284863,-0.4203450603
15.96,-0.03882068,-0.03882068,-0.38083087080000005
15.98,-0.03409096,-0.03409096,-0.3344323176
16.0,-0.02439079,-0.02439079,-0.2392736499
16.02,-0.01258636,-0.01258636,-0.1234721916
16.04,0.0001697368,0.0001697368,0.0016651180080000001
16.06,0.01409169,0.01409169,0.13823947890000002
16.080000000000002,0.02684064,0.02684064,0.2633066784
16.1,0.03703654,0.03703654,0.3633284574
16.12,0.03404179,0.03404179,0.33394995990000004
16.14,0.02918044,0.02918044,0.2862601164
16.16,0.0377117,0.0377117,0.36995177700000004
16.18,0.04718441,0.04718441,0.46287906210000007
16.2,0.04981191,0.04981191,0.4886548371
16.22,0.04073796,0.04073796,0.3996393876
16.240000000000002,0.02647018,0.02647018,0.25967246580000003
16.26,0.01268792,0.01268792,0.1244684952
16.28,0.001883031,0.001883031,0.01847253411
16.3,0.002526626,0.002526626,0.024786201060000002
16.32,0.001908482,0.001908482,0.01872220842
16.34,-0.001634003,-0.001634003,-0.01602956943
16.36,-0.002640767,-0.002640767,-0.025905924270000002
16.38,-0.005262191,-0.005262191,-0.051622093710000004
16.4,-0.008030495,-0.008030495,-0.07877915595000001
16.42,-0.0075399,-0.0075399,-0.073966419
16.44,-0.004565603,-0.004565603,-0.044788565429999996
16.46,0.0005486524,0.0005486524,0.005382280044
16.48,0.006056629,0.006056629,0.05941553049
16.5,0.005452765,0.005452765,0.05349162465
16.52,-0.004411679,-0.004411679,-0.04327857099
16.54,-0.01829186,-0.01829186,-0.17944314660000002
16.56,-0.03233626,-0.03233626,-0.3172187106
16.580000000000002,-0.04249855,-0.04249855,-0.41691077550000005
16.6,-0.05116653,-0.05116653,-0.5019436593000001
16.62,-0.05602073,-0.05602073,-0.5495633613
16.64,-0.05318312,-0.05318312,-0.5217264072000001
16.66,-0.04968862,-0.04968862,-0.48744536220000007
16.68,-0.04988856,-0.04988856,-0.4894067736
16.7,-0.04495791,-0.04495791,-0.4410370971
16.72,-0.03276281,-0.03276281,-0.3214031661
16.740000000000002,-0.01556971,-0.01556971,-0.15273885510000001
16.76,0.003716427,0.003716427,0.036458148870000005
16.78,0.02131548,0.02131548,0.20910485880000002
16.8,0.03361972,0.03361972,0.3298094532
16.82,0.03478556,0.03478556,0.3412463436
16.84,0.03638694,0.03638694,0.3569558814
16.86,0.04550266,0.04550266,0.44638109460000003
16.88,0.05123708,0.05123708,0.5026357548
16.9,0.04857893,0.04857893,0.4765593033
16.92,0.03771489,0.03771489,0.36998307090000004
16.94,0.02535043,0.02535043,0.24868771830000003
16.96,0.01825325,0.01825325,0.1790643825
16.98,0.009451649,0.009451649,0.09272067669
17.0,0.002066829,0.002066829,0.02027559249
17.02,-0.002494632,-0.002494632,-0.024472339920000002
17.04,-0.006169712,-0.006169712,-0.06052487472
17.06,-0.008629973,-0.008629973,-0.08466003513000002
17.080000000000002,-0.01183381,-0.01183381,-0.11608967610000001
17.1,-0.01219389,-0.01219389,-0.11962206090000001
17.12,-0.01338119,-0.01338119,-0.1312694739
17.14,-0.01653301,-0.01653301,-0.16218882810000002
17.16,-0.01662993,-0.01662993,-0.1631396133
17.18,-0.02025809,-0.02025809,-0.1987318629
17.2,-0.02595379,-0.02595379,-0.2546066799
17.22,-0.02977371,-0.02977371,-0.2920800951
17.240000000000002,-0.03280619,-0.03280619,-0.3218287239
17.26,-0.03611917,-0.03611917,-0.3543290577
17.28,-0.03347943,-0.03347943,-0.3284332083
17.3,-0.02372519,-0.02372519,-0.23274411390000002
17.32,-0.01132711,-0.01132711,-0.1111189491
17.34,-0.00577833,-0.00577833,-0.0566854173
17.36,-0.002957029,-0.002957029,-0.029008454490000002
17.38,0.004843912,0.004843912,0.04751877672
17.400000000000002,0.01294576,0.01294576,0.12699790560000002
17.42,0.0252245,0.0252245,0.24745234500000002
17.44,0.03895266,0.03895266,0.3821255946
17.46,0.05147926,0.05147926,0.5050115406
17.48,0.05730751,0.05730751,0.5621866731
17.5,0.05380685,0.05380685,0.5278451985000001
17.52,0.04245118,0.04245118,0.4164460758
17.54,0.03290702,0.03290702,0.3228178662
17.56,0.03192984,0.03192984,0.3132317304
17.580000000000002,0.03262546,0.03262546,0.3200557626
17.6,0.03254283,0.03254283,0.31924516230000005
17.62,0.02795281,0.02795281,0.2742170661
17.64,0.01947047,0.01947047,0.19100531070000001
17.66,0.00860542,0.00860542,0.08441917020000002
17.68,-0.001081537,-0.001081537,-0.01060987797
17.7,-0.009636294,-0.009636294,-0.09453204414000001
17.72,-0.01829611,-0.01829611,-0.17948483910000002
17.740000000000002,-0.02326251,-0.02326251,-0.22820522310000002
17.76,-0.02378681,-0.02378681,-0.2333486061
17.78,-0.02241288,-0.02241288,-0.2198703528
17.8,-0.01589306,-0.01589306,-0.1559109186
17.82,-0.009958714,-0.009958714,-0.09769498434000001
17.84,-0.01428557,-0.01428557,-0.1401414417
17.86,-0.01962223,-0.01962223,-0.1924940763
17.88,-0.02466308,-0.02466308,-0.24194481480000002
17.900000000000002,-0.02687752,-0.02687752,-0.2636684712
17.92,-0.02622575,-0.02622575,-0.25727460750000003
17.94,-0.02636551,-0.02636551,-0.25864565310000004
17.96,-0.02411234,-0.02411234,-0.2365420554
17.98,-0.02075146,-0.02075146,-0.2035718226
18.0,-0.01334117,-0.01334117,-0.1308768777
18.02,-0.004292772,-0.004292772,-0.04211209332
18.04,0.002068953,0.002068953,0.020296428930000002
18.06,0.002264777,0.002264777,0.02221746237
18.080000000000002,-0.001656117,-0.001656117,-0.01624650777
18.1,-0.0007503722,-0.0007503722,-0.007361151282
18.12,0.006142773,0.006142773,0.06026060313
18.14,0.01051651,0.01051651,0.10316696310000001
18.16,0.01502592,0.01502592,0.14740427520000002
18.18,0.02150495,0.02150495,0.2109635595
18.2,0.02136315,0.02136315,0.2095725015
18.22,0.01813688,0.01813688,0.1779227928
18.240000000000002,0.0179094,0.0179094,0.175691214
18.26,0.02084597,0.02084597,0.2044989657
18.28,0.019675,0.019675,0.19301175000000004
18.3,0.01301336,0.01301336,0.12766106160000001
18.32,0.005522471,0.005522471,0.054175440510000006
18.34,0.004819678,0.004819678,0.047281041180000004
18.36,0.008990444,0.008990444,0.08819625564000001
18.38,0.01362225,0.01362225,0.1336342725
18.400000000000002,0.01518998,0.01518998,0.1490137038
18.42,0.01301533,0.01301533,0.1276803873
18.44,0.01501961,0.01501961,0.1473423741
18.46,0.01640986,0.01640986,0.16098072659999998
18.48,0.01319685,0.01319685,0.1294610985
18.5,0.01492982,0.01492982,0.1464615342
18.52,0.01770624,0.01770624,0.17369821440000002
18.54,0.0176593,0.0176593,0.173237733
18.56,0.01815399,0.01815399,0.17809064189999999
18.580000000000002,0.01296116,0.01296116,0.1271489796
18.6,0.003091631,0.003091631,0.03032890011
18.62,-0.00775098,-0.00775098,-0.0760371138
18.64,-0.01327633,-0.01327633,-0.1302407973
18.66,-0.01327533,-0.01327533,-0.13023098730000002
18.68,-0.01484206,-0.01484206,-0.14560060860000001
18.7,-0.01269293,-0.01269293,-0.12451764330000001
18.72,-0.005981339,-0.005981339,-0.05867693559
18.740000000000002,-1.63908e-05,-1.63908e-05,-0.000160793748
18.76,0.005098898,0.005098898,0.05002018938
18.78,0.003599486,0.003599486,0.03531095766
18.8,0.001473796,0.001473796,0.014457938760000002
18.82,0.001265704,0.001265704,0.012416556240000001
18.84,0.002180634,0.002180634,0.02139201954
18.86,0.006680863,0.006680863,0.06553926603
18.88,0.01009582,0.01009582,0.09903999420000001
18.900000000000002,0.01091894,0.01091894,0.1071148014
18.92,0.006411551,0.006411551,0.06289731531000001
18.94,3.654082e-05,3.654082e-05,0.00035846544420000006
18.96,0.0003884306,0.0003884306,0.003810504186
18.98,0.00358816,0.00358816,0.0351998496
19.0,0.00938991,0.00938991,0.0921150171
19.02,0.01645034,0.01645034,0.1613778354
19.04,0.01900441,0.01900441,0.1864332621
19.06,0.01463574,0.01463574,0.1435766094
19.080000000000002,0.005309871,0.005309871,0.05208983451
19.1,-0.002836878,-0.002836878,-0.027829773180000003
19.12,-0.008498907,-0.008498907,-0.08337427767000001
19.14,-0.0104818,-0.0104818,-0.102826458
19.16,-0.009256786,-0.009256786,-0.09080907066
19.18,-0.01101731,-0.01101731,-0.1080798111
19.2,-0.01409466,-0.01409466,-0.1382686146
19.22,-0.01515343,-0.01515343,-0.1486551483
19.240000000000002,-0.01498718,-0.01498718,-0.1470242358
19.26,-0.01542274,-0.01542274,-0.1512970794
19.28,-0.01606738,-0.01606738,-0.1576209978
19.3,-0.01414061,-0.01414061,-0.1387193841
19.32,-0.01032582,-0.01032582,-0.1012962942
19.34,-0.006591605,-0.006591605,-0.06466364505000001
19.36,-0.004416972,-0.004416972,-0.04333049532
19.38,-0.003141981,-0.003141981,-0.03082283361
19.400000000000002,-0.002497349,-0.002497349,-0.02449899369
19.42,0.003107543,0.003107543,0.03048499683
19.44,0.008848095,0.008848095,0.08679981195000001
19.46,0.01302703,0.01302703,0.1277951643
19.48,0.0137094,0.0137094,0.134489214
19.5,0.01336362,0.01336362,0.1310971122
19.52,0.01138991,0.01138991,0.1117350171
19.54,0.004873118,0.004873118,0.04780528758
19.56,-0.004638389,-0.004638389,-0.04550259609
19.580000000000002,-0.01736697,-0.01736697,-0.1703699757
19.6,-0.02873998,-0.02873998,-0.2819392038
19.62,-0.03676534,-0.03676534,-0.3606679854
19.64,-0.03624618,-0.03624618,-0.35557502580000006
19.66,-0.03052093,-0.03052093,-0.29941032330000006
19.68,-0.02497723,-0.02497723,-0.2450266263
19.7,-0.02283932,-0.02283932,-0.2240537292
19.72,-0.02225588,-0.02225588,-0.2183301828
19.740000000000002,-0.02265981,-0.02265981,-0.2222927361
19.76,-0.01657246,-0.01657246,-0.16257583260000003
19.78,-0.006525462,-0.006525462,-0.06401478222000001
19.8,0.003778572,0.003778572,0.03706779132
19.82,0.01075843,0.01075843,0.1055401983
19.84,0.01304322,0.01304322,0.1279539882
19.86,0.008641915,0.008641915,0.08477718615
19.88,-0.003457331,-0.003457331,-0.03391641711
19.900000000000002,-0.01551883,-0.01551883,-0.15223972230000002
19.92,-0.02818112,-0.02818112,-0.2764567872
19.94,-0.03274256,-0.03274256,-0.32120451359999996
19.96,-0.02574232,-0.02574232,-0.2525321592
19.98,-0.0149446,-0.0149446,-0.14660652600000001
20.0,-0.002130343,-0.002130343,-0.02089866483
20.02,0.007054752,0.007054752,0.06920711712000001
20.04,0.008702047,0.008702047,0.08536708107
20.06,0.006536582,0.006536582,0.06412386942000001
20.080000000000002,0.003563278,0.003563278,0.034955757180000005
20.1,0.005554313,0.005554313,0.05448781053
20.12,0.008117568,0.008117568,0.07963334208
20.14,0.01058597,0.01058597,0.1038483657
20.16,0.0157645,0.0157645,0.154649745
20.18,0.0235828,0.0235828,0.23134726800000002
20.2,0.02973645,0.02973645,0.29171457450000005
20.22,0.03448557,0.03448557,0.33830344170000004
20.240000000000002,0.03263223,0.03263223,0.3201221763
20.26,0.02360114,0.02360114,0.2315271834
20.28,0.01622654,0.01622654,0.15918235740000003
20.3,0.009759733,0.009759733,0.09574298073
20.32,0.008436789,0.008436789,0.08276490009000001
20.34,0.009513906,0.009513906,0.09333141786000002
20.36,0.01054206,0.01054206,0.10341760860000002
20.38,0.006636479,0.006636479,0.06510385899
20.400000000000002,-0.0007442442,-0.0007442442,-0.007301035602
20.42,-0.004253047,-0.004253047,-0.04172239107
20.44,-0.00634915,-0.00634915,-0.0622851615
20.46,-0.004954813,-0.004954813,-0.04860671553
20.48,-0.000222016,-0.000222016,-0.0021779769600000004
20.5,0.0008744811,0.0008744811,0.008578659591000001
20.52,-0.0008432015,-0.0008432015,-0.008271806715
20.54,-0.001559244,-0.001559244,-0.01529618364
20.56,-0.001315466,-0.001315466,-0.01290472146
20.580000000000002,-0.004648829,-0.004648829,-0.045605012490000006
20.6,-0.01071579,-0.01071579,-0.1051218999
20.62,-0.01334841,-0.01334841,-0.1309479021
20.64,-0.01119315,-0.01119315,-0.10980480150000001
20.66,-0.009789637,-0.009789637,-0.09603633897000001
20.68,-0.01244572,-0.01244572,-0.12209251320000002
20.7,-0.0156067,-0.0156067,-0.153101727
20.72,-0.01779052,-0.01779052,-0.1745250012
20.740000000000002,-0.01941334,-0.01941334,-0.19044486540000002
20.76,-0.01924199,-0.01924199,-0.18876392190000002
20.78,-0.02141153,-0.02141153,-0.21004710930000003
20.8,-0.02243459,-0.02243459,-0.22008332790000001
20.82,-0.01952249,-0.01952249,-0.1915156269
20.84,-0.01689395,-0.01689395,-0.16572964950000002
20.86,-0.01201836,-0.01201836,-0.11790011160000001
20.88,-0.007032594,-0.007032594,-0.06898974714
20.900000000000002,-0.004367335,-0.004367335,-0.04284355635
20.92,-0.002587436,-0.002587436,-0.02538274716
20.94,-0.001722477,-0.001722477,-0.016897499370000003
20.96,-0.0009146376,-0.0009146376,-0.008972594856
20.98,0.002163722,0.002163722,0.02122611282
21.0,0.007797181,0.007797181,0.07649034561000001
21.02,0.01548288,0.01548288,0.1518870528
21.04,0.0194976,0.0194976,0.191271456
21.06,0.02000046,0.02000046,0.19620451260000002
21.080000000000002,0.0164835,0.0164835,0.16170313500000003
21.1,0.01345206,0.01345206,0.1319647086
21.12,0.009415919,0.009415919,0.09237016539000001
21.14,0.003295919,0.003295919,0.03233296539
21.16,0.0002114396,0.0002114396,0.002074222476
21.18,-0.0009870603,-0.0009870603,-0.009683061543
21.2,0.0020607,0.0020607,0.020215467
21.22,0.0047331,0.0047331,0.046431711
21.240000000000002,0.00772782,0.00772782,0.07580991420000001
21.26,0.01034107,0.01034107,0.10144589670000001
21.28,0.0111948,0.0111948,0.109820988
21.3,0.01131618,0.01131618,0.1110117258
21.32,0.008196003,0.008196003,0.08040278943000001
21.34,0.005686804,0.005686804,0.055787547240000006
21.36,0.007494245,0.007494245,0.07351854345
21.38,0.01044612,0.01044612,0.1024764372
21.400000000000002,0.01111728,0.01111728,0.1090605168
21.42,0.007459568,0.007459568,0.07317836208
21.44,-0.0005402909,-0.0005402909,-0.0053002537290000006
21.46,-0.007967929,-0.007967929,-0.07816538349
21.48,-0.01179497,-0.01179497,-0.11570865570000001
21.5,-0.01075151,-0.01075151,-0.1054723131
21.52,-0.008631945,-0.008631945,-0.08467938045000001
21.54,-0.007894484,-0.007894484,-0.07744488804
21.56,-0.003965442,-0.003965442,-0.03890098602
21.580000000000002,0.00145994,0.00145994,0.014322011400000001
21.6,0.008238861,0.008238861,0.08082322641
21.62,0.01355102,0.01355102,0.1329355062
21.64,0.01195778,0.01195778,0.1173058218
21.66,0.008248047,0.008248047,0.08091334107
21.68,0.00638349,0.00638349,0.06262203690000001
21.7,0.004040552,0.004040552,0.03963781512
21.72,0.003014434,0.003014434,0.02957159754
21.740000000000002,0.001818996,0.001818996,0.017844350760000002
21.76,-0.001749982,-0.001749982,-0.017167323420000002
21.78,-0.007188618,-0.007188618,-0.07052034258
21.8,-0.01009052,-0.01009052,-0.09898800120000001
21.82,-0.009734534,-0.009734534,-0.09549577854
21.84,-0.006492971,-0.006492971,-0.06369604551000001
21.86,-0.002211008,-0.002211008,-0.021689988480000002
21.88,-0.002489465,-0.002489465,-0.024421651650000004
21.900000000000002,-0.0001026624,-0.0001026624,-0.001007118144
21.92,0.0005532005,0.0005532005,0.005426896905
21.94,-0.003332996,-0.003332996,-0.03269669076
21.96,-0.006214493,-0.006214493,-0.06096417633
21.98,-0.00857069,-0.00857069,-0.08407846890000001
22.0,-0.009156166,-0.009156166,-0.08982198846
22.02,-0.01015678,-0.01015678,-0.09963801180000001
22.04,-0.00652762,-0.00652762,-0.0640359522
22.06,-0.0009869766,-0.0009869766,-0.009682240446
22.080000000000002,0.001056087,0.001056087,0.01036021347
22.1,-0.001516349,-0.001516349,-0.01487538369
22.12,-0.003688946,-0.003688946,-0.03618856026
22.14,-0.004808902,-0.004808902,-0.047175328620000005
22.16,-0.006525558,-0.006525558,-0.06401572398000001
22.18,-0.006354194,-0.006354194,-0.06233464314
22.2,-0.00370219,-0.00370219,-0.036318483900000004
22.22,0.002520834,0.002520834,0.02472938154
22.240000000000002,0.005238118,0.005238118,0.05138593758
22.26,0.005176922,0.005176922,0.05078560482
22.28,0.004941306,0.004941306,0.048474211860000005
22.3,0.00589093,0.00589093,0.0577900233
22.32,0.003124694,0.003124694,0.030653248140000002
22.34,-0.0006666409,-0.0006666409,-0.006539747229000001
22.36,-0.001599936,-0.001599936,-0.01569537216
22.38,-0.003056492,-0.003056492,-0.02998418652
22.400000000000002,-0.002957547,-0.002957547,-0.029013536070000002
22.42,0.002761597,0.002761597,0.027091266570000005
22.44,0.008801022,0.008801022,0.08633802582000001
22.46,0.01063295,0.01063295,0.10430923950000001
22.48,0.01189061,0.01189061,0.1166468841
22.5,0.01521377,0.01521377,0.1492470837
22.52,0.01567074,0.01567074,0.1537299594
22.54,0.01598184,0.01598184,0.1567818504
22.56,0.02109307,0.02109307,0.2069230167
22.580000000000002,0.02283217,0.02283217,0.2239835877
22.6,0.01934582,0.01934582,0.1897824942
22.62,0.01626236,0.01626236,0.1595337516
22.64,0.01611651,0.01611651,0.15810296310000002
22.66,0.01680807,0.01680807,0.16488716670000003
22.68,0.01674688,0.01674688,0.1642868928
22.7,0.013081,0.013081,0.12832461
22.72,0.006413275,0.006413275,0.06291422775000001
22.740000000000002,-0.00214962,-0.00214962,-0.0210877722
22.76,-0.009848574,-0.009848574,-0.09661451094000001
22.78,-0.0116407,-0.0116407,-0.114195267
22.8,-0.009117222,-0.009117222,-0.08943994782
22.82,-0.004158996,-0.004158996,-0.04079975076
22.84,0.0005095495,0.0005095495,0.004998680595000001
22.86,0.001593815,0.001593815,0.01563532515
22.88,0.0009349016,0.0009349016,0.009171384696
22.900000000000002,0.0009859077,0.0009859077,0.009671754537000001
22.92,0.002022234,0.002022234,0.01983811554
22.94,0.0016785,0.0016785,0.016466085000000002
22.96,0.002988187,0.002988187,0.02931411447
22.98,0.004983313,0.004983313,0.048886300529999996
23.0,0.008585959,0.008585959,0.08422825779000001
23.02,0.01452746,0.01452746,0.14251438260000002
23.04,0.01521087,0.01521087,0.1492186347
23.06,0.009895659,0.009895659,0.09707641479
23.080000000000002,0.004286685,0.004286685,0.04205237985
23.1,0.001743832,0.001743832,0.017106991920000002
23.12,0.003512518,0.003512518,0.03445780158
23.14,0.004041905,0.004041905,0.039651088050000005
23.16,-0.0006011278,-0.0006011278,-0.005897063718
23.18,-0.006732341,-0.006732341,-0.06604426521000001
23.2,-0.01212915,-0.01212915,-0.1189869615
23.22,-0.0150086,-0.0150086,-0.147234366
23.240000000000002,-0.01317668,-0.01317668,-0.1292632308
23.26,-0.01205263,-0.01205263,-0.1182363003
23.28,-0.01417218,-0.01417218,-0.1390290858
23.3,-0.01337964,-0.01337964,-0.1312542684
23.32,-0.01231475,-0.01231475,-0.1208076975
23.34,-0.01152526,-0.01152526,-0.11306280060000001
23.36,-0.009347557,-0.009347557,-0.09169953417
23.38,-0.01063479,-0.01063479,-0.10432728990000001
23.400000000000002,-0.01538084,-0.01538084,-0.1508860404
23.42,-0.01940066,-0.01940066,-0.1903204746
23.44,-0.01781761,-0.01781761,-0.17479075410000003
23.46,-0.01172412,-0.01172412,-0.1150136172
23.48,-0.006105952,-0.006105952,-0.05989938912000001
23.5,-0.003135704,-0.003135704,-0.030761256240000003
23.52,-0.002643036,-0.002643036,-0.025928183160000003
23.54,-0.007005568,-0.007005568,-0.06872462208
23.56,-0.01067756,-0.01067756,-0.1047468636
23.580000000000002,-0.01357231,-0.01357231,-0.13314436110000002
23.6,-0.01504723,-0.01504723,-0.14761332630000001
23.62,-0.01491462,-0.01491462,-0.14631242220000001
23.64,-0.01373957,-0.01373957,-0.1347851817
23.66,-0.01057042,-0.01057042,-0.10369582020000001
23.68,-0.009949233,-0.009949233,-0.09760197573
23.7,-0.005533645,-0.005533645,-0.05428505745000001
23.72,9.778301e-05,9.778301e-05,0.0009592513281
23.740000000000002,0.003878931,0.003878931,0.03805231311
23.76,0.007100099,0.007100099,0.06965197119000001
23.78,0.006795127,0.006795127,0.06666019587
23.8,0.005348776,0.005348776,0.052471492560000006
23.82,0.005568084,0.005568084,0.05462290404
23.84,0.003652532,0.003652532,0.035831338920000004
23.86,0.002743721,0.002743721,0.026915903010000002
23.88,0.002160289,0.002160289,0.021192435090000003
23.900000000000002,-0.001151642,-0.001151642,-0.01129760802
23.92,-0.002676533,-0.002676533,-0.02625678873
23.94,-0.001894184,-0.001894184,-0.01858194504
23.96,0.004913304,0.004913304,0.048199512240000006
23.98,0.01174732,0.01174732,0.11524120920000001
24.0,0.01825594,0.01825594,0.1790907714
24.02,0.02025209,0.02025209,0.1986730029
24.04,0.01750524,0.01750524,0.1717264044
24.060000000000002,0.01332733,0.01332733,0.13074110730000002
24.080000000000002,0.008658797,0.008658797,0.08494279856999999
24.1,0.01009802,0.01009802,0.0990615762
24.12,0.01098849,0.01098849,0.1077970869
24.14,0.01240631,0.01240631,0.12170590110000001
24.16,0.01267356,0.01267356,0.1243276236
24.18,0.01265826,0.01265826,0.1241775306
24.2,0.01328149,0.01328149,0.1302914169
24.22,0.01426376,0.01426376,0.1399274856
24.240000000000002,0.01625379,0.01625379,0.1594496799
24.26,0.01500736,0.01500736,0.14722220160000002
24.28,0.01354876,0.01354876,0.13291333560000002
24.3,0.01295922,0.01295922,0.1271299482
24.32,0.01269403,0.01269403,0.1245284343
24.34,0.01096004,0.01096004,0.10751799240000001
24.36,0.009541225,0.009541225,0.09359941725000001
24.38,0.005596894,0.005596894,0.05490553014
24.400000000000002,-0.0005853157,-0.0005853157,-0.005741947017
24.42,-0.005501706,-0.005501706,-0.05397173586000001
24.44,-0.01189505,-0.01189505,-0.11669044050000002
24.46,-0.0144889,-0.0144889,-0.142136109
24.48,-0.01503562,-0.01503562,-0.1474994322
24.5,-0.01568943,-0.01568943,-0.15391330830000002
24.52,-0.01860866,-0.01860866,-0.1825509546
24.54,-0.02210317,-0.02210317,-0.2168320977
24.560000000000002,-0.02291406,-0.02291406,-0.22478692860000002
24.580000000000002,-0.02233774,-0.02233774,-0.2191332294
24.6,-0.0202702,-0.0202702,-0.19885066199999998
24.62,-0.01857699,-0.01857699,-0.18224027190000003
24.64,-0.01669508,-0.01669508,-0.16377873480000002
24.66,-0.01603105,-0.01603105,-0.15726460050000002
24.68,-0.01536702,-0.01536702,-0.15075046620000002
24.7,-0.01363505,-0.01363505,-0.1337598405
24.72,-0.01550368,-0.01550368,-0.15209110080000002
24.740000000000002,-0.01661547,-0.01661547,-0.16299776070000002
24.76,-0.0155006,-0.0155006,-0.152060886
24.78,-0.01444795,-0.01444795,-0.1417343895
24.8,-0.01505688,-0.01505688,-0.1477079928
24.82,-0.01645937,-0.01645937,-0.16146641970000003
24.84,-0.01832902,-0.01832902,-0.1798076862
24.86,-0.01732023,-0.01732023,-0.16991145629999999
24.88,-0.01307906,-0.01307906,-0.1283055786
24.900000000000002,-0.009661029,-0.009661029,-0.09477469449
24.92,-0.006727499,-0.006727499,-0.06599676519
24.94,-0.006490849,-0.006490849,-0.06367522869
24.96,-0.003812319,-0.003812319,-0.03739884939
24.98,-0.003809248,-0.003809248,-0.037368722880000003
25.0,-0.004007117,-0.004007117,-0.039309817770000005
25.02,-0.003299228,-0.003299228,-0.03236542668
25.04,-0.001692717,-0.001692717,-0.01660555377
25.060000000000002,0.001569253,0.001569253,0.015394371930000001
25.080000000000002,0.005041344,0.005041344,0.04945558464
25.1,0.009351873,0.009351873,0.09174187413000001
25.12,0.0127648,0.0127648,0.125222688
25.14,0.01514957,0.01514957,0.1486172817
25.16,0.01480584,0.01480584,0.1452452904
25.18,0.01504556,0.01504556,0.1475969436
25.2,0.01254657,0.01254657,0.12308185170000001
25.22,0.009031657,0.009031657,0.08860055517000001
25.240000000000002,0.004796628,0.004796628,0.04705492068
25.26,0.003138118,0.003138118,0.03078493758
25.28,0.003545109,0.003545109,0.03477751929
25.3,0.005171,0.005171,0.05072751
25.32,0.00779751,0.00779751,0.0764935731
25.34,0.007144721,0.007144721,0.07008971301
25.36,0.008155551,0.008155551,0.08000595531000002
25.38,0.006637802,0.006637802,0.06511683762
25.400000000000002,0.005112913,0.005112913,0.05015767653000001
25.42,0.005803463,0.005803463,0.05693197203
25.44,0.007757794,0.007757794,0.07610395914000001
25.46,0.0102517,0.0102517,0.10056917700000001
25.48,0.0127956,0.0127956,0.125524836
25.5,0.01249573,0.01249573,0.1225831113
25.52,0.01179092,0.01179092,0.11566892520000001
25.54,0.01203165,0.01203165,0.1180304865
25.560000000000002,0.01009467,0.01009467,0.09902871270000001
25.580000000000002,0.00750185,0.00750185,0.07359314850000001
25.6,0.001625641,0.001625641,0.01594753821
25.62,-0.003060228,-0.003060228,-0.03002083668
25.64,-0.006731197,-0.006731197,-0.06603304257
25.66,-0.008670206,-0.008670206,-0.08505472086
25.68,-0.01015123,-0.01015123,-0.09958356630000001
25.7,-0.01064185,-0.01064185,-0.1043965485
25.72,-0.008468213,-0.008468213,-0.08307316953
25.740000000000002,-0.006142602,-0.006142602,-0.06025892562
25.76,-0.001197632,-0.001197632,-0.011748769919999999
25.78,0.001393179,0.001393179,0.013667085990000001
25.8,0.001545171,0.001545171,0.01515812751
25.82,0.001716541,0.001716541,0.01683926721
25.84,0.001923613,0.001923613,0.01887064353
25.86,0.005486483,0.005486483,0.053822398230000006
25.88,0.009123814,0.009123814,0.08950461534
25.900000000000002,0.0113515,0.0113515,0.11135821500000001
25.92,0.01419834,0.01419834,0.1392857154
25.94,0.01455025,0.01455025,0.14273795250000001
25.96,0.0143024,0.0143024,0.140306544
25.98,0.01013876,0.01013876,0.0994612356
26.0,0.005657922,0.005657922,0.05550421482
26.02,0.004081012,0.004081012,0.04003472772
26.04,0.003871924,0.003871924,0.03798357444
26.060000000000002,0.004337054,0.004337054,0.04254649974
26.080000000000002,0.006895226,0.006895226,0.06764216706000001
26.1,0.01222984,0.01222984,0.11997473040000001
26.12,0.01182898,0.01182898,0.1160422938
26.14,0.007450139,0.007450139,0.07308586359
26.16,0.003361991,0.003361991,0.03298113171
26.18,0.002125762,0.002125762,0.020853725219999997
26.2,0.001658613,0.001658613,0.01627099353
26.22,0.003440564,0.003440564,0.033751932840000005
26.240000000000002,0.004670695,0.004670695,0.04581951795
26.26,0.005868186,0.005868186,0.05756690466
26.28,0.003993437,0.003993437,0.03917561697
26.3,0.001415909,0.001415909,0.01389006729
26.32,-0.0008780598,-0.0008780598,-0.008613766638
26.34,-0.005613909,-0.005613909,-0.05507244729000001
26.36,-0.007591677,-0.007591677,-0.07447435137
26.38,-0.008884006,-0.008884006,-0.08715209886
26.400000000000002,-0.007175494,-0.007175494,-0.07039159614
26.42,-0.003575903,-0.003575903,-0.03507960843
26.44,-0.001317613,-0.001317613,-0.01292578353
26.46,0.0003164388,0.0003164388,0.0031042646280000003
26.48,0.00068977,0.00068977,0.006766643700000001
26.5,0.0006357213,0.0006357213,0.006236425953
26.52,-0.002730268,-0.002730268,-0.02678392908
26.54,-0.007162156,-0.007162156,-0.07026075036000001
26.560000000000002,-0.008231104,-0.008231104,-0.08074713023999999
26.580000000000002,-0.008259653,-0.008259653,-0.08102719593
26.6,-0.009059322,-0.009059322,-0.08887194882
26.62,-0.007482391,-0.007482391,-0.07340225571
26.64,-0.00177242,-0.00177242,-0.0173874402
26.66,0.0001421312,0.0001421312,0.0013943070720000002
26.68,0.0003726625,0.0003726625,0.003655819125
26.7,-0.0009584262,-0.0009584262,-0.009402161022
26.72,-0.002256875,-0.002256875,-0.022139943750000002
26.740000000000002,-0.002956583,-0.002956583,-0.02900407923
26.76,-0.002415972,-0.002415972,-0.02370068532
26.78,0.0001860587,0.0001860587,0.0018252358470000002
26.8,0.00049411,0.00049411,0.0048472191
26.82,-0.0006809188,-0.0006809188,-0.006679813428000001
26.84,-0.0003208475,-0.0003208475,-0.003147513975
26.86,0.002337284,0.002337284,0.022928756039999998
26.88,0.003982554,0.003982554,0.039068854740000006
26.900000000000002,0.002422986,0.002422986,0.02376949266
26.92,-0.0001015027,-0.0001015027,-0.000995741487
26.94,-0.001938512,-0.001938512,-0.019016802720000003
26.96,-0.00125408,-0.00125408,-0.0123025248
26.98,-0.001593729,-0.001593729,-0.01563448149
27.0,-0.003415438,-0.003415438,-0.033505446779999996
27.02,-0.002477027,-0.002477027,-0.024299634870000003
27.04,0.0001719244,0.0001719244,0.001686578364
27.060000000000002,0.001737636,0.001737636,0.017046209160000002
27.080000000000002,-0.0006338531,-0.0006338531,-0.006218098911
27.1,-0.001248902,-0.001248902,-0.012251728620000001
27.12,-0.00102857,-0.00102857,-0.0100902717
27.14,-0.0002084798,-0.0002084798,-0.002045186838
27.16,0.0004677914,0.0004677914,0.004589033634
27.18,-0.0007490574,-0.0007490574,-0.007348253094000001
27.2,-0.002616666,-0.002616666,-0.02566949346
27.22,-0.003259255,-0.003259255,-0.03197329155
27.240000000000002,-0.002597264,-0.002597264,-0.02547915984
27.26,-0.003964053,-0.003964053,-0.038887359930000004
27.28,-0.004601541,-0.004601541,-0.04514111721
27.3,-0.003514211,-0.003514211,-0.03447440991
27.32,-0.00244626,-0.00244626,-0.023997810600000002
27.34,-0.004430148,-0.004430148,-0.04345975188
27.36,-0.003830377,-0.003830377,-0.03757599837
27.38,-0.001711827,-0.001711827,-0.01679302287
27.400000000000002,-0.001074316,-0.001074316,-0.010539039960000001
27.42,0.0006311354,0.0006311354,0.006191438274
27.44,0.002414106,0.002414106,0.02368237986
27.46,0.003727877,0.003727877,0.03657047337
27.48,0.002596708,0.002596708,0.02547370548
27.5,0.002909859,0.002909859,0.02854571679
27.52,0.00488255,0.00488255,0.0478978155
27.54,0.005350741,0.005350741,0.05249076921
27.560000000000002,0.005419092,0.005419092,0.05316129252000001
27.580000000000002,0.004512323,0.004512323,0.04426588863000001
27.6,0.002758954,0.002758954,0.027065338740000004
27.62,0.002946645,0.002946645,0.02890658745
27.64,0.003785096,0.003785096,0.037131791760000005
27.66,0.002289787,0.002289787,0.022462810470000004
27.68,0.001411578,0.001411578,0.01384758018
27.7,-0.0006080115,-0.0006080115,-0.005964592815000001
27.72,-0.001757541,-0.001757541,-0.01724147721
27.740000000000002,-0.00192277,-0.00192277,-0.0188623737
27.76,-0.0005722791,-0.0005722791,-0.0056140579710000004
27.78,0.001814531,0.001814531,0.01780054911
27.8,0.003023242,0.003023242,0.029658004020000003
27.82,0.001782933,0.001782933,0.01749057273
27.84,-0.002204236,-0.002204236,-0.021623555160000002
27.86,-0.005842565,-0.005842565,-0.057315562650000006
27.88,-0.009091254,-0.009091254,-0.08918520174000001
27.900000000000002,-0.009751184,-0.009751184,-0.09565911504
27.92,-0.01067937,-0.01067937,-0.1047646197
27.94,-0.01102718,-0.01102718,-0.1081766358
27.96,-0.01278362,-0.01278362,-0.1254073122
27.98,-0.0168228,-0.0168228,-0.165031668
28.0,-0.01877099,-0.01877099,-0.18414341190000003
28.02,-0.01929118,-0.01929118,-0.18924647580000004
28.04,-0.01965531,-0.01965531,-0.1928185911
28.060000000000002,-0.02025709,-0.02025709,-0.1987220529
28.080000000000002,-0.02011021,-0.02011021,-0.19728116010000002
28.1,-0.02064978,-0.02064978,-0.2025743418
28.12,-0.02043251,-0.02043251,-0.20044292310000003
28.14,-0.01506424,-0.01506424,-0.1477801944
28.16,-0.007104146,-0.007104146,-0.06969167226
28.18,-0.001269736,-0.001269736,-0.01245611016
28.2,0.003656874,0.003656874,0.035873933940000005
28.22,0.008038804,0.008038804,0.07886066724
28.240000000000002,0.01129568,0.01129568,0.11081062080000001
28.26,0.01258496,0.01258496,0.1234584576
28.28,0.01379571,0.01379571,0.1353359151
28.3,0.01358459,0.01358459,0.13326482790000002
28.32,0.009768776,0.009768776,0.09583169256
28.34,0.009150666,0.009150666,0.08976803346000001
28.36,0.01112539,0.01112539,0.10914007590000001
28.38,0.01132125,0.01132125,0.1110614625
28.400000000000002,0.01119579,0.01119579,0.10983069990000001
28.42,0.008846746,0.008846746,0.08678657826000001
28.44,0.008947737,0.008947737,0.08777729997000001
28.46,0.009027307,0.009027307,0.08855788167
28.48,0.007984877,0.007984877,0.07833164337
28.5,0.009029368,0.009029368,0.08857810008
28.52,0.008259278,0.008259278,0.08102351718
28.54,0.005969387,0.005969387,0.05855968647
28.560000000000002,0.005324757,0.005324757,0.052235866170000006
28.580000000000002,0.004658707,0.004658707,0.04570191567
28.6,0.005973497,0.005973497,0.05860000557000001
28.62,0.008968227,0.008968227,0.08797830687000001
28.64,0.01234444,0.01234444,0.1210989564
28.66,0.01257905,0.01257905,0.1234004805
28.68,0.009569037,0.009569037,0.09387225297000001
28.7,0.006626347,0.006626347,0.06500446407
28.72,0.004636337,0.004636337,0.045482465970000004
28.740000000000002,0.006146966,0.006146966,0.060301736460000005
28.76,0.007133316,0.007133316,0.06997782996
28.78,0.007723906,0.007723906,0.07577151786
28.8,0.008285935,0.008285935,0.08128502235
28.82,0.007794305,0.007794305,0.07646213205
28.84,0.005844075,0.005844075,0.05733037575
28.86,0.006313285,0.006313285,0.061933325850000005
28.88,0.007194574,0.007194574,0.07057877094
28.900000000000002,0.005636023,0.005636023,0.05528938563000001
28.92,0.001214334,0.001214334,0.011912616540000002
28.94,-0.002209797,-0.002209797,-0.02167810857
28.96,-0.001839528,-0.001839528,-0.01804576968
28.98,-0.003240998,-0.003240998,-0.031794190380000004
29.0,-0.005271809,-0.005271809,-0.05171644629
29.02,-0.0062051,-0.0062051,-0.060872031
29.04,-0.00745663,-0.00745663,-0.0731495403
29.060000000000002,-0.006127561,-0.006127561,-0.06011137341
29.080000000000002,-0.005307472,-0.005307472,-0.05206630032
29.1,-0.003942702,-0.003942702,-0.03867790662
29.12,-0.005516553,-0.005516553,-0.054117384930000005
29.14,-0.007170983,-0.007170983,-0.07034734323
29.16,-0.005443095,-0.005443095,-0.05339676195
29.18,-0.006215225,-0.006215225,-0.06097135725
29.2,-0.006381476,-0.006381476,-0.06260227956
29.22,-0.007513667,-0.007513667,-0.07370907327000001
29.240000000000002,-0.009440438,-0.009440438,-0.09261069678000002
29.26,-0.01129785,-0.01129785,-0.1108319085
29.28,-0.01233314,-0.01233314,-0.1209881034
29.3,-0.01117441,-0.01117441,-0.1096209621
29.32,-0.01118256,-0.01118256,-0.1097009136
29.34,-0.01092041,-0.01092041,-0.1071292221
29.36,-0.006299804,-0.006299804,-0.06180107724
29.38,-0.001802616,-0.001802616,-0.01768366296
29.400000000000002,0.001694973,0.001694973,0.01662768513
29.42,0.004156241,0.004156241,0.04077272421
29.44,0.00567197,0.00567197,0.05564202570000001
29.46,0.007265219,0.007265219,0.07127179839
29.48,0.007936388,0.007936388,0.07785596628000001
29.5,0.008644276,0.008644276,0.08480034756
29.52,0.008692224,0.008692224,0.08527071744
29.54,0.008259753,0.008259753,0.08102817693
29.560000000000002,0.008827902,0.008827902,0.08660171862
29.580000000000002,0.00891971,0.00891971,0.08750235510000001
29.6,0.007015379,0.007015379,0.06882086799
29.62,0.003727927,0.003727927,0.03657096387
29.64,-0.0009344843,-0.0009344843,-0.009167290983
29.66,-0.005401056,-0.005401056,-0.052984359360000004
29.68,-0.006464907,-0.006464907,-0.06342073767
29.7,-0.007390039,-0.007390039,-0.07249628259
29.72,-0.009819671,-0.009819671,-0.09633097251
29.740000000000002,-0.01268485,-0.01268485,-0.1244383785
29.76,-0.01230845,-0.01230845,-0.1207458945
29.78,-0.01083658,-0.01083658,-0.1063068498
29.8,-0.009754358,-0.009754358,-0.09569025198
29.82,-0.007539931,-0.007539931,-0.07396672311000001
29.84,-0.005463203,-0.005463203,-0.05359402143
29.86,-0.002418495,-0.002418495,-0.023725435950000002
29.88,-0.0001877466,-0.0001877466,-0.001841794146
29.900000000000002,0.001609502,0.001609502,0.015789214620000002
29.92,-0.001717731,-0.001717731,-0.01685094111
29.94,-0.003552703,-0.003552703,-0.03485201643
29.96,-0.002228735,-0.002228735,-0.02186389035
29.98,-0.003012087,-0.003012087,-0.029548573470000002
30.0,-0.00278054,-0.00278054,-0.027277097400000002
30.02,-0.000499812,-0.000499812,-0.00490315572
30.04,0.002860075,0.002860075,0.028057335750000002
30.060000000000002,0.001928823,0.001928823,0.018921753630000003
30.080000000000002,0.0008517107,0.0008517107,0.008355281967
30.1,0.003749538,0.003749538,0.03678296778
30.12,0.003880106,0.003880106,0.038063839860000004
30.14,0.002734653,0.002734653,0.026826945930000002
30.16,0.001356641,0.001356641,0.013308648210000001
30.18,0.001282188,0.001282188,0.012578264280000001
30.2,0.003882176,0.003882176,0.038084146560000004
30.22,0.007188002,0.007188002,0.07051429962
30.240000000000002,0.01113541,0.01113541,0.10923837210000001
30.26,0.0108743,0.0108743,0.106676883
30.28,0.008353884,0.008353884,0.08195160204000002
30.3,0.006918751,0.006918751,0.06787294731
30.32,0.006567878,0.006567878,0.06443088318000001
30.34,0.001503586,0.001503586,0.01475017866
30.36,-0.002426468,-0.002426468,-0.023803651080000002
30.38,-0.005310001,-0.005310001,-0.05209110981
30.400000000000002,-0.007029713,-0.007029713,-0.06896148453
30.42,-0.005904646,-0.005904646,-0.057924577260000006
30.44,-0.00614434,-0.00614434,-0.0602759754
30.46,-0.003747333,-0.003747333,-0.036761336730000004
30.48,-0.005848526,-0.005848526,-0.05737404006
30.5,-0.008269999,-0.008269999,-0.08112869019
30.52,-0.01115966,-0.01115966,-0.10947626460000001
30.54,-0.01279063,-0.01279063,-0.12547608030000001
30.560000000000002,-0.01102296,-0.01102296,-0.1081352376
30.580000000000002,-0.008601473,-0.008601473,-0.08438045013
30.6,-0.006358486,-0.006358486,-0.06237674766
30.62,-0.00364834,-0.00364834,-0.0357902154
30.64,-0.001564474,-0.001564474,-0.01534748994
30.66,0.0003898526,0.0003898526,0.003824454006
30.68,0.002817459,0.002817459,0.027639272790000002
30.7,0.004047585,0.004047585,0.039706808850000004
30.72,0.004896231,0.004896231,0.04803202611
30.740000000000002,0.006565977,0.006565977,0.06441223437
30.76,0.009535204,0.009535204,0.09354035124000001
30.78,0.00896503,0.00896503,0.08794694430000001
30.8,0.007758376,0.007758376,0.07610966856000001
30.82,0.008279602,0.008279602,0.08122289562000001
30.84,0.01007379,0.01007379,0.0988238799
30.86,0.01219743,0.01219743,0.11965678830000001
30.88,0.01126516,0.01126516,0.1105112196
30.900000000000002,0.009232306,0.009232306,0.09056892186
30.92,0.007967511,0.007967511,0.07816128291
30.94,0.005907117,0.005907117,0.05794881777
30.96,0.008187842,0.008187842,0.08032273002000001
30.98,0.009551589,0.009551589,0.09370108809
31.0,0.007706414,0.007706414,0.07559992134
31.02,0.006520159,0.006520159,0.06396275979
31.04,0.005324726,0.005324726,0.052235562060000004
31.060000000000002,0.005502211,0.005502211,0.05397668991
31.080000000000002,0.004301676,0.004301676,0.04219944156
31.1,0.004433262,0.004433262,0.04349030022000001
31.12,0.002975687,0.002975687,0.029191489470000002
31.14,0.001266173,0.001266173,0.01242115713
31.16,0.002342278,0.002342278,0.022977747180000004
31.18,0.003484682,0.003484682,0.03418473042
31.2,0.003550988,0.003550988,0.03483519228
31.220000000000002,0.004089553,0.004089553,0.04011851493
31.240000000000002,0.005462478,0.005462478,0.05358690918
31.26,0.005354363,0.005354363,0.05252630103
31.28,0.005246248,0.005246248,0.051465692880000004
31.3,0.006841533,0.006841533,0.06711543873
31.32,0.006836438,0.006836438,0.06706545678
31.34,0.005915383,0.005915383,0.058029907230000004
31.36,0.004728108,0.004728108,0.046382739480000004
31.38,0.001430453,0.001430453,0.014032743930000001
31.400000000000002,-0.001381682,-0.001381682,-0.01355430042
31.42,-0.003896997,-0.003896997,-0.038229540570000005
31.44,-0.005067953,-0.005067953,-0.049716618930000005
31.46,-0.005510629,-0.005510629,-0.054059270490000005
31.48,-0.006589784,-0.006589784,-0.06464578104
31.5,-0.008374779,-0.008374779,-0.08215658199
31.52,-0.008283994,-0.008283994,-0.08126598114
31.54,-0.009500851,-0.009500851,-0.09320334831
31.560000000000002,-0.009924146,-0.009924146,-0.09735587226
31.580000000000002,-0.009604882,-0.009604882,-0.09422389242000001
31.6,-0.01127564,-0.01127564,-0.11061402840000001
31.62,-0.01070851,-0.01070851,-0.1050504831
31.64,-0.01040659,-0.01040659,-0.10208864790000001
31.66,-0.01143475,-0.01143475,-0.11217489750000001
31.68,-0.009631381,-0.009631381,-0.09448384761
31.7,-0.008053438,-0.008053438,-0.07900422678
31.720000000000002,-0.007010994,-0.007010994,-0.06877785114000001
31.740000000000002,-0.00344813,-0.00344813,-0.0338261553
31.76,-0.0005513257,-0.0005513257,-0.005408505117
31.78,0.001170438,0.001170438,0.01148199678
31.8,0.001235722,0.001235722,0.012122432820000001
31.82,0.001984405,0.001984405,0.01946701305
31.84,0.001785509,0.001785509,0.01751584329
31.86,0.001937493,0.001937493,0.01900680633
31.88,0.001540717,0.001540717,0.015114433770000001
31.900000000000002,0.0028147,0.0028147,0.027612207
31.92,0.003174763,0.003174763,0.031144425030000002
31.94,0.001725347,0.001725347,0.01692565407
31.96,0.00289529,0.00289529,0.0284027949
31.98,0.002882034,0.002882034,0.02827275354
32.0,0.004834317,0.004834317,0.04742464977000001
32.02,0.00454464,0.00454464,0.044582918400000004
32.04,0.007140543,0.007140543,0.07004872683
32.06,0.009119345,0.009119345,0.08946077445
32.08,0.009439629,0.009439629,0.09260276049
32.1,0.009062232,0.009062232,0.08890049592
32.12,0.007401675,0.007401675,0.07261043175000001
32.14,0.005010798,0.005010798,0.049155928380000005
32.160000000000004,0.00409076,0.00409076,0.0401303556
32.18,0.002655624,0.002655624,0.026051671440000004
32.2,-4.533338e-05,-4.533338e-05,-0.0004447204578
32.22,-0.0003747906,-0.0003747906,-0.003676695786
32.24,-0.001933347,-0.001933347,-0.01896613407
32.26,-0.003629605,-0.003629605,-0.03560642505
32.28,-0.006204082,-0.006204082,-0.06086204442
32.3,-0.00994952,-0.00994952,-0.0976047912
32.32,-0.01469863,-0.01469863,-0.14419356030000002
32.34,-0.01799017,-0.01799017,-0.1764835677
32.36,-0.01954058,-0.01954058,-0.1916930898
32.38,-0.01848283,-0.01848283,-0.18131656229999998
32.4,-0.01571455,-0.01571455,-0.1541597355
32.42,-0.01321657,-0.01321657,-0.1296545517
32.44,-0.01191198,-0.01191198,-0.11685652380000001
32.46,-0.009864842,-0.009864842,-0.09677410002
32.480000000000004,-0.00759636,-0.00759636,-0.0745202916
32.5,-0.006655917,-0.006655917,-0.06529454577
32.52,-0.005054516,-0.005054516,-0.04958480196000001
32.54,-0.002873754,-0.002873754,-0.028191526740000004
32.56,-0.0007011521,-0.0007011521,-0.006878302101
32.58,0.0006829897,0.0006829897,0.006700128957
32.6,0.001921271,0.001921271,0.018847668510000002
32.62,0.003789913,0.003789913,0.03717904653
32.64,0.005564715,0.005564715,0.05458985415
32.660000000000004,0.006164476,0.006164476,0.060473509560000006
32.68,0.004660998,0.004660998,0.04572439038000001
32.7,0.00397352,0.00397352,0.03898023120000001
32.72,0.004003101,0.004003101,0.039270420810000005
32.74,0.002094683,0.002094683,0.02054884023
32.76,0.003265644,0.003265644,0.03203596764
32.78,0.003704245,0.003704245,0.036338643450000006
32.8,0.004315227,0.004315227,0.04233237687
32.82,0.003326848,0.003326848,0.03263637888
32.84,0.001068569,0.001068569,0.01048266189
32.86,0.00224973,0.00224973,0.022069851300000002
32.88,0.003155491,0.003155491,0.03095536671
32.9,0.001464332,0.001464332,0.01436509692
32.92,-0.001307008,-0.001307008,-0.012821748479999999
32.94,-0.004482266,-0.004482266,-0.043971029460000005
32.96,-0.004746445,-0.004746445,-0.046562625450000006
32.980000000000004,-0.004420045,-0.004420045,-0.04336064145
33.0,-0.006612024,-0.006612024,-0.06486395544000001
33.02,-0.006923124,-0.006923124,-0.06791584644000001
33.04,-0.006829282,-0.006829282,-0.06699525642
33.06,-0.004584262,-0.004584262,-0.044971610220000006
33.08,-0.002492242,-0.002492242,-0.02444889402
33.1,0.0003770188,0.0003770188,0.003698554428
33.12,0.00139906,0.00139906,0.0137247786
33.14,0.00238234,0.00238234,0.023370755400000002
33.160000000000004,0.00478648,0.00478648,0.0469553688
33.18,0.00718654,0.00718654,0.07049995740000001
33.2,0.00857068,0.00857068,0.08407837080000001
33.22,0.00830752,0.00830752,0.08149677120000001
33.24,0.007141661,0.007141661,0.07005969441
33.26,0.004056161,0.004056161,0.039790939410000004
33.28,0.003810341,0.003810341,0.03737944521
33.3,0.004002101,0.004002101,0.039260610810000006
33.32,0.004291781,0.004291781,0.04210237161
33.34,0.004048,0.004048,0.039710880000000004
33.36,0.005687141,0.005687141,0.05579085321
33.38,0.00521794,0.00521794,0.0511879914
33.4,0.00291682,0.00291682,0.0286140042
33.42,-0.00179456,-0.00179456,-0.0176046336
33.44,-0.005147301,-0.005147301,-0.050495022810000005
33.46,-0.006561021,-0.006561021,-0.06436361601
33.480000000000004,-0.007969641,-0.007969641,-0.07818217821
33.5,-0.007182202,-0.007182202,-0.07045740162000001
33.52,-0.005086103,-0.005086103,-0.04989467043
33.54,-0.003488783,-0.003488783,-0.03422496123
33.56,0.0005289957,0.0005289957,0.0051894478170000004
33.58,0.003653255,0.003653255,0.03583843155
33.6,0.004567174,0.004567174,0.044803976940000004
33.62,0.006934593,0.006934593,0.06802835733000001
33.64,0.007934192,0.007934192,0.07783442352
33.660000000000004,0.01018635,0.01018635,0.09992809350000001
33.68,0.009887491,0.009887491,0.09699628671
33.7,0.01052703,0.01052703,0.10327016430000001
33.72,0.01013943,0.01013943,0.0994678083
33.74,0.008637987,0.008637987,0.08473865247
33.76,0.01041176,0.01041176,0.10213936560000002
33.78,0.0122294,0.0122294,0.119970414
33.8,0.01292096,0.01292096,0.1267546176
33.82,0.01130528,0.01130528,0.1109047968
33.84,0.00723548,0.00723548,0.0709800588
33.86,0.003923539,0.003923539,0.038489917590000006
33.88,0.0004626775,0.0004626775,0.004538866275
33.9,-0.001975124,-0.001975124,-0.01937596644
33.92,-0.004938226,-0.004938226,-0.04844399706000001
33.94,-0.007898267,-0.007898267,-0.07748199927
33.96,-0.008114509,-0.008114509,-0.07960333329000001
33.980000000000004,-0.00836339,-0.00836339,-0.0820448559
34.0,-0.007691212,-0.007691212,-0.07545078972000001
34.02,-0.007955394,-0.007955394,-0.07804241514
34.04,-0.007507616,-0.007507616,-0.07364971296
34.06,-0.006589619,-0.006589619,-0.06464416239
34.08,-0.00626424,-0.00626424,-0.0614521944
34.1,-0.003958022,-0.003958022,-0.03882819582
34.12,-0.003384784,-0.003384784,-0.033204731040000005
34.14,-0.002883967,-0.002883967,-0.02829171627
34.160000000000004,-0.001096929,-0.001096929,-0.01076087349
34.18,-0.0008235715,-0.0008235715,-0.008079236415
34.2,-0.001548794,-0.001548794,-0.015193669140000001
34.22,-0.001267276,-0.001267276,-0.01243197756
34.24,-0.0007899186,-0.0007899186,-0.007749101466
34.26,-0.0005379811,-0.0005379811,-0.005277594591000001
34.28,-0.0008684636,-0.0008684636,-0.008519627916
34.300000000000004,-0.0004533262,-0.0004533262,-0.0044471300220000004
34.32,-0.0006440688,-0.0006440688,-0.006318314928
34.34,-0.002316872,-0.002316872,-0.022728514320000004
34.36,-0.001773214,-0.001773214,-0.017395229340000002
34.38,-0.001327477,-0.001327477,-0.01302254937
34.4,0.0009144801,0.0009144801,0.008971049781
34.42,0.001560137,0.001560137,0.015304943970000002
34.44,0.001525455,0.001525455,0.014964713550000001
34.46,0.002536271,0.002536271,0.024880818510000003
34.480000000000004,0.001360208,0.001360208,0.01334364048
34.5,0.0002106651,0.0002106651,0.002066624631
34.52,-0.001268338,-0.001268338,-0.01244239578
34.54,-0.002568841,-0.002568841,-0.025200330210000003
34.56,-0.002543345,-0.002543345,-0.02495021445
34.58,-0.0003319877,-0.0003319877,-0.0032567993370000003
34.6,0.002262889,0.002262889,0.022198941090000004
34.62,0.004757806,0.004757806,0.046674076860000004
34.64,0.006432641,0.006432641,0.06310420821000001
34.660000000000004,0.004876118,0.004876118,0.04783471758
34.68,0.003704135,0.003704135,0.036337564350000004
34.7,0.003980552,0.003980552,0.03904921512
34.72,0.002681067,0.002681067,0.02630126727
34.74,0.001421364,0.001421364,0.01394358084
34.76,0.0006706404,0.0006706404,0.006578982324000001
34.78,-0.0009868634,-0.0009868634,-0.009681129954
34.800000000000004,-0.002010947,-0.002010947,-0.01972739007
34.82,-0.001368352,-0.001368352,-0.013423533120000001
34.84,-0.001088875,-0.001088875,-0.010681863750000001
34.86,-0.001155179,-0.001155179,-0.011332305990000001
34.88,-0.001964043,-0.001964043,-0.01926726183
34.9,-0.003361447,-0.003361447,-0.03297579507
34.92,-0.003943871,-0.003943871,-0.03868937451
34.94,-0.002602575,-0.002602575,-0.025531260750000003
34.96,0.0007073203,0.0007073203,0.006938812143000001
34.980000000000004,0.0005430961,0.0005430961,0.005327772741000001
35.0,-0.001237828,-0.001237828,-0.012143092680000002
35.02,-0.002817812,-0.002817812,-0.02764273572
35.04,-0.004287637,-0.004287637,-0.04206171897000001
35.06,-0.003461441,-0.003461441,-0.033956736210000005
35.08,-0.003837826,-0.003837826,-0.03764907306
35.1,-0.00375317,-0.00375317,-0.036818597700000004
35.12,-0.003640975,-0.003640975,-0.03571796475
35.14,-0.0035145,-0.0035145,-0.034477245
35.160000000000004,-0.002786224,-0.002786224,-0.02733285744
35.18,-0.001694829,-0.001694829,-0.01662627249
35.2,-0.001252154,-0.001252154,-0.012283630739999999
35.22,-0.002386399,-0.002386399,-0.023410574190000002
35.24,-0.001977383,-0.001977383,-0.019398127230000003
35.26,-0.002953528,-0.002953528,-0.028974109680000002
35.28,-0.003233014,-0.003233014,-0.03171586734
35.300000000000004,-0.002936199,-0.002936199,-0.02880411219
35.32,-0.004655924,-0.004655924,-0.04567461444
35.34,-0.006982548,-0.006982548,-0.06849879588
35.36,-0.006457254,-0.006457254,-0.06334566174
35.38,-0.006412379,-0.006412379,-0.06290543799000001
35.4,-0.005694304,-0.005694304,-0.05586112224
35.42,-0.00472429,-0.00472429,-0.0463452849
35.44,-0.005051715,-0.005051715,-0.049557324150000005
35.46,-0.002190621,-0.002190621,-0.02148999201
35.480000000000004,-0.0003668661,-0.0003668661,-0.0035989564410000003
35.5,0.0009999285,0.0009999285,0.009809298584999999
35.52,0.001507882,0.001507882,0.014792322420000002
35.54,0.0009662573,0.0009662573,0.009478984113000001
35.56,0.0005460117,0.0005460117,0.0053563747770000005
35.58,-0.0003475139,-0.0003475139,-0.003409111359
35.6,-0.00208866,-0.00208866,-0.0204897546
35.62,-0.003876725,-0.003876725,-0.03803067225
35.64,-0.005291471,-0.005291471,-0.051909330510000004
35.660000000000004,-0.006703157,-0.006703157,-0.06575797017000001
35.68,-0.006496103,-0.006496103,-0.06372677043
35.7,-0.005850449,-0.005850449,-0.05739290469
35.72,-0.004211315,-0.004211315,-0.04131300015
35.74,-0.002602781,-0.002602781,-0.025533281610000003
35.76,-0.000534227,-0.000534227,-0.00524076687
35.78,0.001615927,0.001615927,0.01585224387
35.800000000000004,0.00352026,0.00352026,0.0345337506
35.82,0.004332174,0.004332174,0.042498626940000006
35.84,0.003752808,0.003752808,0.03681504648
35.86,0.004656521,0.004656521,0.04568047101000001
35.88,0.004356635,0.004356635,0.04273858935
35.9,0.004840109,0.004840109,0.04748146929000001
35.92,0.004807462,0.004807462,0.047161202220000004
35.94,0.005075716,0.005075716,0.04979277396
35.96,0.00828361,0.00828361,0.08126221410000001
35.980000000000004,0.009632043,0.009632043,0.09449034183
36.0,0.01008594,0.01008594,0.0989430714
36.02,0.00982685,0.00982685,0.0964013985
36.04,0.009955363,0.009955363,0.09766211103000001
36.06,0.009496356,0.009496356,0.09315925236
36.08,0.009446369,0.009446369,0.09266887989
36.1,0.007786823,0.007786823,0.07638873363000001
36.12,0.005198056,0.005198056,0.05099292936000001
36.14,0.004712529,0.004712529,0.046229909490000005
36.160000000000004,0.005688662,0.005688662,0.05580577422
36.18,0.007574635,0.007574635,0.07430716935000001
36.2,0.007370627,0.007370627,0.07230585087000001
36.22,0.00637408,0.00637408,0.0625297248
36.24,0.005029713,0.005029713,0.04934148453
36.26,0.004970546,0.004970546,0.048761056260000005
36.28,0.004767559,0.004767559,0.04676975379000001
36.300000000000004,0.006927912,0.006927912,0.06796281672
36.32,0.007780625,0.007780625,0.07632793125000001
36.34,0.007634757,0.007634757,0.07489696617
36.36,0.01081103,0.01081103,0.1060562043
36.38,0.01182185,0.01182185,0.1159723485
36.4,0.01174738,0.01174738,0.1152417978
36.42,0.01066923,0.01066923,0.10466514630000001
36.44,0.00873224,0.00873224,0.0856632744
36.46,0.006495372,0.006495372,0.06371959932
36.480000000000004,0.003727086,0.003727086,0.03656271366
36.5,0.002365378,0.002365378,0.023204358180000002
36.52,0.00248369,0.00248369,0.024364998900000004
36.54,0.001630962,0.001630962,0.01599973722
36.56,0.0008924745,0.0008924745,0.008755174845000002
36.58,-0.001270954,-0.001270954,-0.01246805874
36.6,-0.004534961,-0.004534961,-0.04448796741
36.62,-0.005213269,-0.005213269,-0.051142168890000006
36.64,-0.005354037,-0.005354037,-0.05252310297
36.660000000000004,-0.006048665,-0.006048665,-0.05933740365
36.68,-0.007000332,-0.007000332,-0.06867325692
36.7,-0.00575696,-0.00575696,-0.056475777600000006
36.72,-0.005332649,-0.005332649,-0.05231328669
36.74,-0.005855917,-0.005855917,-0.05744654577000001
36.76,-0.004743105,-0.004743105,-0.04652986005
36.78,-0.005725373,-0.005725373,-0.056165909130000004
36.800000000000004,-0.006211922,-0.006211922,-0.06093895482
36.82,-0.007663389,-0.007663389,-0.07517784609
36.84,-0.008368218,-0.008368218,-0.08209221858
36.86,-0.008322327,-0.008322327,-0.08164202787
36.88,-0.009509614,-0.009509614,-0.09328931334
36.9,-0.008664043,-0.008664043,-0.08499426183
36.92,-0.008663031,-0.008663031,-0.08498433411
36.94,-0.00874158,-0.00874158,-0.0857548998
36.96,-0.007121829,-0.007121829,-0.06986514249
36.980000000000004,-0.004768697,-0.004768697,-0.04678091757
37.0,-0.004950266,-0.004950266,-0.04856210946
37.02,-0.005771374,-0.005771374,-0.056617178940000006
37.04,-0.005984563,-0.005984563,-0.05870856303
37.06,-0.004921731,-0.004921731,-0.04828218111000001
37.08,-0.0015588,-0.0015588,-0.015291828
37.1,0.00147263,0.00147263,0.0144465003
37.12,0.003025062,0.003025062,0.02967585822
37.14,0.002333493,0.002333493,0.022891566329999998
37.160000000000004,0.001300224,0.001300224,0.012755197440000001
37.18,0.001066635,0.001066635,0.010463689350000001
37.2,-0.0003593334,-0.0003593334,-0.0035250606540000004
37.22,-0.0003185424,-0.0003185424,-0.003124900944
37.24,-0.0002471515,-0.0002471515,-0.002424556215
37.26,-0.0007428804,-0.0007428804,-0.007287656724000001
37.28,-0.0005786695,-0.0005786695,-0.005676747795000001
37.300000000000004,-0.001443639,-0.001443639,-0.014162098590000002
37.32,-0.003310248,-0.003310248,-0.03247353288
37.34,-0.005344136,-0.005344136,-0.052425974160000006
37.36,-0.004317006,-0.004317006,-0.04234982886
37.38,-0.003746835,-0.003746835,-0.036756451350000004
37.4,-0.003179724,-0.003179724,-0.031193092440000004
37.42,-0.003801934,-0.003801934,-0.03729697254
37.44,-0.002650363,-0.002650363,-0.026000061030000004
37.46,-3.101266e-05,-3.101266e-05,-0.00030423419460000003
37.480000000000004,-0.000467582,-0.000467582,-0.004586979420000001
37.5,0.0005034485,0.0005034485,0.004938829785
37.52,0.001778439,0.001778439,0.01744648659
37.54,0.003753149,0.003753149,0.03681839169
37.56,0.00531476,0.00531476,0.0521377956
37.58,0.00632149,0.00632149,0.062013816900000004
37.6,0.004272301,0.004272301,0.041911272810000004
37.62,0.001832452,0.001832452,0.017976354120000003
37.64,-0.001173498,-0.001173498,-0.01151201538
37.660000000000004,-0.004223307,-0.004223307,-0.041430641670000004
37.68,-0.005989958,-0.005989958,-0.058761487980000006
37.7,-0.007860648,-0.007860648,-0.07711295688
37.72,-0.007625037,-0.007625037,-0.07480161297
37.74,-0.006403087,-0.006403087,-0.06281428347000001
37.76,-0.002911637,-0.002911637,-0.028563158970000002
37.78,0.0004706733,0.0004706733,0.0046173050730000005
37.800000000000004,0.002658564,0.002658564,0.02608051284
37.82,0.003557173,0.003557173,0.03489586713
37.84,0.001860903,0.001860903,0.01825545843
37.86,0.0006450536,0.0006450536,0.006327975816000001
37.88,-0.0003667963,-0.0003667963,-0.0035982717030000003
37.9,-0.0004453463,-0.0004453463,-0.004368847203
37.92,-8.937637e-05,-8.937637e-05,-0.0008767821897000001
37.94,-0.0006595664,-0.0006595664,-0.006470346384
37.96,-0.001276677,-0.001276677,-0.01252420137
37.980000000000004,-0.002323207,-0.002323207,-0.02279066067
38.0,-0.003932776,-0.003932776,-0.03858053256
38.02,-0.004926266,-0.004926266,-0.048326669460000006
38.04,-0.005128237,-0.005128237,-0.05030800497
38.06,-0.004269407,-0.004269407,-0.04188288267
38.08,-0.002925057,-0.002925057,-0.028694809170000002
38.1,-0.001141088,-0.001141088,-0.01119407328
38.12,-3.23583e-05,-3.23583e-05,-0.000317434923
38.14,-0.0004424086,-0.0004424086,-0.004340028366
38.160000000000004,0.001083501,0.001083501,0.01062914481
38.18,0.002042291,0.002042291,0.02003487471
38.2,0.00331728,0.00331728,0.032542516800000004
38.22,0.004779949,0.004779949,0.046891299690000006
38.24,0.004188339,0.004188339,0.041087605590000006
38.26,0.004951289,0.004951289,0.048572145090000005
38.28,0.004283178,0.004283178,0.042017976180000007
38.300000000000004,0.003997568,0.003997568,0.03921614208
38.32,0.003162177,0.003162177,0.03102095637
38.34,0.001138486,0.001138486,0.01116854766
38.36,0.002889816,0.002889816,0.02834909496
38.38,0.005237846,0.005237846,0.05138326926
38.4,0.006077295,0.006077295,0.05961826395
38.42,0.007370644,0.007370644,0.07230601764
38.44,0.007194173,0.007194173,0.07057483713
38.46,0.007137043,0.007137043,0.07001439183000001
38.480000000000004,0.007317572,0.007317572,0.07178538132
38.5,0.007113561,0.007113561,0.06978403341
38.52,0.00706357,0.00706357,0.0692936217
38.54,0.00442992,0.00442992,0.043457515200000005
38.56,0.002050249,0.002050249,0.020112942690000003
38.58,0.000129578,0.000129578,0.0012711601800000003
38.6,-0.003245613,-0.003245613,-0.03183946353
38.62,-0.005761964,-0.005761964,-0.05652486684
38.64,-0.005298894,-0.005298894,-0.05198215014
38.660000000000004,-0.005012285,-0.005012285,-0.049170515850000006
38.68,-0.004162637,-0.004162637,-0.040835468970000004
38.7,-0.003301767,-0.003301767,-0.03239033427
38.72,-0.002657138,-0.002657138,-0.02606652378
38.74,-0.00184727,-0.00184727,-0.0181217187
38.76,-0.0006824405,-0.0006824405,-0.006694741305000001
38.78,-0.0007334515,-0.0007334515,-0.007195159215000001
38.800000000000004,-0.001973782,-0.001973782,-0.01936280142
38.82,-0.0008426137,-0.0008426137,-0.008266040397000001
38.84,-0.0008936247,-0.0008936247,-0.008766458307
38.86,-0.0004366758,-0.0004366758,-0.004283789598
38.88,-0.000446887,-0.000446887,-0.00438396147
38.9,-0.001805538,-0.001805538,-0.017712327780000002
38.92,-0.003445709,-0.003445709,-0.033802405290000004
38.94,-0.00463606,-0.00463606,-0.0454797486
38.96,-0.003043852,-0.003043852,-0.029860188120000002
38.980000000000004,-0.0004020629,-0.0004020629,-0.003944237049
39.0,-6.037411e-05,-6.037411e-05,-0.0005922700191
39.02,0.0008351746,0.0008351746,0.008193062826
39.04,0.0008453634,0.0008453634,0.008293014954
39.06,0.0004434721,0.0004434721,0.004350461301
39.08,0.0002547608,0.0002547608,0.002499203448
39.1,0.0004250895,0.0004250895,0.004170127995
39.12,0.001709258,0.001709258,0.01676782098
39.14,0.001028907,0.001028907,0.01009357767
39.160000000000004,0.001126815,0.001126815,0.01105405515
39.18,0.0007024841,0.0007024841,0.006891369021
39.2,-0.0002043072,-0.0002043072,-0.002004253632
39.22,-0.002115798,-0.002115798,-0.02075597838
39.24,-0.002927729,-0.002927729,-0.028721021490000002
39.26,-0.002957321,-0.002957321,-0.02901131901
39.28,-0.003979372,-0.003979372,-0.039037639320000005
39.300000000000004,-0.004886165,-0.004886165,-0.04793327865
39.32,-0.004969816,-0.004969816,-0.04875389496
39.34,-0.005193207,-0.005193207,-0.05094536067
39.36,-0.003141999,-0.003141999,-0.03082301019
39.38,-0.00151307,-0.00151307,-0.014843216700000002
39.4,-0.001076522,-0.001076522,-0.01056068082
39.42,-0.001227493,-0.001227493,-0.01204170633
39.44,-0.002564724,-0.002564724,-0.025159942440000003
39.46,-0.0006675362,-0.0006675362,-0.006548530122000001
39.480000000000004,0.001739652,0.001739652,0.01706598612
39.5,0.00391632,0.00391632,0.0384190992
39.52,0.004843489,0.004843489,0.047514627090000004
39.54,0.005085218,0.005085218,0.04988598858
39.56,0.007525045,0.007525045,0.07382069145
39.58,0.009271274,0.009271274,0.09095119794
39.6,0.008260443,0.008260443,0.08103494583
39.62,0.007284291,0.007284291,0.07145889471
39.64,0.004904619,0.004904619,0.048114312390000004
39.660000000000004,0.003347068,0.003347068,0.03283473708
39.68,0.001053076,0.001053076,0.01033067556
39.7,0.0002452246,0.0002452246,0.0024056533259999998
39.72,-0.000845167,-0.000845167,-0.00829108827
39.74,-0.004036759,-0.004036759,-0.03960060579
39.76,-0.00359919,-0.00359919,-0.035308053900000004
39.78,-0.002695482,-0.002695482,-0.02644267842
39.800000000000004,-0.0005993937,-0.0005993937,-0.005880052197
39.82,7.073455e-05,7.073455e-05,0.0006939059355
39.84,9.522859e-06,9.522859e-06,9.341924679e-05
39.86,-0.0007350888,-0.0007350888,-0.007211221128000001
39.88,-0.0004270605,-0.0004270605,-0.004189463505
39.9,0.001674128,0.001674128,0.016423195680000002
39.92,0.002091296,0.002091296,0.02051561376
39.94,0.002868524,0.002868524,0.02814022044
39.96,0.004115972,0.004115972,0.04037768532
39.980000000000004,0.00524816,0.00524816,0.0514844496
40.0,0.004677969,0.004677969,0.04589087589
40.02,0.004921737,0.004921737,0.04828223997
40.04,0.004355626,0.004355626,0.04272869106
40.06,0.003113254,0.003113254,0.030541021740000004
40.08,0.004594282,0.004594282,0.04506990642
40.1,0.00486355,0.00486355,0.04771142550000001
40.12,0.004872718,0.004872718,0.04780136358
40.14,0.004303547,0.004303547,0.04221779607
40.160000000000004,0.003074435,0.003074435,0.03016020735
40.18,0.002284944,0.002284944,0.022415300640000003
40.2,0.001051752,0.001051752,0.01031768712
40.22,-0.0005659801,-0.0005659801,-0.005552264781
40.24,-0.001277952,-0.001277952,-0.01253670912
40.26,-0.003095604,-0.003095604,-0.03036787524
40.28,-0.005050956,-0.005050956,-0.04954987836
40.300000000000004,-0.005531387,-0.005531387,-0.05426290647
40.32,-0.007059359,-0.007059359,-0.06925231179
40.34,-0.00909529,-0.00909529,-0.08922479490000002
40.36,-0.008439442,-0.008439442,-0.08279092602
40.38,-0.007593874,-0.007593874,-0.07449590394
40.4,-0.007547985,-0.007547985,-0.07404573285
40.42,-0.007473537,-0.007473537,-0.07331539797
40.44,-0.00788461,-0.00788461,-0.07734802410000001
40.46,-0.006677961,-0.006677961,-0.06551079741
40.480000000000004,-0.005775273,-0.005775273,-0.056655428130000005
40.5,-0.004620645,-0.004620645,-0.045328527449999996
40.52,-0.004153497,-0.004153497,-0.04074580557
40.54,-0.004659428,-0.004659428,-0.04570898868000001
40.56,-0.00359558,-0.00359558,-0.035272639800000005
40.58,-0.002377712,-0.002377712,-0.023325354720000004
40.6,-0.0007396036,-0.0007396036,-0.0072555113160000006
40.62,0.001195324,0.001195324,0.01172612844
40.64,0.004244092,0.004244092,0.04163454252
40.660000000000004,0.005230421,0.005230421,0.05131043001
40.68,0.005292629,0.005292629,0.051920690490000004
40.7,0.006367697,0.006367697,0.062467107570000006
40.72,0.006098406,0.006098406,0.05982536286
40.74,0.006670614,0.006670614,0.06543872334
40.76,0.006661422,0.006661422,0.06534854982
40.78,0.005557771,0.005557771,0.05452173351
40.800000000000004,0.004814179,0.004814179,0.04722709599
40.82,0.005651587,0.005651587,0.05544206847
40.84,0.005323136,0.005323136,0.05221996416
40.86,0.005617904,0.005617904,0.055111638240000003
40.88,0.005895333,0.005895333,0.057833216730000005
40.9,0.006086061,0.006086061,0.05970425841
40.92,0.006520569,0.006520569,0.06396678189
40.94,0.004203118,0.004203118,0.04123258758
40.96,0.003242266,0.003242266,0.031806629460000006
40.980000000000004,0.003151474,0.003151474,0.03091595994
41.0,0.002048843,0.002048843,0.02009914983
41.02,0.001233851,0.001233851,0.01210407831
41.04,0.00128382,0.00128382,0.0125942742
41.06,0.001693848,0.001693848,0.01661664888
41.08,0.0007156561,0.0007156561,0.0070205863410000005
41.1,0.0006717845,0.0006717845,0.006590205945
41.12,0.0001556529,0.0001556529,0.0015269549490000002
41.14,0.0003994214,0.0003994214,0.003918323934
41.160000000000004,0.00150713,0.00150713,0.014784945300000001
41.18,0.001547919,0.001547919,0.01518508539
41.2,0.0001494868,0.0001494868,0.001466465508
41.22,0.0001851753,0.0001851753,0.0018165696930000001
41.24,-0.0001320562,-0.0001320562,-0.001295471322
41.26,-0.001893607,-0.001893607,-0.018576284670000002
41.28,-0.002642299,-0.002642299,-0.02592095319
41.300000000000004,-0.00228531,-0.00228531,-0.0224188911
41.32,-0.003137022,-0.003137022,-0.030774185820000004
41.34,-0.005402453,-0.005402453,-0.05299806393
41.36,-0.004819025,-0.004819025,-0.04727463525
41.38,-0.006567316,-0.006567316,-0.06442536996
41.4,-0.008561427,-0.008561427,-0.08398759887
41.42,-0.009312159,-0.009312159,-0.09135227979
41.44,-0.00821567,-0.00821567,-0.0805957227
41.46,-0.008163662,-0.008163662,-0.08008552422000001
41.480000000000004,-0.007148773,-0.007148773,-0.07012946313
41.5,-0.004779324,-0.004779324,-0.04688516844
41.52,-0.002818896,-0.002818896,-0.02765336976
41.54,-0.001879487,-0.001879487,-0.01843776747
41.56,-0.001057378,-0.001057378,-0.010372878180000001
41.58,0.0003665301,0.0003665301,0.003595660281
41.6,-0.001402161,-0.001402161,-0.013755199410000002
41.62,-0.002121272,-0.002121272,-0.02080967832
41.64,-0.001571503,-0.001571503,-0.01541644443
41.660000000000004,-0.001496034,-0.001496034,-0.01467609354
41.68,-0.001808165,-0.001808165,-0.017738098650000002
41.7,-0.002306957,-0.002306957,-0.022631248170000003
41.72,-0.003380008,-0.003380008,-0.03315787848
41.74,-0.004594839,-0.004594839,-0.045075370590000004
41.76,-0.00327089,-0.00327089,-0.0320874309
41.78,-0.0005770816,-0.0005770816,-0.005661170496000001
41.800000000000004,0.001534307,0.001534307,0.01505155167
41.82,0.003349896,0.003349896,0.03286247976
41.84,0.002445145,0.002445145,0.023986872450000002
41.86,0.003261134,0.003261134,0.03199172454
41.88,0.003898623,0.003898623,0.03824549163
41.9,0.003964912,0.003964912,0.038895786720000006
41.92,0.002646041,0.002646041,0.025957662210000003
41.94,0.00185043,0.00185043,0.0181527183
41.96,0.002780659,0.002780659,0.027278264790000003
41.980000000000004,0.001745348,0.001745348,0.01712186388
42.0,0.001024197,0.001024197,0.01004737257
42.02,-0.0001284132,-0.0001284132,-0.001259733492
42.04,-0.002190864,-0.002190864,-0.02149237584
42.06,-0.003883055,-0.003883055,-0.03809276955
42.08,-0.004890826,-0.004890826,-0.047979003060000004
42.1,-0.004569537,-0.004569537,-0.04482715797
42.12,-0.003896347,-0.003896347,-0.03822316407
42.14,-0.004243158,-0.004243158,-0.04162537998000001
42.160000000000004,-0.002739689,-0.002739689,-0.02687634909
42.18,-0.001347399,-0.001347399,-0.01321798419
42.2,-0.0002968098,-0.0002968098,-0.002911704138
42.22,0.00185844,0.00185844,0.018231296400000003
42.24,0.003662809,0.003662809,0.03593215629
42.26,0.004934739,0.004934739,0.04840978959
42.28,0.004307428,0.004307428,0.04225586868
42.300000000000004,0.004267638,0.004267638,0.04186552878
42.32,0.004641967,0.004641967,0.045537696270000004
42.34,0.003720896,0.003720896,0.03650198976
42.36,0.004153365,0.004153365,0.04074451065
42.38,0.003714755,0.003714755,0.03644174655
42.4,0.003636205,0.003636205,0.03567117105
42.42,0.003172094,0.003172094,0.031118242140000002
42.44,0.003195544,0.003195544,0.03134828664
42.46,0.002579454,0.002579454,0.02530444374
42.480000000000004,0.001702244,0.001702244,0.01669901364
42.5,4.167357e-05,4.167357e-05,0.0004088177217
42.52,-0.001647457,-0.001647457,-0.01616155317
42.54,-0.002253347,-0.002253347,-0.022105334070000003
42.56,-0.002700117,-0.002700117,-0.02648814777
42.58,-0.001187467,-0.001187467,-0.01164905127
42.6,-0.001992258,-0.001992258,-0.019544050979999998
42.62,-0.003342748,-0.003342748,-0.032792357880000005
42.64,-0.005093078,-0.005093078,-0.04996309518
42.660000000000004,-0.005743847,-0.005743847,-0.05634713907
42.68,-0.006541497,-0.006541497,-0.06417208557000001
42.7,-0.005112487,-0.005112487,-0.05015349747
42.72,-0.002640017,-0.002640017,-0.025898566770000003
42.74,-0.001605747,-0.001605747,-0.01575237807
42.76,0.0007810428,0.0007810428,0.007662029868
42.78,0.0006820931,0.0006820931,0.006691333311
42.800000000000004,0.001051323,0.001051323,0.010313478630000001
42.82,0.001285914,0.001285914,0.012614816340000001
42.84,0.001065584,0.001065584,0.01045337904
42.86,0.000653494,0.000653494,0.00641077614
42.88,0.0007320243,0.0007320243,0.007181158383
42.9,0.002534355,0.002534355,0.02486202255
42.92,0.002978045,0.002978045,0.029214621450000002
42.94,0.003826676,0.003826676,0.037539691560000005
42.96,0.005017005,0.005017005,0.04921681905
42.980000000000004,0.005978856,0.005978856,0.058652577360000006
43.0,0.004469247,0.004469247,0.04384331307
43.02,0.002816838,0.002816838,0.02763318078
43.04,0.001587728,0.001587728,0.015575611680000002
43.06,0.001180738,0.001180738,0.01158303978
43.08,-0.0002992905,-0.0002992905,-0.0029360398050000003
43.1,-0.00229646,-0.00229646,-0.022528272600000003
43.12,-0.003577589,-0.003577589,-0.03509614809
43.14,-0.003964178,-0.003964178,-0.03888858618
43.160000000000004,-0.002243448,-0.002243448,-0.02200822488
43.18,-0.001106157,-0.001106157,-0.01085140017
43.2,-0.001170426,-0.001170426,-0.01148187906
43.22,-0.001720215,-0.001720215,-0.01687530915
43.24,-0.001516224,-0.001516224,-0.01487415744
43.26,7.4967e-05,7.4967e-05,0.0007354262700000001
43.28,0.001664117,0.001664117,0.01632498777
43.300000000000004,0.003824469,0.003824469,0.03751804089
43.32,0.0048618,0.0048618,0.047694258
43.34,0.003284871,0.003284871,0.03222458451
43.36,0.003853002,0.003853002,0.03779794962
43.38,0.003256294,0.003256294,0.03194424414
43.4,0.001564105,0.001564105,0.015343870050000001
43.42,-0.001751924,-0.001751924,-0.01718637444
43.44,-0.001958992,-0.001958992,-0.019217711520000003
43.46,-0.001654021,-0.001654021,-0.016225946010000002
43.480000000000004,-0.00187027,-0.00187027,-0.018347348700000002
43.5,-0.001052238,-0.001052238,-0.01032245478
43.52,-0.001556127,-0.001556127,-0.01526560587
43.54,-0.001779515,-0.001779515,-0.01745704215
43.56,-0.001060423,-0.001060423,-0.010402749630000001
43.58,3.428081e-06,3.428081e-06,3.362947461e-05
43.6,3.707974e-05,3.707974e-05,0.0003637522494
43.62,-0.0008972485,-0.0008972485,-0.008802007785
43.64,-0.002543537,-0.002543537,-0.02495209797
43.660000000000004,-0.003258565,-0.003258565,-0.03196652265
43.68,-0.002483373,-0.002483373,-0.02436188913
43.7,-0.001708181,-0.001708181,-0.01675725561
43.72,-0.001719409,-0.001719409,-0.016867402290000003
43.74,-0.001415457,-0.001415457,-0.01388563317
43.76,-0.001199225,-0.001199225,-0.01176439725
43.78,-0.0007973534,-0.0007973534,-0.007822036854
43.800000000000004,-0.0001088613,-0.0001088613,-0.001067929353
43.82,0.0003756308,0.0003756308,0.0036849381480000003
43.84,-0.000663757,-0.000663757,-0.00651145617
43.86,-0.0009799647,-0.0009799647,-0.009613453707000001
43.88,-0.001175812,-0.001175812,-0.011534715720000002
43.9,-0.0002945403,-0.0002945403,-0.002889440343
43.92,0.0008723321,0.0008723321,0.008557577901
43.94,0.0005438845,0.0005438845,0.0053355069449999995
43.96,0.001993297,0.001993297,0.019554243570000004
43.980000000000004,0.003087749,0.003087749,0.03029081769
44.0,0.003250942,0.003250942,0.03189174102
44.02,0.002572635,0.002572635,0.025237549350000003
44.04,0.002366587,0.002366587,0.02321621847
44.06,0.003415139,0.003415139,0.033502513590000005
44.08,0.004264793,0.004264793,0.041837619330000006
44.1,0.006343545,0.006343545,0.06223017645
44.12,0.006196658,0.006196658,0.06078921498
44.14,0.005027731,0.005027731,0.04932204111
44.160000000000004,0.004840044,0.004840044,0.04748083164
44.18,0.004594216,0.004594216,0.045069258960000004
44.2,0.00465337,0.00465337,0.04564955970000001
44.22,0.003094803,0.003094803,0.030360017430000004
44.24,0.002023796,0.002023796,0.01985343876
44.26,0.0005172492,0.0005172492,0.005074214652
44.28,-0.0009444175,-0.0009444175,-0.009264735675
44.300000000000004,-0.0007863243,-0.0007863243,-0.0077138413830000006
44.32,-0.000811831,-0.000811831,-0.00796406211
44.34,-0.002842657,-0.002842657,-0.027886465170000003
44.36,-0.003118064,-0.003118064,-0.03058820784
44.38,-0.003120111,-0.003120111,-0.030608288910000003
44.4,-0.003767817,-0.003767817,-0.036962284770000006
44.42,-0.004130944,-0.004130944,-0.040524560640000006
44.44,-0.00374947,-0.00374947,-0.0367823007
44.46,-0.004410436,-0.004410436,-0.04326637716
44.480000000000004,-0.005341702,-0.005341702,-0.052402096620000005
44.5,-0.004892909,-0.004892909,-0.04799943729
44.52,-0.004538975,-0.004538975,-0.04452734475
44.54,-0.003992261,-0.003992261,-0.03916408041
44.56,-0.003052848,-0.003052848,-0.02994843888
44.58,-0.001691154,-0.001691154,-0.01659022074
44.6,-0.0007201195,-0.0007201195,-0.007064372295
44.62,-0.0006191455,-0.0006191455,-0.006073817355
44.64,-0.0004630913,-0.0004630913,-0.004542925653
44.660000000000004,-0.0006609771,-0.0006609771,-0.006484185351000001
44.68,-0.002239943,-0.002239943,-0.02197384083
44.7,-0.002708129,-0.002708129,-0.02656674549
44.72,-0.003000875,-0.003000875,-0.029438583750000004
44.74,-0.0027775,-0.0027775,-0.027247275
44.76,-0.001367866,-0.001367866,-0.013418765459999999
44.78,-0.000319311,-0.000319311,-0.0031324409100000005
44.800000000000004,-0.0002825965,-0.0002825965,-0.002772271665
44.82,-0.0002316019,-0.0002316019,-0.002272014639
44.84,-0.0002887272,-0.0002887272,-0.002832413832
44.86,-0.0001846925,-0.0001846925,-0.0018118334250000001
44.88,-0.0003825777,-0.0003825777,-0.0037530872370000004
44.9,0.0004884971,0.0004884971,0.0047921565510000005
44.92,0.0001916719,0.0001916719,0.0018803013390000002
44.94,-0.0001734931,-0.0001734931,-0.001701967311
44.96,0.0007689819,0.0007689819,0.007543712439000001
44.980000000000004,-0.000283663,-0.000283663,-0.0027827340300000006
45.0,-0.001476047,-0.001476047,-0.014480021070000001
45.02,-0.001250633,-0.001250633,-0.01226870973
45.04,-0.001503598,-0.001503598,-0.014750296380000001
45.06,-0.001726982,-0.001726982,-0.01694169342
45.08,-7.050696e-05,-7.050696e-05,-0.0006916732776000001
45.1,0.001022928,0.001022928,0.01003492368
45.12,0.001053524,0.001053524,0.01033507044
45.14,0.001323819,0.001323819,0.01298666439
45.160000000000004,0.001484975,0.001484975,0.01456760475
45.18,0.001896031,0.001896031,0.01860006411
45.2,0.002040866,0.002040866,0.020020895460000004
45.22,0.002690602,0.002690602,0.02639480562
45.24,0.002449878,0.002449878,0.02403330318
45.26,0.001074913,0.001074913,0.01054489653
45.28,0.00113611,0.00113611,0.0111452391
45.300000000000004,0.0002997055,0.0002997055,0.002940110955
45.32,0.0006556814,0.0006556814,0.006432234534000001
45.34,-0.0001348224,-0.0001348224,-0.001322607744
45.36,-0.0001256463,-0.0001256463,-0.001232590203
45.38,0.00022319,0.00022319,0.0021894939
45.4,-0.0001807339,-0.0001807339,-0.0017729995589999999
45.42,0.0004781825,0.0004781825,0.004690970325
45.44,0.0008290589,0.0008290589,0.008133067809
45.46,0.001835795,0.001835795,0.01800914895
45.480000000000004,0.001573652,0.001573652,0.015437526120000001
45.5,0.0002976284,0.0002976284,0.0029197346040000004
45.52,-0.0006234349,-0.0006234349,-0.006115896369
45.54,-0.001814798,-0.001814798,-0.01780316838
45.56,-0.001566942,-0.001566942,-0.015371701020000001
45.58,0.0002578352,0.0002578352,0.0025293633120000002
45.6,0.0005648521,0.0005648521,0.005541199101000001
45.62,0.000532209,0.000532209,0.00522097029
45.64,-0.0008672339,-0.0008672339,-0.008507564559000001
45.660000000000004,-0.0007693168,-0.0007693168,-0.007546997808
45.68,6.810025e-05,6.810025e-05,0.0006680634525000001
45.7,0.001909197,0.001909197,0.018729222570000002
45.72,0.003742134,0.003742134,0.03671033454
45.74,0.005202772,0.005202772,0.051039193319999995
45.76,0.006395149,0.006395149,0.06273641169000001
45.78,0.007314166,0.007314166,0.07175196846000001
45.800000000000004,0.007770104,0.007770104,0.07622472024
45.82,0.007018362,0.007018362,0.06885013122
45.84,0.005138499,0.005138499,0.05040867519000001
45.86,0.003396337,0.003396337,0.033318065970000005
45.88,0.001467515,0.001467515,0.01439632215
45.9,0.001086033,0.001086033,0.01065398373
45.92,-0.00107433,-0.00107433,-0.0105391773
45.94,-0.001533332,-0.001533332,-0.015041986920000002
45.96,0.0006035664,0.0006035664,0.005920986384
45.980000000000004,0.0002792045,0.0002792045,0.0027389961450000003
46.0,0.0001262026,0.0001262026,0.001238047506
46.02,0.0004597408,0.0004597408,0.004510057248
46.04,0.0008452991,0.0008452991,0.008292384171
46.06,0.001022778,0.001022778,0.010033452180000001
46.08,0.002510955,0.002510955,0.02463246855
46.1,0.003011774,0.003011774,0.029545502940000003
46.12,0.003240253,0.003240253,0.03178688193
46.14,0.004372451,0.004372451,0.04289374431
46.160000000000004,0.00550771,0.00550771,0.0540306351
46.18,0.005219048,0.005219048,0.051198860879999995
46.2,0.005109907,0.005109907,0.050128187670000005
46.22,0.004811046,0.004811046,0.04719636126000001
46.24,0.003763506,0.003763506,0.03691999386
46.26,0.001766344,0.001766344,0.01732783464
46.28,0.001976463,0.001976463,0.01938910203
46.300000000000004,0.002048883,0.002048883,0.02009954223
46.32,0.0002781616,0.0002781616,0.0027287652960000003
46.34,-0.001083539,-0.001083539,-0.01062951759
46.36,-0.0003521999,-0.0003521999,-0.0034550810190000004
46.38,-0.001460941,-0.001460941,-0.014331831210000002
46.4,-0.003106201,-0.003106201,-0.03047183181
46.42,-0.004457702,-0.004457702,-0.04373005662
46.44,-0.004901402,-0.004901402,-0.04808275362
46.46,-0.003941582,-0.003941582,-0.03866691942
46.480000000000004,-0.003951782,-0.003951782,-0.03876698142
46.5,-0.004409763,-0.004409763,-0.043259775029999996
46.52,-0.006062163,-0.006062163,-0.05946981903
46.54,-0.005844903,-0.005844903,-0.05733849843
46.56,-0.004608663,-0.004608663,-0.04521098403
46.58,-0.004533183,-0.004533183,-0.04447052523
46.6,-0.004244523,-0.004244523,-0.04163877063
46.62,-0.002849163,-0.002849163,-0.027950289030000002
46.64,-0.002531943,-0.002531943,-0.024838360830000003
46.660000000000004,-0.001543563,-0.001543563,-0.01514235303
46.68,-0.0003501619,-0.0003501619,-0.0034350882390000005
46.7,0.001374659,0.001374659,0.01348540479
46.72,0.000963599,0.000963599,0.00945290619
46.74,-0.0005919004,-0.0005919004,-0.005806542924000001
46.76,0.0003760802,0.0003760802,0.003689346762
46.78,-0.0004715391,-0.0004715391,-0.004625798571
46.800000000000004,-0.0009346182,-0.0009346182,-0.009168604542
46.82,-0.001468077,-0.001468077,-0.01440183537
46.84,-0.003075596,-0.003075596,-0.03017159676
46.86,-0.002345275,-0.002345275,-0.02300714775
46.88,-0.003545814,-0.003545814,-0.03478443534
46.9,-0.003549893,-0.003549893,-0.034824450330000006
46.92,-0.005304291,-0.005304291,-0.05203509471
46.94,-0.00763193,-0.00763193,-0.0748692333
46.96,-0.00601727,-0.00601727,-0.0590294187
46.980000000000004,-0.005516448,-0.005516448,-0.05411635488
47.0,-0.004372006,-0.004372006,-0.04288937886000001
47.02,-0.003709005,-0.003709005,-0.03638533905
47.04,-0.003138823,-0.003138823,-0.03079185363
47.06,-0.003467262,-0.003467262,-0.03401384022
47.08,-0.00345196,-0.00345196,-0.033863727600000004
47.1,-0.004427078,-0.004427078,-0.04342963518
47.12,-0.004836096,-0.004836096,-0.04744210176
47.14,-0.006300814,-0.006300814,-0.061810985340000006
47.160000000000004,-0.006545612,-0.006545612,-0.06421245372
47.18,-0.00550113,-0.00550113,-0.0539660853
47.2,-0.006801628,-0.006801628,-0.06672397068
47.22,-0.005880565,-0.005880565,-0.05768834265
47.24,-0.005343023,-0.005343023,-0.05241505563
47.26,-0.004653501,-0.004653501,-0.04565084481
47.28,-0.003293839,-0.003293839,-0.03231256059
47.300000000000004,-0.001715897,-0.001715897,-0.016832949570000002
47.32,-0.0009804735,-0.0009804735,-0.009618445035000001
47.34,-0.0008550108,-0.0008550108,-0.008387655948
47.36,0.0005576918,0.0005576918,0.005470956558
47.38,0.001774555,0.001774555,0.01740838455
47.4,0.002470197,0.002470197,0.02423263257
47.42,0.001547101,0.001547101,0.01517706081
47.44,0.001173784,0.001173784,0.01151482104
47.46,0.001256406,0.001256406,0.012325342860000001
47.480000000000004,0.001289049,0.001289049,0.01264557069
47.5,0.001548132,0.001548132,0.015187174920000001
47.52,0.001676657,0.001676657,0.016448005170000002
47.54,0.0005577195,0.0005577195,0.005471228295
47.56,-0.000150157,-0.000150157,-0.00147304017
47.58,0.0002150065,0.0002150065,0.002109213765
47.6,-0.00065403,-0.00065403,-0.006416034300000001
47.62,0.0003414936,0.0003414936,0.003350052216
47.64,0.0003496573,0.0003496573,0.003430138113
47.660000000000004,1.306113e-05,1.306113e-05,0.0001281296853
47.68,0.001653225,0.001653225,0.01621813725
47.7,0.002152009,0.002152009,0.02111120829
47.72,0.002258093,0.002258093,0.022151892330000002
47.74,0.002238717,0.002238717,0.02196181377
47.76,0.003361741,0.003361741,0.03297867921
47.78,0.004342985,0.004342985,0.04260468285
47.800000000000004,0.00431545,0.00431545,0.042334564500000005
47.82,0.004606154,0.004606154,0.04518637074
47.84,0.005177358,0.005177358,0.05078988198
47.86,0.005774063,0.005774063,0.056643558030000006
47.88,0.005925028,0.005925028,0.05812452468
47.9,0.006392192,0.006392192,0.06270740352
47.92,0.005098837,0.005098837,0.05001959097000001
47.94,0.003509681,0.003509681,0.034429970610000006
47.96,0.004656166,0.004656166,0.04567698846
47.980000000000004,0.004772451,0.004772451,0.04681774431
48.0,0.004565396,0.004565396,0.04478653476
48.02,0.006160681,0.006160681,0.060436280610000004
48.04,0.006741066,0.006741066,0.06612985746000001
48.06,0.008196611,0.008196611,0.08040875391
48.08,0.009000376,0.009000376,0.08829368856
48.1,0.008513842,0.008513842,0.08352079002000001
48.120000000000005,0.007153167,0.007153167,0.07017256827
48.14,0.006208652,0.006208652,0.06090687612000001
48.160000000000004,0.006261698,0.006261698,0.061427257379999996
48.18,0.005332484,0.005332484,0.05231166804
48.2,0.00388511,0.00388511,0.038112929100000005
48.22,0.002035855,0.002035855,0.01997173755
48.24,0.001597261,0.001597261,0.01566913041
48.26,0.001327987,0.001327987,0.013027552470000002
48.28,0.001233133,0.001233133,0.012097034730000001
48.300000000000004,0.001866559,0.001866559,0.018310943790000003
48.32,0.001277005,0.001277005,0.01252741905
48.34,-0.0005202288,-0.0005202288,-0.005103444528000001
48.36,0.0008914574,0.0008914574,0.008745197094
48.38,0.0009241036,0.0009241036,0.009065456316
48.4,-0.00021421,-0.00021421,-0.0021014001000000003
48.42,0.0001427964,0.0001427964,0.001400832684
48.44,-0.0007272571,-0.0007272571,-0.007134392151
48.46,-0.0006191305,-0.0006191305,-0.006073670205
48.480000000000004,-0.001208684,-0.001208684,-0.01185719004
48.5,-0.0009842771,-0.0009842771,-0.009655758351
48.52,-0.0008312704,-0.0008312704,-0.008154762624
48.54,-0.002198063,-0.002198063,-0.021562998030000002
48.56,-0.002463256,-0.002463256,-0.024164541360000003
48.58,-0.00196243,-0.00196243,-0.0192514383
48.6,-0.003240482,-0.003240482,-0.03178912842
48.620000000000005,-0.003257816,-0.003257816,-0.03195917496
48.64,-0.003204768,-0.003204768,-0.03143877408
48.660000000000004,-0.002560121,-0.002560121,-0.02511478701
48.68,-0.001153534,-0.001153534,-0.01131616854
48.7,-0.0009903263,-0.0009903263,-0.009715101003000002
48.72,-0.0009311589,-0.0009311589,-0.009134668809000001
48.74,-0.002701872,-0.002701872,-0.026505364320000002
48.76,-0.002269383,-0.002269383,-0.022262647229999998
48.78,-0.002010296,-0.002010296,-0.01972100376
48.800000000000004,-0.002917068,-0.002917068,-0.02861643708
48.82,-0.002946641,-0.002946641,-0.02890654821
48.84,-0.003617793,-0.003617793,-0.03549054933
48.86,-0.003124105,-0.003124105,-0.03064747005
48.88,-0.003076157,-0.003076157,-0.030177100170000002
48.9,-0.003419889,-0.003419889,-0.03354911109
48.92,-0.002643661,-0.002643661,-0.02593431441
48.94,-0.003220973,-0.003220973,-0.03159774513
48.96,-0.002209124,-0.002209124,-0.02167150644
48.980000000000004,-0.001022856,-0.001022856,-0.01003421736
49.0,-0.001093227,-0.001093227,-0.01072455687
49.02,-0.00176642,-0.00176642,-0.017328580200000002
49.04,-0.002244791,-0.002244791,-0.02202139971
49.06,-0.003962462,-0.003962462,-0.03887175222
49.08,-0.004052213,-0.004052213,-0.03975220953
49.1,-0.004648905,-0.004648905,-0.04560575805
49.120000000000005,-0.005837196,-0.005837196,-0.05726289276
49.14,-0.006227847,-0.006227847,-0.061095179070000005
49.160000000000004,-0.006301278,-0.006301278,-0.06181553718
49.18,-0.005511789,-0.005511789,-0.05407065009
49.2,-0.00592284,-0.00592284,-0.0581030604
49.22,-0.003832851,-0.003832851,-0.037600268310000004
49.24,-0.004131702,-0.004131702,-0.04053199662
49.26,-0.003199413,-0.003199413,-0.03138624153
49.28,-0.001975404,-0.001975404,-0.01937871324
49.300000000000004,-0.0008768541,-0.0008768541,-0.008601938721000001
49.32,0.0001227553,0.0001227553,0.001204229493
49.34,-0.0005718552,-0.0005718552,-0.005609899512
49.36,0.0002982142,0.0002982142,0.0029254813020000003
49.38,0.0007215238,0.0007215238,0.007078148478
49.4,0.0009183935,0.0009183935,0.009009440235
49.42,-0.0002790767,-0.0002790767,-0.002737742427
49.44,-3.222694e-05,-3.222694e-05,-0.0003161462814
49.46,2.388291e-05,2.388291e-05,0.0002342913471
49.480000000000004,-0.0006156472,-0.0006156472,-0.006039499032000001
49.5,-1.077721e-05,-1.077721e-05,-0.0001057244301
49.52,0.0003411328,0.0003411328,0.0033465127680000002
49.54,0.0004421229,0.0004421229,0.0043372256490000006
49.56,0.0005737131,0.0005737131,0.0056281255110000004
49.58,0.001303023,0.001303023,0.01278265563
49.6,0.0005390535,0.0005390535,0.005288114835000001
49.620000000000005,0.0006624839,0.0006624839,0.006498967059000001
49.64,0.0004646143,0.0004646143,0.004557866283
49.660000000000004,0.0009175047,0.0009175047,0.009000721107
49.68,0.001561135,0.001561135,0.01531473435
49.7,0.002752506,0.002752506,0.02700208386
49.72,0.002087476,0.002087476,0.02047813956
49.74,0.001099108,0.001099108,0.010782249479999999
49.76,0.002613818,0.002613818,0.02564155458
49.78,0.001325568,0.001325568,0.013003822080000001
49.800000000000004,0.00191004,0.00191004,0.0187374924
49.82,0.002115071,0.002115071,0.020748846510000002
49.84,0.002451682,0.002451682,0.024051000420000003
49.86,0.003128972,0.003128972,0.03069521532
49.88,0.003546163,0.003546163,0.03478785903000001
49.9,0.003557395,0.003557395,0.034898044950000005
49.92,0.001566366,0.001566366,0.01536605046
49.94,0.0004749774,0.0004749774,0.004659528294
49.96,0.001147168,0.001147168,0.01125371808
49.980000000000004,0.00148786,0.00148786,0.0145959066
50.0,0.002129451,0.002129451,0.02088991431
50.02,0.003508503,0.003508503,0.03441841443
50.04,0.003874695,0.003874695,0.03801075795
50.06,0.003898166,0.003898166,0.038241008459999996
50.08,0.003518738,0.003518738,0.03451881978
50.1,0.00341879,0.00341879,0.033538329900000004
50.120000000000005,0.003239281,0.003239281,0.03177734661
50.14,0.002273353,0.002273353,0.022301592930000003
50.160000000000004,0.002379445,0.002379445,0.02334235545
50.18,0.002702797,0.002702797,0.02651443857
50.2,0.002268288,0.002268288,0.022251905279999998
50.22,0.001720561,0.001720561,0.01687870341
50.24,0.001119793,0.001119793,0.01098516933
50.26,0.0004863853,0.0004863853,0.0047714397930000004
50.28,-9.704252e-05,-9.704252e-05,-0.0009519871212000001
50.300000000000004,0.0002426298,0.0002426298,0.0023801983380000004
50.32,0.000609842,0.000609842,0.0059825500200000005
50.34,-0.0005050056,-0.0005050056,-0.004954104936
50.36,-3.069323e-05,-3.069323e-05,-0.00030110058630000003
50.38,0.001357539,0.001357539,0.013317457590000002
50.4,0.001445271,0.001445271,0.01417810851
50.42,0.001901224,0.001901224,0.01865100744
50.44,0.001302496,0.001302496,0.01277748576
50.46,0.001886969,0.001886969,0.01851116589
50.480000000000004,0.002651982,0.002651982,0.026015943420000003
50.5,0.003141595,0.003141595,0.03081904695
50.52,0.002488808,0.002488808,0.02441520648
50.54,0.00161774,0.00161774,0.015870029400000003
50.56,0.001266874,0.001266874,0.012428033940000001
50.58,0.001686106,0.001686106,0.01654069986
50.6,0.0002897393,0.0002897393,0.0028423425330000003
50.620000000000005,-0.001499327,-0.001499327,-0.01470839787
50.64,-0.001691075,-0.001691075,-0.01658944575
50.660000000000004,-0.002642722,-0.002642722,-0.025925102820000004
50.68,-0.002533568,-0.002533568,-0.02485430208
50.7,-0.002128615,-0.002128615,-0.02088171315
50.72,-0.001486002,-0.001486002,-0.01457767962
50.74,-0.002012308,-0.002012308,-0.01974074148
50.76,-0.001431915,-0.001431915,-0.01404708615
50.78,-0.001479842,-0.001479842,-0.014517250020000002
50.800000000000004,-0.001890888,-0.001890888,-0.018549611280000003
50.82,-0.001759295,-0.001759295,-0.01725868395
50.84,-0.001052421,-0.001052421,-0.010324250010000001
50.86,-0.0006872477,-0.0006872477,-0.006741899937
50.88,-0.001531794,-0.001531794,-0.015026899140000001
50.9,-0.00119314,-0.00119314,-0.011704703400000002
50.92,-0.001585826,-0.001585826,-0.015556953060000002
50.94,-0.0006984132,-0.0006984132,-0.006851433492
50.96,0.0003726006,0.0003726006,0.003655211886
50.980000000000004,0.0007938743,0.0007938743,0.007787906883
51.0,-2.313181e-05,-2.313181e-05,-0.0002269230561
51.02,-0.0003719579,-0.0003719579,-0.0036489069990000003
51.04,-0.000795244,-0.000795244,-0.00780134364
51.06,-0.00197639,-0.00197639,-0.019388385900000003
51.08,-0.002486376,-0.002486376,-0.024391348560000005
51.1,-0.003294202,-0.003294202,-0.03231612162
51.120000000000005,-0.003793988,-0.003793988,-0.03721902228
51.14,-0.003926574,-0.003926574,-0.038519690940000004
51.160000000000004,-0.00249142,-0.00249142,-0.0244408302
51.18,-0.002122166,-0.002122166,-0.02081844846
51.2,-0.002498531,-0.002498531,-0.02451058911
51.22,-0.002608677,-0.002608677,-0.02559112137
51.24,-0.002308782,-0.002308782,-0.022649151420000003
51.26,-0.002420968,-0.002420968,-0.02374969608
51.28,-0.002822834,-0.002822834,-0.027692001540000004
51.300000000000004,-0.0008236199,-0.0008236199,-0.008079711219
51.32,-0.0008644055,-0.0008644055,-0.008479817955
51.34,-0.001948651,-0.001948651,-0.01911626631
51.36,-0.0009327166,-0.0009327166,-0.009149949846
51.38,-0.0009847222,-0.0009847222,-0.009660124782
51.4,-0.001077527,-0.001077527,-0.010570539870000001
51.42,-0.001280493,-0.001280493,-0.01256163633
51.44,0.0003454014,0.0003454014,0.003388387734
51.46,0.000691196,0.000691196,0.00678063276
51.480000000000004,0.001464371,0.001464371,0.01436547951
51.5,0.002127385,0.002127385,0.02086964685
51.52,0.00267412,0.00267412,0.0262331172
51.54,0.001824475,0.001824475,0.01789809975
51.56,0.00173677,0.00173677,0.0170377137
51.58,0.001885704,0.001885704,0.01849875624
51.6,0.000888159,0.000888159,0.008712839790000001
51.620000000000005,0.0001517338,0.0001517338,0.0014885085780000002
51.64,-0.0005010513,-0.0005010513,-0.004915313253
51.660000000000004,0.0005046835,0.0005046835,0.004950945135
51.68,0.0005465184,0.0005465184,0.005361345504000001
51.7,0.001459434,0.001459434,0.014317047539999999
51.72,0.001080008,0.001080008,0.01059487848
51.74,-0.0004305968,-0.0004305968,-0.004224154608
51.76,0.0002446581,0.0002446581,0.002400095961
51.78,9.677312e-05,9.677312e-05,0.0009493443072
51.800000000000004,0.0007618281,0.0007618281,0.0074735336610000005
51.82,0.0007822431,0.0007822431,0.007673804811
51.84,0.0008638581,0.0008638581,0.008474447961000001
51.86,0.001664573,0.001664573,0.01632946113
51.88,-0.0004121316,-0.0004121316,-0.004043010996
51.9,-0.0002774765,-0.0002774765,-0.0027220444649999997
51.92,-0.001388242,-0.001388242,-0.01361865402
51.94,-0.002026747,-0.002026747,-0.019882388070000003
51.96,-0.001115872,-0.001115872,-0.01094670432
51.980000000000004,-0.0009536761,-0.0009536761,-0.009355562541000001
52.0,-0.0007853609,-0.0007853609,-0.007704390429000001
52.02,-0.0003273657,-0.0003273657,-0.003211457517
52.04,-0.0007404504,-0.0007404504,-0.007263818424
52.06,-0.0003507953,-0.0003507953,-0.0034413018930000002
52.08,0.00020818,0.00020818,0.0020422458
52.1,0.0007304352,0.0007304352,0.007165569312000001
52.120000000000005,0.0008712103,0.0008712103,0.008546573043
52.14,-0.001154494,-0.001154494,-0.011325586140000002
52.160000000000004,-0.0004139591,-0.0004139591,-0.004060938771
52.18,-0.0005740839,-0.0005740839,-0.005631763059
52.2,-0.0009688085,-0.0009688085,-0.009504011385
52.22,-0.001184013,-0.001184013,-0.011615167530000001
52.24,-0.001633818,-0.001633818,-0.01602775458
52.26,-0.001990803,-0.001990803,-0.019529777430000003
52.28,-0.001446107,-0.001446107,-0.014186309670000001
52.300000000000004,-0.0005505321,-0.0005505321,-0.005400719901
52.32,0.0008856432,0.0008856432,0.008688159792000001
52.34,-0.0002893815,-0.0002893815,-0.0028388325150000004
52.36,-0.0002842662,-0.0002842662,-0.002788651422
52.38,-0.0006932709,-0.0006932709,-0.006800987529000001
52.4,-0.001604115,-0.001604115,-0.01573636815
52.42,-0.002313,-0.002313,-0.02269053
52.44,-0.002530245,-0.002530245,-0.02482170345
52.46,-0.00245067,-0.00245067,-0.0240410727
52.480000000000004,-0.004052054,-0.004052054,-0.039750649740000005
52.5,-0.002619959,-0.002619959,-0.02570179779
52.52,-0.002576083,-0.002576083,-0.02527137423
52.54,-0.003090148,-0.003090148,-0.030314351880000003
52.56,-0.001411214,-0.001411214,-0.013844009340000001
52.58,0.0005778022,0.0005778022,0.0056682395820000005
52.6,0.001399937,0.001399937,0.01373338197
52.620000000000005,0.002891192,0.002891192,0.02836259352
52.64,0.003197208,0.003197208,0.03136461048
52.660000000000004,0.003425703,0.003425703,0.033606146430000004
52.68,0.003859218,0.003859218,0.037858928580000006
52.7,0.003700113,0.003700113,0.036298108530000005
52.72,0.003808249,0.003808249,0.037358922690000004
52.74,0.003435964,0.003435964,0.033706806840000006
52.76,0.004608979,0.004608979,0.04521408399
52.78,0.005319935,0.005319935,0.05218856235
52.800000000000004,0.005473969,0.005473969,0.05369963589000001
52.82,0.005912585,0.005912585,0.05800245885
52.84,0.00515882,0.00515882,0.0506080242
52.86,0.004543775,0.004543775,0.044574432750000004
52.88,0.003124971,0.003124971,0.03065596551
52.9,0.002441586,0.002441586,0.02395195866
52.92,0.00227228,0.00227228,0.0222910668
52.94,0.002579315,0.002579315,0.02530308015
52.96,0.003658491,0.003658491,0.03588979671
52.980000000000004,0.003478986,0.003478986,0.03412885266
53.0,0.003570801,0.003570801,0.03502955781
53.02,0.002696676,0.002696676,0.02645439156
53.04,0.002324391,0.002324391,0.02280227571
53.06,0.002831346,0.002831346,0.027775504260000004
53.08,0.00163082,0.00163082,0.0159983442
53.1,0.0007067156,0.0007067156,0.0069328800360000005
53.120000000000005,-0.0002296295,-0.0002296295,-0.002252665395
53.14,-0.001004814,-0.001004814,-0.00985722534
53.160000000000004,-0.00143116,-0.00143116,-0.0140396796
53.18,-0.001588225,-0.001588225,-0.01558048725
53.2,-0.00234301,-0.00234301,-0.0229849281
53.22,-0.002933576,-0.002933576,-0.02877838056
53.24,-0.00212266,-0.00212266,-0.020823294600000004
53.26,-0.002673446,-0.002673446,-0.02622650526
53.28,-0.002280732,-0.002280732,-0.02237398092
53.300000000000004,-0.001717677,-0.001717677,-0.01685041137
53.32,-0.002093023,-0.002093023,-0.02053255563
53.34,-0.003391468,-0.003391468,-0.03327030108
53.36,-0.002995693,-0.002995693,-0.029387748329999998
53.38,-0.002627459,-0.002627459,-0.02577537279
53.4,-0.002214344,-0.002214344,-0.02172271464
53.42,-0.00228981,-0.00228981,-0.022463036100000004
53.44,-0.002505016,-0.002505016,-0.02457420696
53.46,-0.001116781,-0.001116781,-0.01095562161
53.480000000000004,-0.001994987,-0.001994987,-0.019570822470000002
53.5,-0.001925612,-0.001925612,-0.01889025372
53.52,-0.001327879,-0.001327879,-0.01302649299
53.54,-0.001369685,-0.001369685,-0.013436609850000001
53.56,-0.00157877,-0.00157877,-0.0154877337
53.58,-0.0009891964,-0.0009891964,-0.009704016684000002
53.6,-0.001205422,-0.001205422,-0.011825189820000002
53.620000000000005,-0.001101368,-0.001101368,-0.01080442008
53.64,-0.0006658145,-0.0006658145,-0.006531640245
53.660000000000004,-0.0001578407,-0.0001578407,-0.0015484172669999999
53.68,0.0002256931,0.0002256931,0.002214049311
53.7,0.0004327669,0.0004327669,0.004245443289
53.72,-9.965944e-05,-9.965944e-05,-0.0009776591064
53.74,-0.001271625,-0.001271625,-0.01247464125
53.76,-0.0007718121,-0.0007718121,-0.007571476701000001
53.78,0.0003614213,0.0003614213,0.003545542953
53.800000000000004,9.623486e-05,9.623486e-05,0.0009440639766000001
53.82,0.0003798083,0.0003798083,0.003725919423
53.84,-0.0008839583,-0.0008839583,-0.008671630923
53.86,-0.000542245,-0.000542245,-0.00531942345
53.88,-0.0004749118,-0.0004749118,-0.004658884758000001
53.9,-0.0003412786,-0.0003412786,-0.0033479430660000005
53.92,-0.0002372255,-0.0002372255,-0.002327182155
53.94,-0.001493853,-0.001493853,-0.014654697930000002
53.96,0.0005563606,0.0005563606,0.005457897486
53.980000000000004,0.0005431136,0.0005431136,0.005327944416
54.0,0.0002487419,0.0002487419,0.0024401580390000003
54.02,-5.02081e-05,-5.02081e-05,-0.000492541461
54.04,0.0005194343,0.0005194343,0.005095650483
54.06,-0.0006049817,-0.0006049817,-0.005934870477
54.08,-0.0003608521,-0.0003608521,-0.003539959101
54.1,0.0004231614,0.0004231614,0.004151213334
54.120000000000005,-8.606147e-05,-8.606147e-05,-0.0008442630207
54.14,-0.0004372755,-0.0004372755,-0.004289672655
54.160000000000004,-0.001460559,-0.001460559,-0.01432808379
54.18,-0.002182953,-0.002182953,-0.02141476893
54.2,-0.002779278,-0.002779278,-0.027264717180000002
54.22,-0.0009898562,-0.0009898562,-0.009710489322
54.24,0.0004356373,0.0004356373,0.004273601913
54.26,0.000413018,0.000413018,0.004051706580000001
54.28,-4.823695e-05,-4.823695e-05,-0.00047320447950000005
54.300000000000004,0.001305771,0.001305771,0.012809613510000002
54.32,0.001687475,0.001687475,0.01655412975
54.34,0.001692215,0.001692215,0.01660062915
54.36,0.003684522,0.003684522,0.03614516082
54.38,0.004122496,0.004122496,0.04044168576
54.4,0.004411755,0.004411755,0.04327931655
54.42,0.003695566,0.003695566,0.03625350246
54.44,0.004190318,0.004190318,0.04110701958
54.46,0.004079844,0.004079844,0.040023269640000005
54.480000000000004,0.003336634,0.003336634,0.03273237954
54.5,0.003633933,0.003633933,0.035648882730000005
54.52,0.002852443,0.002852443,0.02798246583
54.54,0.002192962,0.002192962,0.021512957220000004
54.56,0.002586293,0.002586293,0.02537153433
54.58,0.003197017,0.003197017,0.03136273677
54.6,0.00237611,0.00237611,0.0233096391
54.620000000000005,0.002026481,0.002026481,0.019879778610000003
54.64,0.0008962056,0.0008962056,0.008791776936
54.660000000000004,-0.0008592655,-0.0008592655,-0.008429394555
54.68,-0.001584289,-0.001584289,-0.01554187509
54.7,-0.002212061,-0.002212061,-0.021700318410000002
54.72,-0.002050431,-0.002050431,-0.02011472811
54.74,-0.003892419,-0.003892419,-0.03818463039
54.76,-0.003139467,-0.003139467,-0.03079817127
54.78,-0.002615642,-0.002615642,-0.025659448020000003
54.800000000000004,-0.003425999,-0.003425999,-0.03360905019
54.82,-0.003833267,-0.003833267,-0.037604349270000004
54.84,-0.004029328,-0.004029328,-0.03952770768
54.86,-0.00342242,-0.00342242,-0.0335739402
54.88,-0.003713706,-0.003713706,-0.03643145586
54.9,-0.002316528,-0.002316528,-0.022725139680000003
54.92,-0.002242272,-0.002242272,-0.021996688320000003
54.94,-0.002299837,-0.002299837,-0.02256140097
54.96,-0.0007914287,-0.0007914287,-0.007763915547
54.980000000000004,0.0003899705,0.0003899705,0.0038256106050000003
55.0,-0.0008753835,-0.0008753835,-0.008587512135000001
55.02,-0.00101436,-0.00101436,-0.0099508716
55.04,-0.001122313,-0.001122313,-0.01100989053
55.06,-0.001155126,-0.001155126,-0.011331786060000001
55.08,-0.001127797,-0.001127797,-0.01106368857
55.1,-0.002138589,-0.002138589,-0.020979558090000003
55.120000000000005,-0.001618303,-0.001618303,-0.015875552430000002
55.14,-0.001858209,-0.001858209,-0.01822903029
55.160000000000004,-0.0008849414,-0.0008849414,-0.008681275134
55.18,-0.000619289,-0.000619289,-0.00607522509
55.2,-0.0004019841,-0.0004019841,-0.003943464021
55.22,0.0001923983,0.0001923983,0.0018874273230000001
55.24,0.0006955858,0.0006955858,0.0068236966980000004
55.26,0.0006387581,0.0006387581,0.006266216961000001
55.28,0.0008004906,0.0008004906,0.007852812786
55.300000000000004,0.001497851,0.001497851,0.01469391831
55.32,0.0006277422,0.0006277422,0.006158150982000001
55.34,-0.0004782925,-0.0004782925,-0.004692049425000001
55.36,6.737641e-05,6.737641e-05,0.0006609625821
55.38,-3.490467e-05,-3.490467e-05,-0.00034241481270000005
55.4,-0.001426614,-0.001426614,-0.013995083340000002
55.42,-0.002650853,-0.002650853,-0.02600486793
55.44,-0.002694036,-0.002694036,-0.02642849316
55.46,-0.002134147,-0.002134147,-0.02093598207
55.480000000000004,-0.002866894,-0.002866894,-0.02812423014
55.5,-0.002793937,-0.002793937,-0.02740852197
55.52,-0.002828218,-0.002828218,-0.02774481858
55.54,-0.002806397,-0.002806397,-0.02753075457
55.56,-0.002197291,-0.002197291,-0.021555424710000003
55.58,-0.001522304,-0.001522304,-0.01493380224
55.6,-0.001839097,-0.001839097,-0.01804154157
55.620000000000005,-0.0009755341,-0.0009755341,-0.009569989521000001
55.64,-0.0003119404,-0.0003119404,-0.0030601353240000003
55.660000000000004,-0.0001584616,-0.0001584616,-0.0015545082960000001
55.68,0.00026025,0.00026025,0.0025530525000000003
55.7,0.0003400217,0.0003400217,0.0033356128770000004
55.72,0.001333638,0.001333638,0.01308298878
55.74,0.001300676,0.001300676,0.01275963156
55.76,0.001444252,0.001444252,0.014168112120000001
55.78,0.001906346,0.001906346,0.01870125426
55.800000000000004,0.002547897,0.002547897,0.02499486957
55.82,0.002590611,0.002590611,0.025413893910000002
55.84,0.00222656,0.00222656,0.021842553599999998
55.86,0.002046615,0.002046615,0.02007729315
55.88,0.001599637,0.001599637,0.015692438970000003
55.9,0.001804523,0.001804523,0.01770237063
55.92,0.001285166,0.001285166,0.01260747846
55.94,0.0007259037,0.0007259037,0.007121115297
55.96,0.001477107,0.001477107,0.01449041967
55.980000000000004,0.001936908,0.001936908,0.01900106748
56.0,0.001763697,0.001763697,0.01730186757
56.02,0.001900394,0.001900394,0.01864286514
56.04,0.002274462,0.002274462,0.02231247222
56.06,0.002190508,0.002190508,0.02148888348
56.08,0.001876703,0.001876703,0.01841045643
56.1,0.002125989,0.002125989,0.02085595209
56.120000000000005,0.001596426,0.001596426,0.01566093906
56.14,0.001186315,0.001186315,0.01163775015
56.160000000000004,0.001634036,0.001634036,0.01602989316
56.18,0.001684409,0.001684409,0.01652405229
56.2,0.001288969,0.001288969,0.012644785890000001
56.22,0.001023469,0.001023469,0.01004023089
56.24,0.001120089,0.001120089,0.01098807309
56.26,0.0006556803,0.0006556803,0.006432223743
56.28,0.0008118786,0.0008118786,0.007964529066
56.300000000000004,0.00122252,0.00122252,0.0119929212
56.32,0.001258982,0.001258982,0.012350613420000002
56.34,0.0006758986,0.0006758986,0.0066305652659999995
56.36,0.0005441625,0.0005441625,0.005338234125000001
56.38,0.0004611282,0.0004611282,0.004523667642
56.4,-5.065065e-05,-5.065065e-05,-0.0004968828765
56.42,-0.0004600098,-0.0004600098,-0.004512696138
56.44,-0.000995084,-0.000995084,-0.00976177404
56.46,-0.0005677256,-0.0005677256,-0.005569388136000001
56.480000000000004,-0.0005382142,-0.0005382142,-0.005279881302000001
56.5,-0.0002697483,-0.0002697483,-0.002646230823
56.52,-0.0001597968,-0.0001597968,-0.001567606608
56.54,-0.0003333604,-0.0003333604,-0.0032702655240000006
56.56,0.0002589426,0.0002589426,0.0025402269060000003
56.58,0.0004009972,0.0004009972,0.003933782532000001
56.6,0.0004035595,0.0004035595,0.003958918695
56.620000000000005,0.0004231485,0.0004231485,0.004151086785
56.64,0.0003835446,0.0003835446,0.003762572526
56.660000000000004,0.0003958406,0.0003958406,0.003883196286
56.68,0.0003345981,0.0003345981,0.003282407361
56.7,0.0004868469,0.0004868469,0.004775968089
56.72,0.00026244,0.00026244,0.0025745364000000002
56.74,9.991428e-05,9.991428e-05,0.0009801590868
56.76,0.0001834308,0.0001834308,0.0017994561480000001
56.78,0.0003722435,0.0003722435,0.003651708735
56.800000000000004,0.0003683556,0.0003683556,0.003613568436
56.82,8.262846e-07,8.262846e-07,8.105851926e-06
56.84,0.0001328686,0.0001328686,0.0013034409660000002
56.86,0.0001855686,0.0001855686,0.0018204279660000002
56.88,0.0002603304,0.0002603304,0.0025538412240000002
56.9,0.0002983942,0.0002983942,0.0029272471020000005
56.92,-2.5079e-05,-2.5079e-05,-0.00024602499
56.94,-0.000283266,-0.000283266,-0.0027788394600000003
56.96,0.0003408809,0.0003408809,0.003344041629
56.980000000000004,0.0001810216,0.0001810216,0.001775821896
57.0,-7.602749e-05,-7.602749e-05,-0.0007458296769000001
57.02,-8.57742e-05,-8.57742e-05,-0.000841444902
57.04,-0.0001142883,-0.0001142883,-0.001121168223
57.06,-0.0006287624,-0.0006287624,-0.006168159144
57.08,-0.00137304,-0.00137304,-0.013469522400000001
57.1,-0.0006040078,-0.0006040078,-0.0059253165180000004
57.120000000000005,-0.0003726137,-0.0003726137,-0.003655340397
57.14,-0.0006053961,-0.0006053961,-0.005938935741000001
57.160000000000004,-0.0006008909,-0.0006008909,-0.005894739729
57.18,-0.0006493715,-0.0006493715,-0.006370334415000001
57.2,-0.0008058372,-0.0008058372,-0.007905262932
57.22,-0.0009665722,-0.0009665722,-0.009482073282
57.24,-0.001035769,-0.001035769,-0.01016089389
57.26,-0.001000801,-0.001000801,-0.00981785781
57.28,-0.0009384814,-0.0009384814,-0.009206502534
57.300000000000004,-0.0009545777,-0.0009545777,-0.009364407237000001
57.32,-0.001033854,-0.001033854,-0.010142107740000001
57.34,-0.001321257,-0.001321257,-0.01296153117
57.36,-0.00111434,-0.00111434,-0.0109316754
57.38,-0.001046698,-0.001046698,-0.01026810738
57.4,-0.001073767,-0.001073767,-0.01053365427
57.42,-0.0009739728,-0.0009739728,-0.009554673168
57.44,-0.0008906604,-0.0008906604,-0.008737378524
57.46,-0.0004710951,-0.0004710951,-0.004621442931
57.480000000000004,-0.0003702556,-0.0003702556,-0.003632207436
57.5,-0.0003416332,-0.0003416332,-0.003351421692
57.52,-0.0002685429,-0.0002685429,-0.0026344058490000003
57.54,-0.0002328317,-0.0002328317,-0.002284078977
57.56,-0.0002189582,-0.0002189582,-0.002147979942
57.58,-1.726676e-05,-1.726676e-05,-0.0001693869156
57.6,-8.233784e-05,-8.233784e-05,-0.0008077342104
57.620000000000005,-2.224331e-05,-2.224331e-05,-0.00021820687110000003
57.64,4.303243e-05,4.303243e-05,0.00042214813830000004
57.660000000000004,8.608538e-05,8.608538e-05,0.0008444975778
57.68,0.000164644,0.000164644,0.0016151576400000001
57.7,0.0002041165,0.0002041165,0.002002382865
57.72,0.0002206619,0.0002206619,0.002164693239
57.74,0.0002146426,0.0002146426,0.002105643906
57.76,0.0002335144,0.0002335144,0.002290776264
57.78,0.0003141682,0.0003141682,0.003081990042
57.800000000000004,0.0004352171,0.0004352171,0.004269479751
57.82,0.0003372041,0.0003372041,0.003307972221
57.84,0.0002376497,0.0002376497,0.0023313435570000004
57.86,0.0002372257,0.0002372257,0.0023271841170000003
57.88,0.0002274491,0.0002274491,0.002231275671
57.9,0.0002455683,0.0002455683,0.002409025023
57.92,0.0001755092,0.0001755092,0.001721745252
57.94,0.0001362484,0.0001362484,0.001336596804
57.96,0.0002454876,0.0002454876,0.002408233356
57.980000000000004,0.0002390915,0.0002390915,0.0023454876150000004
58.0,0.0002601209,0.0002601209,0.002551786029
58.02,0.0002719324,0.0002719324,0.002667656844
58.04,0.0002646952,0.0002646952,0.0025966599120000006
58.06,0.0002727029,0.0002727029,0.002675215449
58.08,0.0002849145,0.0002849145,0.002795011245
58.1,0.0002550798,0.0002550798,0.0025023328380000005
58.120000000000005,0.000192763,0.000192763,0.0018910050300000002
58.14,0.0001394276,0.0001394276,0.0013677847560000002
58.160000000000004,0.0001571857,0.0001571857,0.001541991717
58.18,0.0001620685,0.0001620685,0.0015898919850000001
58.2,0.000120313,0.000120313,0.00118027053
58.22,0.0001074217,0.0001074217,0.001053806877
58.24,8.267632e-05,8.267632e-05,0.0008110546992
58.26,7.743994e-05,7.743994e-05,0.0007596858114
58.28,5.09929e-05,5.09929e-05,0.000500240349
58.300000000000004,8.448222e-05,8.448222e-05,0.0008287705782
58.32,6.687688e-05,6.687688e-05,0.0006560621928
58.34,1.70933e-05,1.70933e-05,0.000167685273
58.36,-1.832519e-07,-1.832519e-07,-1.7977011390000002e-06
58.38,2.783982e-05,2.783982e-05,0.0002731086342
58.4,1.743588e-05,1.743588e-05,0.0001710459828
58.42,-1.652308e-05,-1.652308e-05,-0.00016209141480000002
58.44,-1.396084e-05,-1.396084e-05,-0.00013695584040000002
58.46,-7.544091e-06,-7.544091e-06,-7.400753271e-05
58.480000000000004,-1.473633e-05,-1.473633e-05,-0.0001445633973
58.5,-3.042011e-05,-3.042011e-05,-0.00029842127910000005
58.52,-2.737594e-05,-2.737594e-05,-0.0002685579714
58.54,-5.536874e-05,-5.536874e-05,-0.0005431673394000001
58.56,-5.924763e-05,-5.924763e-05,-0.0005812192503
58.58,-6.089642e-05,-6.089642e-05,-0.0005973938802000001
58.6,-7.973021e-05,-7.973021e-05,-0.0007821533601
58.620000000000005,-6.892059e-05,-6.892059e-05,-0.0006761109879
58.64,-7.069762e-05,-7.069762e-05,-0.0006935436522
58.660000000000004,-6.944713e-05,-6.944713e-05,-0.0006812763453
58.68,-6.558566e-05,-6.558566e-05,-0.0006433953245999999
58.7,-6.653434e-05,-6.653434e-05,-0.0006527018754
58.72,-6.233523e-05,-6.233523e-05,-0.0006115086063
58.74,-6.882431e-05,-6.882431e-05,-0.0006751664811000001
58.76,-6.619843e-05,-6.619843e-05,-0.0006494065983
58.78,-6.316453e-05,-6.316453e-05,-0.0006196440393
58.800000000000004,-5.707854e-05,-5.707854e-05,-0.0005599404774
58.82,-5.860115e-05,-5.860115e-05,-0.0005748772815000001
58.84,-5.915977e-05,-5.915977e-05,-0.0005803573437
58.86,-5.042199e-05,-5.042199e-05,-0.0004946397219
58.88,-5.413572e-05,-5.413572e-05,-0.0005310714132
58.9,-4.951304e-05,-4.951304e-05,-0.00048572292240000003
58.92,-4.478147e-05,-4.478147e-05,-0.00043930622070000004
58.94,-4.557637e-05,-4.557637e-05,-0.0004471041897
58.96,-3.406496e-05,-3.406496e-05,-0.0003341772576
58.980000000000004,-2.602182e-05,-2.602182e-05,-0.0002552740542
59.0,-2.380565e-05,-2.380565e-05,-0.00023353342650000002
59.02,-2.042108e-05,-2.042108e-05,-0.00020033079479999999
59.04,-1.610768e-05,-1.610768e-05,-0.0001580163408
59.06,-1.246621e-05,-1.246621e-05,-0.0001222935201
59.08,-1.136948e-05,-1.136948e-05,-0.00011153459880000002
59.1,-5.665043e-06,-5.665043e-06,-5.5574071830000003e-05
59.120000000000005,-2.300398e-06,-2.300398e-06,-2.256690438e-05
59.14,-2.903429e-07,-2.903429e-07,-2.848263849e-06
59.160000000000004,9.321698e-07,9.321698e-07,9.144585738000001e-06
59.18,3.146059e-06,3.146059e-06,3.0862838790000006e-05
59.2,3.587762e-06,3.587762e-06,3.519594522e-05
59.22,1.829167e-06,1.829167e-06,1.7944128270000002e-05
59.24,2.927336e-06,2.927336e-06,2.871716616e-05
59.26,2.238458e-06,2.238458e-06,2.195927298e-05
59.28,2.116414e-06,2.116414e-06,2.0762021340000004e-05
59.300000000000004,2.978977e-06,2.978977e-06,2.9223764370000005e-05
59.32,1.882097e-06,1.882097e-06,1.846337157e-05
59.34,9.904075e-07,9.904075e-07,9.715897575e-06
59.36,8.068195e-07,8.068195e-07,7.914899295e-06
59.38,7.162161e-07,7.162161e-07,7.026079941e-06
59.4,5.424047e-07,5.424047e-07,5.320990107e-06
59.42,-8.186624e-08,-8.186624e-08,-8.031078144e-07
59.44,-4.38806e-07,-4.38806e-07,-4.30468686e-06
59.46,-1.780117e-07,-1.780117e-07,-1.746294777e-06
59.480000000000004,1.032156e-07,1.032156e-07,1.012545036e-06
59.5,3.462804e-07,3.462804e-07,3.397010724e-06
59.52,4.714768e-07,4.714768e-07,4.625187408e-06
59.54,6.03587e-07,6.03587e-07,5.92118847e-06
59.56,9.344246e-07,9.344246e-07,9.166705326e-06
59.58,1.089563e-06,1.089563e-06,1.068861303e-05
59.6,1.145744e-06,1.145744e-06,1.123974864e-05
59.620000000000005,1.252369e-06,1.252369e-06,1.2285739890000001e-05
59.64,1.378203e-06,1.378203e-06,1.3520171430000001e-05
59.660000000000004,1.524069e-06,1.524069e-06,1.495111689e-05
59.68,1.6879e-06,1.6879e-06,1.6558299e-05
59.7,1.834063e-06,1.834063e-06,1.799215803e-05
59.72,1.953539e-06,1.953539e-06,1.916421759e-05
59.74,2.088324e-06,2.088324e-06,2.048645844e-05
59.76,2.227007e-06,2.227007e-06,2.184693867e-05
59.78,2.373357e-06,2.373357e-06,2.328263217e-05
59.800000000000004,2.509402e-06,2.509402e-06,2.461723362e-05
59.82,2.644054e-06,2.644054e-06,2.593816974e-05
59.84,2.78178e-06,2.78178e-06,2.7289261800000003e-05
59.86,2.926368e-06,2.926368e-06,2.8707670080000003e-05
59.88,3.078081e-06,3.078081e-06,3.0195974610000002e-05
59.9,3.239614e-06,3.239614e-06,3.178061334e-05
59.92,3.411963e-06,3.411963e-06,3.3471357030000005e-05
59.94,3.594582e-06,3.594582e-06,3.5262849420000004e-05
59.96,3.787318e-06,3.787318e-06,3.715358958e-05
59.980000000000004,3.989055e-06,3.989055e-06,3.913262955e-05
