time_s,ag_g_unscaled,ag_g_after_scale,ag_m_per_s2_after_scale
0.0,-0.0009429229,-0.0009429229,-0.009250073649
0.01,-0.0009236815,-0.0009236815,-0.009061315515000001
0.02,-0.000904238,-0.000904238,-0.008870574780000001
0.03,-0.0008847564,-0.0008847564,-0.008679460284
0.04,-0.0008651242,-0.0008651242,-0.008486868401999999
0.05,-0.0008454361,-0.0008454361,-0.008293728141
0.06,-0.0008256259,-0.0008256259,-0.008099390079
0.07,-0.0008057426,-0.0008057426,-0.007904334906
0.08,-0.0007857235,-0.0007857235,-0.007707947535
0.09,-0.0007656426,-0.0007656426,-0.007510953906
0.1,-0.0007454646,-0.0007454646,-0.007313007726
0.11,-0.0007252065,-0.0007252065,-0.007114275765000001
0.12,-0.0007048211,-0.0007048211,-0.0069142949910000005
0.13,-0.000684364,-0.000684364,-0.00671361084
0.14,-0.0006638154,-0.0006638154,-0.0065120290740000005
0.15,-0.0006432136,-0.0006432136,-0.006309925416
0.16,-0.0006225103,-0.0006225103,-0.006106826043000001
0.17,-0.0006018054,-0.0006018054,-0.005903710974
0.18,-0.0005810081,-0.0005810081,-0.005699689461
0.19,-0.0005601018,-0.0005601018,-0.005494598658
0.2,-0.0005389738,-0.0005389738,-0.005287332978000001
0.21,-0.00051768,-0.00051768,-0.0050784408
0.22,-0.0004962623,-0.0004962623,-0.0048683331630000005
0.23,-0.0004749517,-0.0004749517,-0.004659276177
0.24,-0.000453926,-0.000453926,-0.0044530140600000006
0.25,-0.0004333838,-0.0004333838,-0.004251495078000001
0.26,-0.0004131976,-0.0004131976,-0.004053468456
0.27,-0.000393015,-0.000393015,-0.00385547715
0.28,-0.0003723208,-0.0003723208,-0.003652467048
0.29,-0.0003507404,-0.0003507404,-0.0034407633240000003
0.3,-0.000328255,-0.000328255,-0.0032201815500000003
0.31,-0.0003054945,-0.0003054945,-0.0029969010450000004
0.32,-0.00028321,-0.00028321,-0.0027782901
0.33,-0.0002618081,-0.0002618081,-0.0025683374610000003
0.34,-0.0002408988,-0.0002408988,-0.0023632172280000003
0.35000000000000003,-0.0002199636,-0.0002199636,-0.0021578429160000003
0.36,-0.0001989451,-0.0001989451,-0.001951651431
0.37,-0.0001786578,-0.0001786578,-0.0017526330180000001
0.38,-0.0001603004,-0.0001603004,-0.001572546924
0.39,-0.0001450943,-0.0001450943,-0.0014233750830000003
0.4,-0.0001331974,-0.0001331974,-0.001306666494
0.41000000000000003,-0.0001226457,-0.0001226457,-0.001203154317
0.42,-0.0001096971,-0.0001096971,-0.001076128551
0.43,-9.043673e-05,-9.043673e-05,-0.0008871843213
0.44,-6.207847e-05,-6.207847e-05,-0.0006089897907
0.45,-2.363137e-05,-2.363137e-05,-0.00023182373970000002
0.46,2.428859e-05,2.428859e-05,0.0002382710679
0.47000000000000003,7.97924e-05,7.97924e-05,0.000782763444
0.48,0.0001390261,0.0001390261,0.001363846041
0.49,0.0001954506,0.0001954506,0.001917370386
0.5,0.000242223,0.000242223,0.00237620763
0.51,0.0002744302,0.0002744302,0.002692160262
0.52,0.0002905403,0.0002905403,0.002850200343
0.53,0.0002921963,0.0002921963,0.002866445703
0.54,0.0002836821,0.0002836821,0.002782921401
0.55,0.0002705699,0.0002705699,0.0026542907190000003
0.56,0.0002578674,0.0002578674,0.002529679194
0.5700000000000001,0.0002483499,0.0002483499,0.002436312519
0.58,0.0002423063,0.0002423063,0.002377024803
0.59,0.0002377875,0.0002377875,0.0023326953750000003
0.6,0.0002318616,0.0002318616,0.002274562296
0.61,0.0002230056,0.0002230056,0.0021876849360000002
0.62,0.0002164235,0.0002164235,0.002123114535
0.63,0.0002237102,0.0002237102,0.002194597062
0.64,0.0002576999,0.0002576999,0.002528036019
0.65,0.0003242964,0.0003242964,0.003181347684
0.66,0.0004136779,0.0004136779,0.004058180199
0.67,0.0005027502,0.0005027502,0.004931979462
0.68,0.0005681705,0.0005681705,0.005573752605
0.6900000000000001,0.0005970356,0.0005970356,0.005856919236
0.7000000000000001,0.0005896347,0.0005896347,0.005784316407000001
0.71,0.0005562177,0.0005562177,0.005456495637000001
0.72,0.0005113045,0.0005113045,0.005015897145000001
0.73,0.0004677833,0.0004677833,0.004588954173
0.74,0.000434448,0.000434448,0.00426193488
0.75,0.0004196046,0.0004196046,0.004116321126
0.76,0.0004332062,0.0004332062,0.004249752822
0.77,0.0004835186,0.0004835186,0.004743317466
0.78,0.000576133,0.000576133,0.005651864730000001
0.79,0.0007206613,0.0007206613,0.007069687353000001
0.8,0.0009322685,0.0009322685,0.009145553985
0.81,0.001224772,0.001224772,0.012015013320000002
0.8200000000000001,0.001604797,0.001604797,0.015743058570000003
0.8300000000000001,0.00206976,0.00206976,0.0203043456
0.84,0.002609879,0.002609879,0.02560291299
0.85,0.003209059,0.003209059,0.03148086879
0.86,0.003823816,0.003823816,0.03751163496
0.87,0.004372323,0.004372323,0.04289248863
0.88,0.004766241,0.004766241,0.046756824210000006
0.89,0.004946902,0.004946902,0.048529108620000004
0.9,0.004904008,0.004904008,0.04810831848
0.91,0.004686443,0.004686443,0.045974005830000005
0.92,0.004410066,0.004410066,0.04326274746
0.93,0.004219479,0.004219479,0.04139308899
0.9400000000000001,0.004232521,0.004232521,0.04152103101000001
0.9500000000000001,0.004502872,0.004502872,0.04417317432
0.96,0.005005366,0.005005366,0.04910264046
0.97,0.00564217,0.00564217,0.055349687700000004
0.98,0.006276326,0.006276326,0.06157075806
0.99,0.006783552,0.006783552,0.06654664512
1.0,0.007092485,0.007092485,0.06957727785000001
1.01,0.007197002,0.007197002,0.07060258962
1.02,0.007145076,0.007145076,0.07009319556
1.03,0.007024362,0.007024362,0.06890899122000001
1.04,0.006943295,0.006943295,0.06811372395000001
1.05,0.006994755,0.006994755,0.06861854655
1.06,0.007224002,0.007224002,0.07086745962
1.07,0.007599509,0.007599509,0.07455118329
1.08,0.008018925,0.008018925,0.07866565425
1.09,0.008357845,0.008357845,0.08199045945
1.1,0.00851977,0.00851977,0.0835789437
1.11,0.008464035,0.008464035,0.08303218335000001
1.12,0.008207709,0.008207709,0.08051762529
1.1300000000000001,0.007807516,0.007807516,0.07659173196
1.1400000000000001,0.007333171,0.007333171,0.07193840751000001
1.1500000000000001,0.006842941,0.006842941,0.06712925121
1.16,0.00636941,0.00636941,0.062483912100000004
1.17,0.005923021,0.005923021,0.05810483601
1.18,0.005529932,0.005529932,0.054248632920000005
1.19,0.005246056,0.005246056,0.05146380936
1.2,0.00512703,0.00512703,0.05029616430000001
1.21,0.005142997,0.005142997,0.05045280057
1.22,0.005090262,0.005090262,0.04993547022
1.23,0.004667623,0.004667623,0.04578938163
1.24,0.003616833,0.003616833,0.03548113173
1.25,0.001817475,0.001817475,0.01782942975
1.26,-0.000692445,-0.000692445,-0.00679288545
1.27,-0.003719643,-0.003719643,-0.03648969783
1.28,-0.006764402,-0.006764402,-0.06635878362
1.29,-0.009033603,-0.009033603,-0.08861964543
1.3,-0.00976891,-0.00976891,-0.0958330071
1.31,-0.008547516,-0.008547516,-0.08385113196
1.32,-0.005391393,-0.005391393,-0.052889565330000006
1.33,-0.0006891128,-0.0006891128,-0.006760196568000001
1.34,0.004990546,0.004990546,0.048957256260000005
1.35,0.01110017,0.01110017,0.1088926677
1.36,0.01724315,0.01724315,0.1691553015
1.37,0.0230714,0.0230714,0.226330434
1.3800000000000001,0.02814924,0.02814924,0.2761440444
1.3900000000000001,0.03208103,0.03208103,0.31471490430000004
1.4000000000000001,0.03467831,0.03467831,0.34019422109999997
1.41,0.03602009,0.03602009,0.3533570829
1.42,0.03639959,0.03639959,0.35707997790000007
1.43,0.0362065,0.0362065,0.35518576500000004
1.44,0.03580414,0.03580414,0.3512386134
1.45,0.03544417,0.03544417,0.34770730769999997
1.46,0.03524954,0.03524954,0.34579798740000006
1.47,0.03539668,0.03539668,0.34724143080000003
1.48,0.03632296,0.03632296,0.35632823760000004
1.49,0.03856105,0.03856105,0.3782839005
1.5,0.04229313,0.04229313,0.4148956053
1.51,0.0468954,0.0468954,0.460043874
1.52,0.05116888,0.05116888,0.5019667128
1.53,0.05392629,0.05392629,0.5290169049000001
1.54,0.05445127,0.05445127,0.5341669587000001
1.55,0.052664,0.052664,0.51663384
1.56,0.04902074,0.04902074,0.4808934594
1.57,0.04425754,0.04425754,0.4341664674
1.58,0.03910814,0.03910814,0.3836508534
1.59,0.03409514,0.03409514,0.3344733234
1.6,0.02944131,0.02944131,0.2888192511
1.61,0.02509734,0.02509734,0.2462049054
1.62,0.02083853,0.02083853,0.20442597930000003
1.6300000000000001,0.01638999,0.01638999,0.1607858019
1.6400000000000001,0.01153738,0.01153738,0.11318169780000001
1.6500000000000001,0.006185484,0.006185484,0.06067959804
1.6600000000000001,0.0003607371,0.0003607371,0.0035388309510000003
1.67,-0.005828775,-0.005828775,-0.05718028275
1.68,-0.01224931,-0.01224931,-0.1201657311
1.69,-0.01879154,-0.01879154,-0.1843450074
1.7,-0.02540006,-0.02540006,-0.2491745886
1.71,-0.03207674,-0.03207674,-0.3146728194
1.72,-0.03886372,-0.03886372,-0.3812530932
1.73,-0.04580495,-0.04580495,-0.4493465595
1.74,-0.0529001,-0.0529001,-0.518949981
1.75,-0.06009122,-0.06009122,-0.5894948682000001
1.76,-0.06698184,-0.06698184,-0.6570918504000001
1.77,-0.07248485,-0.07248485,-0.7110763785
1.78,-0.07541633,-0.07541633,-0.7398341973000001
1.79,-0.07524418,-0.07524418,-0.7381454058
1.8,-0.07226481,-0.07226481,-0.7089177861
1.81,-0.06746423,-0.06746423,-0.6618240963
1.82,-0.06229322,-0.06229322,-0.6110964882000001
1.83,-0.05817992,-0.05817992,-0.5707450152000001
1.84,-0.05604382,-0.05604382,-0.5497898742
1.85,-0.05582719,-0.05582719,-0.5476647339
1.86,-0.05614315,-0.05614315,-0.5507643015000001
1.87,-0.05488546,-0.05488546,-0.5384263626
1.8800000000000001,-0.05022433,-0.05022433,-0.4927006773
1.8900000000000001,-0.04108657,-0.04108657,-0.40305925170000007
1.9000000000000001,-0.02664061,-0.02664061,-0.2613443841
1.9100000000000001,-0.006136082,-0.006136082,-0.060194964420000004
1.92,0.02064425,0.02064425,0.2025200925
1.93,0.05233998,0.05233998,0.5134552038000001
1.94,0.08482334,0.08482334,0.8321169654
1.95,0.1125897,0.1125897,1.104504957
1.96,0.1313425,0.1313425,1.288469925
1.97,0.1396859,0.1396859,1.3703186790000002
1.98,0.1391371,0.1391371,1.3649349510000002
1.99,0.1330177,0.1330177,1.304903637
2.0,0.1250165,0.1250165,1.226411865
2.0100000000000002,0.1180201,0.1180201,1.1577771810000002
2.02,0.1135264,0.1135264,1.113693984
2.0300000000000002,0.1116457,0.1116457,1.0952443170000001
2.04,0.1115175,0.1115175,1.093986675
2.05,0.1118996,0.1118996,1.097735076
2.06,0.1117022,0.1117022,1.095798582
2.07,0.1103136,0.1103136,1.082176416
2.08,0.1076712,0.1076712,1.056254472
2.09,0.1041327,0.1041327,1.021541787
2.1,0.1002404,0.1002404,0.983358324
2.11,0.09648001,0.09648001,0.9464688981000001
2.12,0.09301231,0.09301231,0.9124507611
2.13,0.08952057,0.08952057,0.8781967917
2.14,0.08542155,0.08542155,0.8379854055
2.15,0.08018361,0.08018361,0.7866012141000001
2.16,0.07349935,0.07349935,0.7210286235000001
2.17,0.06489383,0.06489383,0.6366084723000001
2.18,0.0533653,0.0533653,0.523513593
2.19,0.03786125,0.03786125,0.3714188625
2.2,0.01786479,0.01786479,0.1752535899
2.21,-0.006323175,-0.006323175,-0.06203034675000001
2.22,-0.03287324,-0.03287324,-0.3224864844
2.23,-0.057717,-0.057717,-0.56620377
2.24,-0.07608954,-0.07608954,-0.7464383874
2.25,-0.08463832,-0.08463832,-0.8303019192000001
2.2600000000000002,-0.08255029,-0.08255029,-0.8098183449
2.27,-0.071453,-0.071453,-0.7009539300000001
2.2800000000000002,-0.05447824,-0.05447824,-0.5344315344
2.29,-0.03498626,-0.03498626,-0.3432152106
2.3000000000000003,-0.01535784,-0.01535784,-0.1506604104
2.31,0.003487409,0.003487409,0.03421148229
2.32,0.02181211,0.02181211,0.2139767991
2.33,0.04013106,0.04013106,0.3936856986000001
2.34,0.05745974,0.05745974,0.5636800494
2.35,0.07117679,0.07117679,0.6982443099000001
2.36,0.07852343,0.07852343,0.7703148483000001
2.37,0.07795699,0.07795699,0.7647580719000001
2.38,0.06967246,0.06967246,0.6834868326000001
2.39,0.05531579,0.05531579,0.5426478999
2.4,0.03720049,0.03720049,0.3649368069
2.41,0.01752068,0.01752068,0.1718778708
2.42,-0.002160519,-0.002160519,-0.021194691390000003
2.43,-0.02109436,-0.02109436,-0.2069356716
2.44,-0.0392463,-0.0392463,-0.385006203
2.45,-0.05694975,-0.05694975,-0.5586770475
2.46,-0.07384574,-0.07384574,-0.7244267094000001
2.47,-0.08817892,-0.08817892,-0.8650352052
2.48,-0.09771004,-0.09771004,-0.9585354924
2.49,-0.1009187,-0.1009187,-0.990012447
2.5,-0.0976301,-0.0976301,-0.9577512810000001
2.5100000000000002,-0.08895007,-0.08895007,-0.8726001867000001
2.52,-0.07662869,-0.07662869,-0.7517274489
2.5300000000000002,-0.06221218,-0.06221218,-0.6103014858
2.54,-0.04666748,-0.04666748,-0.4578079788
2.5500000000000003,-0.03041691,-0.03041691,-0.2983898871
2.56,-0.01352667,-0.01352667,-0.1326966327
2.57,0.004082698,0.004082698,0.040051267380000005
2.58,0.0224677,0.0224677,0.220408137
2.59,0.04122858,0.04122858,0.40445236980000004
2.6,0.05830349,0.05830349,0.5719572369
2.61,0.07028812,0.07028812,0.6895264571999999
2.62,0.07417944,0.07417944,0.7277003064
2.63,0.06872083,0.06872083,0.6741513423
2.64,0.05483511,0.05483511,0.5379324291
2.65,0.03522809,0.03522809,0.3455875629
2.66,0.01328723,0.01328723,0.13034772630000002
2.67,-0.008070621,-0.008070621,-0.07917279201
2.68,-0.02711513,-0.02711513,-0.26599942530000004
2.69,-0.04344955,-0.04344955,-0.42624008550000003
2.7,-0.05770427,-0.05770427,-0.5660788887
2.71,-0.07093611,-0.07093611,-0.6958832391
2.72,-0.08322139,-0.08322139,-0.8164018359000002
2.73,-0.09253101,-0.09253101,-0.9077292081
2.74,-0.09586331,-0.09586331,-0.9404190711
2.75,-0.09096404,-0.09096404,-0.8923572324
2.7600000000000002,-0.07732678,-0.07732678,-0.7585757118
2.77,-0.05628048,-0.05628048,-0.5521115088
2.7800000000000002,-0.03115563,-0.03115563,-0.3056367303
2.79,-0.00738131,-0.00738131,-0.0724106511
2.8000000000000003,0.009438362,0.009438362,0.09259033122000002
2.81,0.01571057,0.01571057,0.1541206917
2.82,0.01078108,0.01078108,0.1057623948
2.83,-0.003602452,-0.003602452,-0.03534005412
2.84,-0.02441538,-0.02441538,-0.23951487780000003
2.85,-0.04843577,-0.04843577,-0.4751549037000001
2.86,-0.07297417,-0.07297417,-0.7158766077000001
2.87,-0.09621376,-0.09621376,-0.9438569856
2.88,-0.1173656,-0.1173656,-1.151356536
2.89,-0.1364317,-0.1364317,-1.3383949769999999
2.9,-0.1528897,-0.1528897,-1.499847957
2.91,-0.1649155,-0.1649155,-1.617821055
2.92,-0.1704054,-0.1704054,-1.6716769740000001
2.93,-0.1681599,-0.1681599,-1.6496486190000001
2.94,-0.1583074,-0.1583074,-1.552995594
2.95,-0.1421268,-0.1421268,-1.394263908
2.96,-0.1215849,-0.1215849,-1.192747869
2.97,-0.0987614,-0.0987614,-0.9688493340000001
2.98,-0.07547254,-0.07547254,-0.7403856174000001
2.99,-0.05389441,-0.05389441,-0.5287041621
3.0,-0.03686731,-0.03686731,-0.36166831110000003
3.0100000000000002,-0.02680945,-0.02680945,-0.2630007045
3.02,-0.02470198,-0.02470198,-0.2423264238
3.0300000000000002,-0.02983836,-0.02983836,-0.29271431160000005
3.04,-0.04016483,-0.04016483,-0.3940169823
3.0500000000000003,-0.05259564,-0.05259564,-0.5159632284
3.06,-0.06377856,-0.06377856,-0.6256676736
3.0700000000000003,-0.0712025,-0.0712025,-0.698496525
3.08,-0.07384807,-0.07384807,-0.7244495667
3.09,-0.07217021,-0.07217021,-0.7079897601
3.1,-0.06759423,-0.06759423,-0.6630993963
3.11,-0.06183291,-0.06183291,-0.6065808471
3.12,-0.0563017,-0.0563017,-0.5523196770000001
3.13,-0.05185185,-0.05185185,-0.5086666485
3.14,-0.04900242,-0.04900242,-0.4807137402
3.15,-0.04810683,-0.04810683,-0.47192800230000004
3.16,-0.04925863,-0.04925863,-0.4832271603
3.17,-0.05224183,-0.05224183,-0.5124923523
3.18,-0.05660416,-0.05660416,-0.5552868096
3.19,-0.06180448,-0.06180448,-0.6063019488000001
3.2,-0.06714705,-0.06714705,-0.6587125605
3.21,-0.07090607,-0.07090607,-0.6955885467
3.22,-0.07039409,-0.07039409,-0.6905660229000001
3.23,-0.06326708,-0.06326708,-0.6206500548
3.24,-0.04857138,-0.04857138,-0.4764852378
3.25,-0.02703374,-0.02703374,-0.26520098940000003
3.2600000000000002,-0.001451398,-0.001451398,-0.014238214380000001
3.27,0.02305408,0.02305408,0.2261605248
3.2800000000000002,0.04094149,0.04094149,0.4016360169
3.29,0.04849307,0.04849307,0.4757170167
3.3000000000000003,0.04487163,0.04487163,0.4401906903
3.31,0.03200807,0.03200807,0.3139991667
3.3200000000000003,0.01364297,0.01364297,0.1338375357
3.33,-0.006155851,-0.006155851,-0.06038889831000001
3.34,-0.02427696,-0.02427696,-0.2381569776
3.35,-0.03920915,-0.03920915,-0.3846417615
3.36,-0.05100199,-0.05100199,-0.5003295219
3.37,-0.06068266,-0.06068266,-0.5952968946
3.38,-0.06888809,-0.06888809,-0.6757921629
3.39,-0.07486289,-0.07486289,-0.7344049509
3.4,-0.07708117,-0.07708117,-0.7561662777000001
3.41,-0.07429147,-0.07429147,-0.7287993207
3.42,-0.06616917,-0.06616917,-0.6491195577000001
3.43,-0.05355582,-0.05355582,-0.5253825942
3.44,-0.03895337,-0.03895337,-0.38213255970000004
3.45,-0.02614978,-0.02614978,-0.25652934180000003
3.46,-0.01864154,-0.01864154,-0.18287350740000002
3.47,-0.01832948,-0.01832948,-0.1798121988
3.48,-0.02511605,-0.02511605,-0.24638845050000002
3.49,-0.03731544,-0.03731544,-0.3660644664
3.5,-0.05249785,-0.05249785,-0.5150039085
3.5100000000000002,-0.06825287,-0.06825287,-0.6695606546999999
3.52,-0.08174993,-0.08174993,-0.8019668133
3.5300000000000002,-0.08933375,-0.08933375,-0.8763640875
3.54,-0.08785721,-0.08785721,-0.8618792301000001
3.5500000000000003,-0.07601437,-0.07601437,-0.7457009697
3.56,-0.05474299,-0.05474299,-0.5370287319
3.5700000000000003,-0.02691735,-0.02691735,-0.2640592035
3.58,0.003622426,0.003622426,0.035535999060000004
3.59,0.03339292,0.03339292,0.3275845452
3.6,0.05994047,0.05994047,0.5880160107000001
3.61,0.08138673,0.08138673,0.7984038213000001
3.62,0.09644106,0.09644106,0.9460867986
3.63,0.1048375,0.1048375,1.0284558750000001
3.64,0.1074271,0.1074271,1.0538598510000001
3.65,0.1058402,0.1058402,1.038292362
3.66,0.1019559,0.1019559,1.000187379
3.67,0.09754747,0.09754747,0.9569406807
3.68,0.09387529,0.09387529,0.9209165949
3.69,0.09122032,0.09122032,0.8948713392
3.7,0.08904752,0.08904752,0.8735561712000001
3.71,0.08650281,0.08650281,0.8485925661
3.72,0.08287487,0.08287487,0.8130024747000001
3.73,0.07785277,0.07785277,0.7637356737000001
3.74,0.07155877,0.07155877,0.7019915337
3.75,0.06441669,0.06441669,0.6319277289
3.7600000000000002,0.05695094,0.05695094,0.5586887214
3.77,0.04960513,0.04960513,0.4866263253
3.7800000000000002,0.04263291,0.04263291,0.4182288471000001
3.79,0.036078,0.036078,0.35392518
3.8000000000000003,0.02982575,0.02982575,0.29259060750000004
3.81,0.02368986,0.02368986,0.23239752660000002
3.8200000000000003,0.01760418,0.01760418,0.17269700580000003
3.83,0.01228652,0.01228652,0.12053076120000002
3.84,0.009345252,0.009345252,0.09167692212
3.85,0.01042073,0.01042073,0.1022273613
3.86,0.01637868,0.01637868,0.1606748508
3.87,0.02701204,0.02701204,0.26498811240000003
3.88,0.04117189,0.04117189,0.40389624090000004
3.89,0.05650122,0.05650122,0.5542769682
3.9,0.06929183,0.06929183,0.6797528523
3.91,0.07587456,0.07587456,0.7443294335999999
3.92,0.0741155,0.0741155,0.7270730550000001
3.93,0.06409992,0.06409992,0.6288202152000001
3.94,0.04793473,0.04793473,0.47023970130000003
3.95,0.02878499,0.02878499,0.2823807519
3.96,0.01036586,0.01036586,0.10168908659999999
3.97,-0.003058575,-0.003058575,-0.030004620750000002
3.98,-0.007941462,-0.007941462,-0.07790574222
3.99,-0.00274454,-0.00274454,-0.026923937400000004
4.0,0.01169762,0.01169762,0.11475365220000001
4.01,0.0319071,0.0319071,0.313008651
4.0200000000000005,0.05174643,0.05174643,0.5076324783
4.03,0.06469709,0.06469709,0.6346784529
4.04,0.06642462,0.06642462,0.6516255222
4.05,0.05600377,0.05600377,0.5493969837
4.0600000000000005,0.03610855,0.03610855,0.35422487550000004
4.07,0.01234882,0.01234882,0.1211419242
4.08,-0.009016548,-0.009016548,-0.08845233588
4.09,-0.02351388,-0.02351388,-0.23067116280000002
4.1,-0.02996472,-0.02996472,-0.29395390320000003
4.11,-0.03028335,-0.03028335,-0.29707966350000004
4.12,-0.028002,-0.028002,-0.27469962
4.13,-0.02661908,-0.02661908,-0.26113317480000003
4.14,-0.02844047,-0.02844047,-0.2790010107
4.15,-0.03406182,-0.03406182,-0.3341464542
4.16,-0.04041351,-0.04041351,-0.3964565331
4.17,-0.03804986,-0.03804986,-0.3732691266
4.18,-0.01758911,-0.01758911,-0.1725491691
4.19,0.02076642,0.02076642,0.20371858020000003
4.2,0.06757303,0.06757303,0.6628914243000001
4.21,0.1101266,0.1101266,1.080341946
4.22,0.1381521,0.1381521,1.3552721010000002
4.23,0.1467201,0.1467201,1.439324181
4.24,0.1365611,0.1365611,1.339664391
4.25,0.1125906,0.1125906,1.104513786
4.26,0.08150171,0.08150171,0.7995317751000001
4.2700000000000005,0.04941909,0.04941909,0.4848012729
4.28,0.02035554,0.02035554,0.1996878474
4.29,-0.004161011,-0.004161011,-0.040819517910000006
4.3,-0.02446908,-0.02446908,-0.24004167480000002
4.3100000000000005,-0.04195418,-0.04195418,-0.41157050580000004
4.32,-0.05826259,-0.05826259,-0.5715560079
4.33,-0.07423292,-0.07423292,-0.7282249452
4.34,-0.08899742,-0.08899742,-0.8730646902
4.3500000000000005,-0.1006323,-0.1006323,-0.987202863
4.36,-0.1073869,-0.1073869,-1.053465489
4.37,-0.1085167,-0.1085167,-1.064548827
4.38,-0.1044562,-0.1044562,-1.024715322
4.39,-0.09652097,-0.09652097,-0.9468707157
4.4,-0.08640075,-0.08640075,-0.8475913575
4.41,-0.07565172,-0.07565172,-0.7421433732000001
4.42,-0.06544931,-0.06544931,-0.6420577311
4.43,-0.05725307,-0.05725307,-0.5616526167000001
4.44,-0.05317938,-0.05317938,-0.5216897178000001
4.45,-0.05508277,-0.05508277,-0.5403619737
4.46,-0.06312046,-0.06312046,-0.6192117126000001
4.47,-0.07481851,-0.07481851,-0.7339695831
4.48,-0.08620971,-0.08620971,-0.8457172551
4.49,-0.09374381,-0.09374381,-0.9196267761
4.5,-0.09559125,-0.09559125,-0.9377501625000001
4.51,-0.0918923,-0.0918923,-0.901463463
4.5200000000000005,-0.08422994,-0.08422994,-0.8262957114
4.53,-0.07471812,-0.07471812,-0.7329847572
4.54,-0.0648236,-0.0648236,-0.635919516
4.55,-0.05171063,-0.05171063,-0.5072812803000001
4.5600000000000005,-0.02870091,-0.02870091,-0.2815559271
4.57,0.005506074,0.005506074,0.05401458594
4.58,0.0454455,0.0454455,0.445820355
4.59,0.08303673,0.08303673,0.8145903213000001
4.6000000000000005,0.1115743,0.1115743,1.094543883
4.61,0.1279128,0.1279128,1.254824568
4.62,0.1326511,0.1326511,1.301307291
4.63,0.1289258,0.1289258,1.264762098
4.64,0.1208263,0.1208263,1.185306003
4.65,0.1120248,0.1120248,1.098963288
4.66,0.105435,0.105435,1.03431735
4.67,0.1040487,0.1040487,1.020717747
4.68,0.109757,0.109757,1.07671617
4.69,0.1210348,0.1210348,1.187351388
4.7,0.1335492,0.1335492,1.3101176520000002
4.71,0.1425022,0.1425022,1.397946582
4.72,0.1446183,0.1446183,1.418705523
4.73,0.1390142,0.1390142,1.363729302
4.74,0.1269695,0.1269695,1.2455707950000001
4.75,0.1109617,0.1109617,1.088534277
4.76,0.09351438,0.09351438,0.9173760678
4.7700000000000005,0.07644052,0.07644052,0.7498815012
4.78,0.06056884,0.06056884,0.5941803204
4.79,0.04583406,0.04583406,0.44963212860000007
4.8,0.03154935,0.03154935,0.3094991235
4.8100000000000005,0.01681984,0.01681984,0.1650026304
4.82,0.0009466005,0.0009466005,0.009286150905
4.83,-0.01630907,-0.01630907,-0.15999197669999998
4.84,-0.03426093,-0.03426093,-0.33609972330000004
4.8500000000000005,-0.05104954,-0.05104954,-0.5007959874
4.86,-0.06449249,-0.06449249,-0.6326713269
4.87,-0.07310908,-0.07310908,-0.7172000748000001
4.88,-0.07663369,-0.07663369,-0.7517764989000001
4.89,-0.07594097,-0.07594097,-0.7449809157
4.9,-0.07258103,-0.07258103,-0.7120199043000001
4.91,-0.06820045,-0.06820045,-0.6690464145
4.92,-0.06423997,-0.06423997,-0.6301941057
4.93,-0.06220489,-0.06220489,-0.6102299709
4.94,-0.06296953,-0.06296953,-0.6177310893
4.95,-0.06582724,-0.06582724,-0.6457652244
4.96,-0.06895227,-0.06895227,-0.6764217687
4.97,-0.07041274,-0.07041274,-0.6907489794
4.98,-0.06895951,-0.06895951,-0.6764927931000001
4.99,-0.06439544,-0.06439544,-0.6317192664
5.0,-0.05778949,-0.05778949,-0.5669148969
5.01,-0.0511389,-0.0511389,-0.501672609
5.0200000000000005,-0.04645556,-0.04645556,-0.4557290436
5.03,-0.04499814,-0.04499814,-0.4414317534
5.04,-0.04696687,-0.04696687,-0.4607449947
5.05,-0.05136588,-0.05136588,-0.5038992828000001
5.0600000000000005,-0.05580952,-0.05580952,-0.5474913912
5.07,-0.05737036,-0.05737036,-0.5628032316
5.08,-0.05384582,-0.05384582,-0.5282274942
5.09,-0.04451028,-0.04451028,-0.4366458468
5.1000000000000005,-0.03024632,-0.03024632,-0.29671639920000004
5.11,-0.01341355,-0.01341355,-0.1315869255
5.12,0.002457318,0.002457318,0.024106289580000002
5.13,0.01389199,0.01389199,0.1362804219
5.14,0.01846217,0.01846217,0.1811138877
5.15,0.01468078,0.01468078,0.1440184518
5.16,0.002123961,0.002123961,0.020836057410000004
5.17,-0.01832347,-0.01832347,-0.1797532407
5.18,-0.04356264,-0.04356264,-0.4273494984
5.19,-0.06704158,-0.06704158,-0.6576778998
5.2,-0.08096849,-0.08096849,-0.7943008869000001
5.21,-0.0797305,-0.0797305,-0.782156205
5.22,-0.06249605,-0.06249605,-0.6130862505
5.23,-0.03501146,-0.03501146,-0.34346242260000004
5.24,-0.007312779,-0.007312779,-0.07173836199
5.25,0.01094571,0.01094571,0.10737741510000001
5.26,0.01407802,0.01407802,0.13810537620000002
5.2700000000000005,0.001826715,0.001826715,0.01792007415
5.28,-0.0215635,-0.0215635,-0.211537935
5.29,-0.04980585,-0.04980585,-0.4885953885
5.3,-0.07700819,-0.07700819,-0.7554503439000001
5.3100000000000005,-0.09915208,-0.09915208,-0.9726819048
5.32,-0.1145077,-0.1145077,-1.1233205370000001
5.33,-0.122745,-0.122745,-1.2041284500000002
5.34,-0.1241934,-0.1241934,-1.218337254
5.3500000000000005,-0.1191498,-0.1191498,-1.168859538
5.36,-0.1072175,-0.1072175,-1.051803675
5.37,-0.08808264,-0.08808264,-0.8640906984000001
5.38,-0.06345404,-0.06345404,-0.6224841324000001
5.39,-0.03732335,-0.03732335,-0.3661420635
5.4,-0.01417372,-0.01417372,-0.13904419320000003
5.41,0.002806933,0.002806933,0.027536012730000003
5.42,0.01257874,0.01257874,0.1233974394
5.43,0.01611604,0.01611604,0.15809835240000003
5.44,0.0156361,0.0156361,0.153390141
5.45,0.01388227,0.01388227,0.13618506870000002
5.46,0.01401412,0.01401412,0.1374785172
5.47,0.01890655,0.01890655,0.18547325550000002
5.48,0.03006344,0.03006344,0.29492234640000003
5.49,0.0469989,0.0469989,0.4610592090000001
5.5,0.06718033,0.06718033,0.6590390373
5.51,0.08670528,0.08670528,0.8505787968
5.5200000000000005,0.1019042,0.1019042,0.9996802020000001
5.53,0.1106004,0.1106004,1.084989924
5.54,0.1122407,0.1122407,1.101081267
5.55,0.1075274,0.1075274,1.054843794
5.5600000000000005,0.09801385,0.09801385,0.9615158685
5.57,0.08558658,0.08558658,0.8396043498
5.58,0.07195588,0.07195588,0.7058871828000001
5.59,0.05834571,0.05834571,0.5723714151
5.6000000000000005,0.04546282,0.04546282,0.44599026420000004
5.61,0.03354653,0.03354653,0.3290914593
5.62,0.02246819,0.02246819,0.2204129439
5.63,0.01189532,0.01189532,0.1166930892
5.64,0.001444109,0.001444109,0.014166709290000001
5.65,-0.009414946,-0.009414946,-0.09236062026000001
5.66,-0.02140697,-0.02140697,-0.21000237570000002
5.67,-0.03446087,-0.03446087,-0.3380611347
5.68,-0.04630704,-0.04630704,-0.4542720624
5.69,-0.05336214,-0.05336214,-0.5234825934
5.7,-0.0528038,-0.0528038,-0.518005278
5.71,-0.04404205,-0.04404205,-0.43205251050000004
5.72,-0.02869436,-0.02869436,-0.2814916716
5.73,-0.009618352,-0.009618352,-0.09435603312
5.74,0.01011899,0.01011899,0.0992672919
5.75,0.0278439,0.0278439,0.273148659
5.76,0.04181623,0.04181623,0.4102172163000001
5.7700000000000005,0.05129143,0.05129143,0.5031689283
5.78,0.05597484,0.05597484,0.5491131804
5.79,0.05591303,0.05591303,0.5485068243000001
5.8,0.05160736,0.05160736,0.5062682016
5.8100000000000005,0.04396857,0.04396857,0.43133167170000003
5.82,0.03425595,0.03425595,0.3360508695
5.83,0.02493441,0.02493441,0.2446065621
5.84,0.01988276,0.01988276,0.1950498756
5.8500000000000005,0.02253748,0.02253748,0.2210926788
5.86,0.03313122,0.03313122,0.32501726820000004
5.87,0.04799968,0.04799968,0.4708768608000001
5.88,0.06172248,0.06172248,0.6054975288000001
5.89,0.06965341,0.06965341,0.6832999521
5.9,0.06946768,0.06946768,0.6814779408000001
5.91,0.06144047,0.06144047,0.6027310107
5.92,0.04773153,0.04773153,0.46824630930000005
5.93,0.03123656,0.03123656,0.3064306536
5.94,0.01454417,0.01454417,0.1426783077
5.95,-0.0006909103,-0.0006909103,-0.006777830043
5.96,-0.01340281,-0.01340281,-0.1314815661
5.97,-0.02207338,-0.02207338,-0.2165398578
5.98,-0.0250165,-0.0250165,-0.245411865
5.99,-0.02126797,-0.02126797,-0.20863878570000002
6.0,-0.01106604,-0.01106604,-0.1085578524
6.01,0.003900268,0.003900268,0.038261629080000005
6.0200000000000005,0.02021925,0.02021925,0.1983508425
6.03,0.03383056,0.03383056,0.3318777936
6.04,0.04163684,0.04163684,0.40845740040000006
6.05,0.04244807,0.04244807,0.4164155667
6.0600000000000005,0.0369928,0.0369928,0.362899368
6.07,0.02721724,0.02721724,0.2670011244
6.08,0.01537642,0.01537642,0.1508426802
6.09,0.003325721,0.003325721,0.03262532301
6.1000000000000005,-0.007826973,-0.007826973,-0.07678260513
6.11,-0.01759604,-0.01759604,-0.1726171524
6.12,-0.02587088,-0.02587088,-0.2537933328
6.13,-0.0325844,-0.0325844,-0.319652964
6.140000000000001,-0.03713679,-0.03713679,-0.36431190990000006
6.15,-0.03856948,-0.03856948,-0.37836659880000006
6.16,-0.036176,-0.036176,-0.35488656
6.17,-0.02993281,-0.02993281,-0.2936408661
6.18,-0.02053802,-0.02053802,-0.20147797620000002
6.19,-0.009124983,-0.009124983,-0.08951608323
6.2,0.003122917,0.003122917,0.030635815769999998
6.21,0.01525878,0.01525878,0.1496886318
6.22,0.02619531,0.02619531,0.2569759911
6.23,0.03404206,0.03404206,0.33395260860000003
6.24,0.03674887,0.03674887,0.36050641470000006
6.25,0.03310571,0.03310571,0.32476701510000006
6.26,0.0232181,0.0232181,0.227769561
6.2700000000000005,0.008355385,0.008355385,0.08196632685000001
6.28,-0.009591798,-0.009591798,-0.09409553838000001
6.29,-0.0285966,-0.0285966,-0.280532646
6.3,-0.04590777,-0.04590777,-0.45035522370000003
6.3100000000000005,-0.05787168,-0.05787168,-0.5677211808
6.32,-0.06137101,-0.06137101,-0.6020496081
6.33,-0.0551668,-0.0551668,-0.541186308
6.34,-0.04038963,-0.04038963,-0.39622227030000007
6.3500000000000005,-0.01993704,-0.01993704,-0.19558236240000001
6.36,0.002755582,0.002755582,0.02703225942
6.37,0.02476413,0.02476413,0.2429361153
6.38,0.04369477,0.04369477,0.42864569370000005
6.390000000000001,0.05753647,0.05753647,0.5644327707
6.4,0.06518016,0.06518016,0.6394173696000001
6.41,0.0667643,0.0667643,0.6549577830000001
6.42,0.06351148,0.06351148,0.6230476188
6.43,0.05717248,0.05717248,0.5608620288
6.44,0.0493764,0.0493764,0.48438248400000006
6.45,0.04124209,0.04124209,0.40458490290000004
6.46,0.03329083,0.03329083,0.3265830423
6.47,0.02556086,0.02556086,0.2507520366
6.48,0.01782075,0.01782075,0.1748215575
6.49,0.009796873,0.009796873,0.09610732413
6.5,0.001528386,0.001528386,0.014993466660000001
6.51,-0.006321218,-0.006321218,-0.06201114858
6.5200000000000005,-0.01277429,-0.01277429,-0.1253157849
6.53,-0.0170516,-0.0170516,-0.16727619600000002
6.54,-0.01888897,-0.01888897,-0.18530079570000002
6.55,-0.01858468,-0.01858468,-0.1823157108
6.5600000000000005,-0.01703233,-0.01703233,-0.16708715729999998
6.57,-0.01571407,-0.01571407,-0.1541550267
6.58,-0.01615076,-0.01615076,-0.15843895560000001
6.59,-0.01900722,-0.01900722,-0.18646082819999998
6.6000000000000005,-0.02345535,-0.02345535,-0.23009698350000002
6.61,-0.02769514,-0.02769514,-0.2716893234
6.62,-0.02992627,-0.02992627,-0.2935767087
6.63,-0.02906686,-0.02906686,-0.2851458966
6.640000000000001,-0.02500346,-0.02500346,-0.24528394260000003
6.65,-0.01842915,-0.01842915,-0.18078996149999998
6.66,-0.0104463,-0.0104463,-0.102478203
6.67,-0.002129285,-0.002129285,-0.02088828585
6.68,0.005778729,0.005778729,0.05668933149
6.69,0.01297468,0.01297468,0.1272816108
6.7,0.01953266,0.01953266,0.19161539460000002
6.71,0.02549381,0.02549381,0.2500942761
6.72,0.03000282,0.03000282,0.2943276642
6.73,0.03146305,0.03146305,0.3086525205
6.74,0.02845546,0.02845546,0.2791480626
6.75,0.02043056,0.02043056,0.2004237936
6.76,0.007943041,0.007943041,0.07792123221
6.7700000000000005,-0.006943337,-0.006943337,-0.06811413597
6.78,-0.02073271,-0.02073271,-0.20338788510000003
6.79,-0.03001422,-0.03001422,-0.29443949820000004
6.8,-0.03305729,-0.03305729,-0.32429201490000004
6.8100000000000005,-0.03023268,-0.03023268,-0.29658259080000005
6.82,-0.02334878,-0.02334878,-0.2290515318
6.83,-0.01456801,-0.01456801,-0.1429121781
6.84,-0.005622223,-0.005622223,-0.05515400763
6.8500000000000005,0.002530991,0.002530991,0.02482902171
6.86,0.009703666,0.009703666,0.09519296346
6.87,0.01624582,0.01624582,0.15937149420000002
6.88,0.02272545,0.02272545,0.22293666450000002
6.890000000000001,0.02960665,0.02960665,0.29044123650000003
6.9,0.03679766,0.03679766,0.3609850446
6.91,0.04352209,0.04352209,0.4269517029
6.92,0.0490016,0.0490016,0.480705696
6.93,0.05324818,0.05324818,0.5223646458
6.94,0.0569287,0.0569287,0.558470547
6.95,0.0602059,0.0602059,0.590619879
6.96,0.0620323,0.0620323,0.608536863
6.97,0.06083111,0.06083111,0.5967531891000001
6.98,0.05541518,0.05541518,0.5436229158
6.99,0.04528274,0.04528274,0.4442236794
7.0,0.03028108,0.03028108,0.2970573948
7.01,0.01067423,0.01067423,0.1047141963
7.0200000000000005,-0.01258705,-0.01258705,-0.12347896050000001
7.03,-0.03780134,-0.03780134,-0.37083114540000006
7.04,-0.0618084,-0.0618084,-0.606340404
7.05,-0.08044472,-0.08044472,-0.7891627032
7.0600000000000005,-0.09034708,-0.09034708,-0.8863048548
7.07,-0.09024824,-0.09024824,-0.8853352344
7.08,-0.08103566,-0.08103566,-0.7949598246
7.09,-0.06476693,-0.06476693,-0.6353635833000001
7.1000000000000005,-0.04378014,-0.04378014,-0.42948317340000003
7.11,-0.02015375,-0.02015375,-0.19770828750000002
7.12,0.004535866,0.004535866,0.044496845460000004
7.13,0.02894297,0.02894297,0.2839305357
7.140000000000001,0.05175737,0.05175737,0.5077397997
7.15,0.07136305,0.07136305,0.7000715205
7.16,0.08550767,0.08550767,0.8388302427
7.17,0.09219488,0.09219488,0.9044317728000001
7.18,0.090661,0.090661,0.8893844100000001
7.19,0.08172699,0.08172699,0.8017417719000001
7.2,0.06810663,0.06810663,0.6681260403
7.21,0.05429092,0.05429092,0.5325939252
7.22,0.04488871,0.04488871,0.4403582451
7.23,0.04282157,0.04282157,0.4200796017
7.24,0.04772069,0.04772069,0.46813996890000004
7.25,0.05568616,0.05568616,0.5462812296
7.26,0.06139349,0.06139349,0.6022701369000001
7.2700000000000005,0.06051374,0.06051374,0.5936397894000001
7.28,0.05116274,0.05116274,0.5019064794
7.29,0.03423963,0.03423963,0.33589077030000003
7.3,0.01264652,0.01264652,0.1240623612
7.3100000000000005,-0.01012351,-0.01012351,-0.0993116331
7.32,-0.03123693,-0.03123693,-0.3064342833
7.33,-0.04909445,-0.04909445,-0.4816165545
7.34,-0.06328464,-0.06328464,-0.6208223184
7.3500000000000005,-0.07434321,-0.07434321,-0.7293068901
7.36,-0.08318999,-0.08318999,-0.8160938019000001
7.37,-0.09009164,-0.09009164,-0.8837989884
7.38,-0.09443174,-0.09443174,-0.9263753694000001
7.390000000000001,-0.09534537,-0.09534537,-0.9353380797
7.4,-0.09235286,-0.09235286,-0.9059815566
7.41,-0.08564875,-0.08564875,-0.8402142375
7.42,-0.07607491,-0.07607491,-0.7462948671
7.43,-0.06485195,-0.06485195,-0.6361976295000001
7.44,-0.05318843,-0.05318843,-0.5217784983
7.45,-0.04196578,-0.04196578,-0.41168430180000004
7.46,-0.03157455,-0.03157455,-0.3097463355
7.47,-0.02177648,-0.02177648,-0.21362726880000002
7.48,-0.01179547,-0.01179547,-0.11571356070000001
7.49,-0.0007476337,-0.0007476337,-0.0073342865969999995
7.5,0.01195518,0.01195518,0.11728031579999999
7.51,0.02639602,0.02639602,0.2589449562
7.5200000000000005,0.04165627,0.04165627,0.40864800870000006
7.53,0.05533837,0.05533837,0.5428694097
7.54,0.06456729,0.06456729,0.6334051149000001
7.55,0.06734683,0.06734683,0.6606724023
7.5600000000000005,0.06326669,0.06326669,0.6206462289
7.57,0.05334966,0.05334966,0.5233601646
7.58,0.03982908,0.03982908,0.3907232748
7.59,0.02611625,0.02611625,0.25620041250000003
7.6000000000000005,0.01568825,0.01568825,0.15390173250000003
7.61,0.01082514,0.01082514,0.10619462340000001
7.62,0.01203643,0.01203643,0.11807737830000001
7.63,0.01825682,0.01825682,0.1790994042
7.640000000000001,0.02746521,0.02746521,0.2694337101
7.65,0.03702672,0.03702672,0.36323212320000003
7.66,0.04414065,0.04414065,0.4330197765
7.67,0.04675944,0.04675944,0.45871010640000004
7.68,0.04417509,0.04417509,0.4333576329
7.69,0.03691712,0.03691712,0.3621569472
7.7,0.02624118,0.02624118,0.2574259758
7.71,0.01361461,0.01361461,0.1335593241
7.72,0.0003039321,0.0003039321,0.0029815739010000003
7.73,-0.01287284,-0.01287284,-0.1262825604
7.74,-0.02559711,-0.02559711,-0.2511076491
7.75,-0.03783086,-0.03783086,-0.3711207366
7.76,-0.0489919,-0.0489919,-0.480610539
7.7700000000000005,-0.05767246,-0.05767246,-0.5657668326
7.78,-0.06239205,-0.06239205,-0.6120660105
7.79,-0.06236111,-0.06236111,-0.6117624891
7.8,-0.0578303,-0.0578303,-0.567315243
7.8100000000000005,-0.04997671,-0.04997671,-0.49027152510000005
7.82,-0.04041166,-0.04041166,-0.3964383846
7.83,-0.03062678,-0.03062678,-0.3004487118
7.84,-0.02161393,-0.02161393,-0.2120326533
7.8500000000000005,-0.01370142,-0.01370142,-0.1344109302
7.86,-0.00651838,-0.00651838,-0.0639453078
7.87,0.0006495446,0.0006495446,0.006372032526000001
7.88,0.00826476,0.00826476,0.0810772956
7.890000000000001,0.01633687,0.01633687,0.16026469470000002
7.9,0.02441138,0.02441138,0.2394756378
7.91,0.03140312,0.03140312,0.3080646072
7.92,0.03594712,0.03594712,0.3526412472
7.930000000000001,0.03705592,0.03705592,0.3635185752
7.94,0.03454027,0.03454027,0.3388400487
7.95,0.02933319,0.02933319,0.2877585939
7.96,0.02348947,0.02348947,0.2304317007
7.97,0.01933867,0.01933867,0.1897123527
7.98,0.01855323,0.01855323,0.1820071863
7.99,0.02166218,0.02166218,0.21250598580000002
8.0,0.02803625,0.02803625,0.2750356125
8.01,0.03629718,0.03629718,0.3560753358
8.02,0.04492928,0.04492928,0.44075623680000003
8.03,0.05278368,0.05278368,0.5178079008
8.040000000000001,0.05932524,0.05932524,0.5819806044
8.05,0.06458792,0.06458792,0.6336074951999999
8.06,0.06864887,0.06864887,0.6734454147000001
8.07,0.07107739,0.07107739,0.6972691959
8.08,0.07116863,0.07116863,0.6981642603
8.09,0.06842194,0.06842194,0.6712192314000001
8.1,0.06282205,0.06282205,0.6162843105000001
8.11,0.05498684,0.05498684,0.5394209004
8.120000000000001,0.04664049,0.04664049,0.4575432069
8.13,0.04033103,0.04033103,0.3956474043
8.14,0.03830967,0.03830967,0.3758178627
8.15,0.04155485,0.04155485,0.4076530785
8.16,0.04892727,0.04892727,0.4799765187
8.17,0.05741351,0.05741351,0.5632265331
8.18,0.0636014,0.0636014,0.6239297340000001
8.19,0.06507175,0.06507175,0.6383538675
8.2,0.06106017,0.06106017,0.5990002677
8.21,0.05236245,0.05236245,0.5136756345
8.22,0.04075483,0.04075483,0.3998048823
8.23,0.02823143,0.02823143,0.2769503283
8.24,0.01636788,0.01636788,0.16056890280000002
8.25,0.006448671,0.006448671,0.06326146251
8.26,0.0006989561,0.0006989561,0.0068567593409999995
8.27,0.001417023,0.001417023,0.01390099563
8.28,0.008309115,0.008309115,0.08151241815000002
8.290000000000001,0.01828253,0.01828253,0.17935161930000001
8.3,0.02722294,0.02722294,0.26705704140000003
8.31,0.03181198,0.03181198,0.3120755238
8.32,0.03054776,0.03054776,0.2996735256
8.33,0.02385483,0.02385483,0.2340158823
8.34,0.01344982,0.01344982,0.1319427342
8.35,0.0011127,0.0011127,0.010915587000000001
8.36,-0.0111248,-0.0111248,-0.10913428800000001
8.370000000000001,-0.02046084,-0.02046084,-0.20072084040000002
8.38,-0.0243459,-0.0243459,-0.238833279
8.39,-0.02151571,-0.02151571,-0.2110691151
8.4,-0.01232115,-0.01232115,-0.1208704815
8.41,0.001565814,0.001565814,0.015360635340000001
8.42,0.01783973,0.01783973,0.17500775130000001
8.43,0.03435933,0.03435933,0.33706502730000004
8.44,0.04970976,0.04970976,0.4876527456
8.45,0.06339192,0.06339192,0.6218747352
8.46,0.07570193,0.07570193,0.7426359333
8.47,0.08740139,0.08740139,0.8574076359
8.48,0.09909765,0.09909765,0.9721479465
8.49,0.1097466,0.1097466,1.076614146
8.5,0.116243,0.116243,1.14034383
8.51,0.1147554,0.1147554,1.125750474
8.52,0.1024622,0.1024622,1.005154182
8.53,0.07872423,0.07872423,0.7722846963000001
8.540000000000001,0.04517224,0.04517224,0.44313967440000007
8.55,0.00512364,0.00512364,0.0502629084
8.56,-0.03610305,-0.03610305,-0.3541709205
8.57,-0.07169116,-0.07169116,-0.7032902796000001
8.58,-0.09638103,-0.09638103,-0.9454979043000001
8.59,-0.1090004,-0.1090004,-1.0692939240000001
8.6,-0.1122471,-0.1122471,-1.1011440510000001
8.61,-0.1108468,-0.1108468,-1.087407108
8.620000000000001,-0.1094832,-0.1094832,-1.0740301920000002
8.63,-0.1108753,-0.1108753,-1.087686693
8.64,-0.1139639,-0.1139639,-1.117985859
8.65,-0.1147154,-0.1147154,-1.125358074
8.66,-0.1091309,-0.1091309,-1.0705741290000002
8.67,-0.09657454,-0.09657454,-0.9473962374
8.68,-0.08012038,-0.08012038,-0.7859809278000001
8.69,-0.06448287,-0.06448287,-0.6325769547
8.700000000000001,-0.05377069,-0.05377069,-0.5274904689000001
8.71,-0.05011284,-0.05011284,-0.4916069604
8.72,-0.05333023,-0.05333023,-0.5231695563000001
8.73,-0.05999633,-0.05999633,-0.5885639973000001
8.74,-0.06239273,-0.06239273,-0.6120726813
8.75,-0.05465169,-0.05465169,-0.5361330789000001
8.76,-0.03684037,-0.03684037,-0.3614040297
8.77,-0.01364962,-0.01364962,-0.1339027722
8.78,0.00877593,0.00877593,0.0860918733
8.790000000000001,0.02565609,0.02565609,0.2516862429
8.8,0.03494336,0.03494336,0.34279436160000004
8.81,0.03729404,0.03729404,0.36585453240000004
8.82,0.0351322,0.0351322,0.34464688200000004
8.83,0.03109099,0.03109099,0.3050026119
8.84,0.02644051,0.02644051,0.2593814031
8.85,0.02093558,0.02093558,0.2053780398
8.86,0.01357126,0.01357126,0.1331340606
8.870000000000001,0.003392351,0.003392351,0.03327896331
8.88,-0.009993712,-0.009993712,-0.09803831472
8.89,-0.02593696,-0.02593696,-0.2544415776
8.9,-0.04196668,-0.04196668,-0.41169313080000003
8.91,-0.05450445,-0.05450445,-0.5346886545
8.92,-0.0605324,-0.0605324,-0.5938228440000001
8.93,-0.05878206,-0.05878206,-0.5766520086
8.94,-0.05019561,-0.05019561,-0.49241893410000004
8.950000000000001,-0.0374819,-0.0374819,-0.367697439
8.96,-0.02405038,-0.02405038,-0.2359342278
8.97,-0.01370018,-0.01370018,-0.1343987658
8.98,-0.01009284,-0.01009284,-0.09901076040000001
8.99,-0.0154991,-0.0154991,-0.152046171
9.0,-0.02998074,-0.02998074,-0.2941110594
9.01,-0.05097373,-0.05097373,-0.5000522913000001
9.02,-0.07402763,-0.07402763,-0.7262110503
9.03,-0.09462176,-0.09462176,-0.9282394656
9.040000000000001,-0.1095934,-0.1095934,-1.075111254
9.05,-0.1177831,-0.1177831,-1.155452211
9.06,-0.1197011,-0.1197011,-1.1742677910000001
9.07,-0.1164637,-0.1164637,-1.1425088970000001
9.08,-0.1092392,-0.1092392,-1.071636552
9.09,-0.09939356,-0.09939356,-0.9750508236000001
9.1,-0.08889059,-0.08889059,-0.8720166879000001
9.11,-0.07985366,-0.07985366,-0.7833644046000001
9.120000000000001,-0.0738083,-0.0738083,-0.7240594229999999
9.13,-0.07126952,-0.07126952,-0.6991539912000001
9.14,-0.07178884,-0.07178884,-0.7042485204000001
9.15,-0.07431727,-0.07431727,-0.7290524187
9.16,-0.07766841,-0.07766841,-0.7619271020999999
9.17,-0.08089563,-0.08089563,-0.7935861303
9.18,-0.08348819,-0.08348819,-0.8190191439000001
9.19,-0.08537499,-0.08537499,-0.8375286519
9.200000000000001,-0.08679184,-0.08679184,-0.8514279504
9.21,-0.08809051,-0.08809051,-0.8641679031
9.22,-0.08919138,-0.08919138,-0.8749674378000001
9.23,-0.0881843,-0.0881843,-0.865087983
9.24,-0.08172688,-0.08172688,-0.8017406928
9.25,-0.06801483,-0.06801483,-0.6672254823
9.26,-0.04890431,-0.04890431,-0.47975128110000004
9.27,-0.02874556,-0.02874556,-0.2819939436
9.28,-0.01207762,-0.01207762,-0.11848145220000002
9.290000000000001,-0.001861496,-0.001861496,-0.01826127576
9.3,0.001211154,0.001211154,0.01188142074
9.31,-0.001572706,-0.001572706,-0.015428245860000002
9.32,-0.007818971,-0.007818971,-0.07670410551
9.33,-0.01501814,-0.01501814,-0.1473279534
9.34,-0.02130412,-0.02130412,-0.2089934172
9.35,-0.02580281,-0.02580281,-0.2531255661
9.36,-0.02857588,-0.02857588,-0.2803293828
9.370000000000001,-0.03019654,-0.03019654,-0.2962280574
9.38,-0.03088348,-0.03088348,-0.30296693880000003
9.39,-0.03016919,-0.03016919,-0.2959597539
9.4,-0.02732306,-0.02732306,-0.2680392186
9.41,-0.02184256,-0.02184256,-0.21427551360000002
9.42,-0.01370867,-0.01370867,-0.1344820527
9.43,-0.003376385,-0.003376385,-0.03312233685
9.44,0.008409528,0.008409528,0.08249746968
9.450000000000001,0.02073593,0.02073593,0.20341947330000001
9.46,0.03216331,0.03216331,0.3155220711
9.47,0.04086125,0.04086125,0.4008488625
9.48,0.04545698,0.04545698,0.4459329738
9.49,0.04574942,0.04574942,0.44880181020000004
9.5,0.04269097,0.04269097,0.41879841570000004
9.51,0.03784723,0.03784723,0.37128132630000005
9.52,0.03276665,0.03276665,0.32144083650000005
9.53,0.0285438,0.0285438,0.280014678
9.540000000000001,0.02602003,0.02602003,0.2552564943
9.55,0.02645822,0.02645822,0.25955513820000004
9.56,0.03124594,0.03124594,0.3065226714
9.57,0.04112327,0.04112327,0.40341927870000005
9.58,0.05522812,0.05522812,0.5417878572
9.59,0.07070316,0.07070316,0.6935979996
9.6,0.08342568,0.08342568,0.8184059208000001
9.61,0.08953409,0.08953409,0.8783294229
9.620000000000001,0.08688841,0.08688841,0.8523753021
9.63,0.07555797,0.07555797,0.7412236857000001
9.64,0.05709466,0.05709466,0.5600986146
9.65,0.03369906,0.03369906,0.33058777860000005
9.66,0.008448777,0.008448777,0.08288250237
9.67,-0.01514338,-0.01514338,-0.14855655780000002
9.68,-0.03417098,-0.03417098,-0.33521731379999997
9.69,-0.04599567,-0.04599567,-0.45121752270000004
9.700000000000001,-0.04806168,-0.04806168,-0.47148508080000007
9.71,-0.03955359,-0.03955359,-0.38802071790000003
9.72,-0.02214459,-0.02214459,-0.2172384279
9.73,0.0008303831,0.0008303831,0.008146058211
9.74,0.02572408,0.02572408,0.2523532248
9.75,0.04966655,0.04966655,0.4872288555
9.76,0.07047574,0.07047574,0.6913670094
9.77,0.0858387,0.0858387,0.8420776470000001
9.78,0.09382191,0.09382191,0.9203929371
9.790000000000001,0.09359676,0.09359676,0.9181842156000001
9.8,0.08528771,0.08528771,0.8366724351000001
9.81,0.06970737,0.06970737,0.6838292997000001
9.82,0.04838721,0.04838721,0.47467853010000005
9.83,0.02366322,0.02366322,0.2321361882
9.84,-0.00102677,-0.00102677,-0.0100726137
9.85,-0.02163599,-0.02163599,-0.2122490619
9.86,-0.03501114,-0.03501114,-0.34345928340000004
9.870000000000001,-0.03995307,-0.03995307,-0.39193961670000005
9.88,-0.0373374,-0.0373374,-0.366279894
9.89,-0.02974303,-0.02974303,-0.2917791243
9.9,-0.02082946,-0.02082946,-0.2043370026
9.91,-0.01407953,-0.01407953,-0.1381201893
9.92,-0.01168928,-0.01168928,-0.11467183680000001
9.93,-0.01415354,-0.01415354,-0.1388462274
9.94,-0.0205262,-0.0205262,-0.20136202200000003
9.950000000000001,-0.02877343,-0.02877343,-0.2822673483
9.96,-0.03584789,-0.03584789,-0.3516678009
9.97,-0.03863608,-0.03863608,-0.37901994480000006
9.98,-0.03516325,-0.03516325,-0.3449514825
9.99,-0.02509199,-0.02509199,-0.24615242190000003
10.0,-0.009485344,-0.009485344,-0.09305122464
10.01,0.009775219,0.009775219,0.09589489839000001
10.02,0.03049165,0.03049165,0.2991230865
10.03,0.05032206,0.05032206,0.4936594086
10.040000000000001,0.06730432,0.06730432,0.6602553792
10.05,0.08037461,0.08037461,0.7884749241000001
10.06,0.08885226,0.08885226,0.8716406706000001
10.07,0.09158978,0.09158978,0.8984957418
10.08,0.08749864,0.08749864,0.8583616584000001
10.09,0.07726503,0.07726503,0.7579699443
10.1,0.06479929,0.06479929,0.6356810348999999
10.11,0.05565651,0.05565651,0.5459903631
10.120000000000001,0.05397834,0.05397834,0.5295275154
10.13,0.05916575,0.05916575,0.5804160075000001
10.14,0.06601782,0.06601782,0.6476348142000001
10.15,0.06791059,0.06791059,0.6662028879000002
10.16,0.05987169,0.05987169,0.5873412789
10.17,0.04020641,0.04020641,0.3944248821
10.18,0.0109164,0.0109164,0.107089884
10.19,-0.023163,-0.023163,-0.22722903
10.200000000000001,-0.05651678,-0.05651678,-0.5544296118
10.21,-0.08459868,-0.08459868,-0.8299130508
10.22,-0.1035667,-0.1035667,-1.015989327
10.23,-0.1105424,-0.1105424,-1.084420944
10.24,-0.1046309,-0.1046309,-1.026429129
10.25,-0.08724251,-0.08724251,-0.8558490231
10.26,-0.06149134,-0.06149134,-0.6032300454
10.27,-0.03131846,-0.03131846,-0.3072340926
10.28,-0.001722119,-0.001722119,-0.01689398739
10.290000000000001,0.02172754,0.02172754,0.2131471674
10.3,0.03483688,0.03483688,0.3417497928
10.31,0.03619717,0.03619717,0.35509423770000004
10.32,0.02726799,0.02726799,0.2674989819
10.33,0.01139226,0.01139226,0.1117580706
10.34,-0.007590295,-0.007590295,-0.07446079395
10.35,-0.0265323,-0.0265323,-0.26028186300000006
10.36,-0.04363098,-0.04363098,-0.42801991380000004
10.370000000000001,-0.05794472,-0.05794472,-0.5684377032
10.38,-0.06649772,-0.06649772,-0.6523426332
10.39,-0.06430887,-0.06430887,-0.6308700147
10.4,-0.04957536,-0.04957536,-0.48633428160000003
10.41,-0.02604087,-0.02604087,-0.25546093470000003
10.42,-0.0006028764,-0.0006028764,-0.005914217484000001
10.43,0.02007163,0.02007163,0.19690269030000002
10.44,0.03189528,0.03189528,0.3128926968
10.450000000000001,0.03411894,0.03411894,0.33470680140000003
10.46,0.02874436,0.02874436,0.2819821716
10.47,0.01944716,0.01944716,0.19077663960000002
10.48,0.0110131,0.0110131,0.108038511
10.49,0.007861703,0.007861703,0.07712330643
10.5,0.01155543,0.01155543,0.11335876830000001
10.51,0.02024198,0.02024198,0.1985738238
10.52,0.03018697,0.03018697,0.2961341757
10.53,0.03769296,0.03769296,0.3697679376
10.540000000000001,0.04044587,0.04044587,0.3967739847
10.55,0.03798968,0.03798968,0.3726787608
10.56,0.03142518,0.03142518,0.3082810158
10.57,0.02267147,0.02267147,0.22240712070000002
10.58,0.01366197,0.01366197,0.13402392570000002
10.59,0.005779028,0.005779028,0.05669226468000001
10.6,-9.81106e-05,-9.81106e-05,-0.000962464986
10.61,-0.003256699,-0.003256699,-0.03194821719
10.620000000000001,-0.003275044,-0.003275044,-0.03212818164
10.63,-0.0002093648,-0.0002093648,-0.002053868688
10.64,0.005466705,0.005466705,0.05362837605
10.65,0.01312008,0.01312008,0.1287079848
10.66,0.02219308,0.02219308,0.21771411480000002
10.67,0.03217875,0.03217875,0.3156735375
10.68,0.0424058,0.0424058,0.416000898
10.69,0.05179895,0.05179895,0.5081476995
10.700000000000001,0.05826094,0.05826094,0.5715398214
10.71,0.05920669,0.05920669,0.5808176289
10.72,0.05296751,0.05296751,0.5196112731000001
10.73,0.03985904,0.03985904,0.3910171824
10.74,0.02096412,0.02096412,0.20565801720000002
10.75,-0.002203054,-0.002203054,-0.02161195974
10.76,-0.02566534,-0.02566534,-0.2517769854
10.77,-0.04397203,-0.04397203,-0.43136561430000003
10.78,-0.05300427,-0.05300427,-0.5199718887
10.790000000000001,-0.05158307,-0.05158307,-0.5060299167000001
10.8,-0.04135189,-0.04135189,-0.4056620409
10.81,-0.02564326,-0.02564326,-0.2515603806
10.82,-0.008109569,-0.008109569,-0.07955487189
10.83,0.007636954,0.007636954,0.07491851874
10.84,0.01748553,0.01748553,0.1715330493
10.85,0.01848768,0.01848768,0.1813641408
10.86,0.0104809,0.0104809,0.10281762900000001
10.870000000000001,-0.004224887,-0.004224887,-0.04144614147
10.88,-0.0221062,-0.0221062,-0.216861822
10.89,-0.03915475,-0.03915475,-0.3841080975
10.9,-0.05123052,-0.05123052,-0.5025714012
10.91,-0.05527895,-0.05527895,-0.5422864995000001
10.92,-0.05030047,-0.05030047,-0.49344761070000004
10.93,-0.03740041,-0.03740041,-0.36689802210000005
10.94,-0.01908176,-0.01908176,-0.1871920656
10.950000000000001,0.001535554,0.001535554,0.01506378474
10.96,0.02035656,0.02035656,0.1996978536
10.97,0.03315957,0.03315957,0.3252953817
10.98,0.03739561,0.03739561,0.3668509341
10.99,0.03228347,0.03228347,0.31670084070000004
11.0,0.01860768,0.01860768,0.18254134080000003
11.01,-0.00166913,-0.00166913,-0.0163741653
11.02,-0.02586395,-0.02586395,-0.25372534950000003
11.03,-0.05016093,-0.05016093,-0.4920787233
11.040000000000001,-0.06993988,-0.06993988,-0.6861102228
11.05,-0.08148949,-0.08148949,-0.7994118969
11.06,-0.08330359,-0.08330359,-0.8172082179
11.07,-0.07627289,-0.07627289,-0.7482370509
11.08,-0.06298538,-0.06298538,-0.6178865778
11.09,-0.04670545,-0.04670545,-0.45818046450000005
11.1,-0.03039345,-0.03039345,-0.2981597445
11.11,-0.01596982,-0.01596982,-0.1566639342
11.120000000000001,-0.003896969,-0.003896969,-0.03822926589
11.13,0.006966348,0.006966348,0.06833987388
11.14,0.01865642,0.01865642,0.1830194802
11.15,0.03304076,0.03304076,0.3241298556
11.16,0.05108099,0.05108099,0.5011045119
11.17,0.07253691,0.07253691,0.7115870871
11.18,0.09579177,0.09579177,0.9397172637000001
11.19,0.1177472,0.1177472,1.155100032
11.200000000000001,0.1349228,0.1349228,1.323592668
11.21,0.1448004,0.1448004,1.420491924
11.22,0.1461016,0.1461016,1.4332566960000002
11.23,0.1387855,0.1387855,1.3614857550000001
11.24,0.1240841,0.1240841,1.217265021
11.25,0.1047827,0.1047827,1.027918287
11.26,0.08518408,0.08518408,0.8356558248
11.27,0.06961194,0.06961194,0.6828931314
11.28,0.06083047,0.06083047,0.5967469107
11.290000000000001,0.05898042,0.05898042,0.5785979202
11.3,0.06136869,0.06136869,0.6020268489
11.31,0.06389859,0.06389859,0.6268451679000001
11.32,0.06292178,0.06292178,0.6172626618
11.33,0.05644518,0.05644518,0.5537272158
11.34,0.04433823,0.04433823,0.4349580363
11.35,0.02760097,0.02760097,0.2707655157
11.36,0.007606231,0.007606231,0.07461712611
11.370000000000001,-0.01432274,-0.01432274,-0.1405060794
11.38,-0.03716192,-0.03716192,-0.36455843520000003
11.39,-0.06020422,-0.06020422,-0.5906033982000001
11.4,-0.08262865,-0.08262865,-0.8105870565000001
11.41,-0.103405,-0.103405,-1.01440305
11.42,-0.1217025,-0.1217025,-1.193901525
11.43,-0.1372217,-0.1372217,-1.3461448770000002
11.44,-0.1502482,-0.1502482,-1.473934842
11.450000000000001,-0.1614785,-0.1614785,-1.584104085
11.46,-0.1717487,-0.1717487,-1.6848547470000002
11.47,-0.1817807,-0.1817807,-1.783268667
11.48,-0.1918505,-0.1918505,-1.8820534050000002
11.49,-0.2011473,-0.2011473,-1.9732550130000002
11.5,-0.2079782,-0.2079782,-2.040266142
11.51,-0.210743,-0.210743,-2.06738883
11.52,-0.2086928,-0.2086928,-2.0472763680000003
11.53,-0.2021638,-0.2021638,-1.9832268780000002
11.540000000000001,-0.1923306,-0.1923306,-1.886763186
11.55,-0.1807148,-0.1807148,-1.772812188
11.56,-0.1687034,-0.1687034,-1.654980354
11.57,-0.1572204,-0.1572204,-1.542332124
11.58,-0.1466298,-0.1466298,-1.438438338
11.59,-0.1370125,-0.1370125,-1.3440926250000003
11.6,-0.128878,-0.128878,-1.26429318
11.61,-0.1230988,-0.1230988,-1.207599228
11.620000000000001,-0.1196278,-0.1196278,-1.1735487180000002
11.63,-0.1166302,-0.1166302,-1.1441422620000001
11.64,-0.1114076,-0.1114076,-1.092908556
11.65,-0.1017378,-0.1017378,-0.9980478180000001
11.66,-0.0866952,-0.0866952,-0.8504799120000001
11.67,-0.06675867,-0.06675867,-0.6549025527000001
11.68,-0.04339149,-0.04339149,-0.4256705169
11.69,-0.01841067,-0.01841067,-0.1806086727
11.700000000000001,0.006546535,0.006546535,0.06422150835
11.71,0.03038024,0.03038024,0.2980301544
11.72,0.05267979,0.05267979,0.5167887399
11.73,0.07364053,0.07364053,0.7224135993
11.74,0.09381584,0.09381584,0.9203333904000001
11.75,0.113768,0.113768,1.11606408
11.76,0.1326267,0.1326267,1.3010679269999998
11.77,0.1464894,0.1464894,1.437061014
11.78,0.1502363,0.1502363,1.473818103
11.790000000000001,0.1407959,0.1407959,1.3812077790000001
11.8,0.118994,0.118994,1.1673311400000002
11.81,0.08879535,0.08879535,0.8710823835
11.82,0.05534006,0.05534006,0.5428859886
11.83,0.02307407,0.02307407,0.2263566267
11.84,-0.005236558,-0.005236558,-0.05137063398
11.85,-0.02767006,-0.02767006,-0.2714432886
11.86,-0.04228576,-0.04228576,-0.4148233056
11.870000000000001,-0.04779907,-0.04779907,-0.46890887670000003
11.88,-0.04416415,-0.04416415,-0.43325031150000004
11.89,-0.03219229,-0.03219229,-0.3158063649
11.9,-0.0131272,-0.0131272,-0.128777832
11.91,0.01148398,0.01148398,0.1126578438
11.92,0.03958935,0.03958935,0.38837152350000004
11.93,0.06826714,0.06826714,0.6697006434
11.94,0.09440936,0.09440936,0.9261558216
11.950000000000001,0.115565,0.115565,1.13369265
11.96,0.1304634,0.1304634,1.2798459540000002
11.97,0.1392356,0.1392356,1.365901236
11.98,0.143168,0.143168,1.40447808
11.99,0.144131,0.144131,1.41392511
12.0,0.1438121,0.1438121,1.410796701
12.01,0.1426224,0.1426224,1.3991257440000002
12.02,0.1395376,0.1395376,1.3688638560000002
12.030000000000001,0.133044,0.133044,1.3051616400000001
12.040000000000001,0.1220979,0.1220979,1.197780399
12.05,0.1066044,0.1066044,1.045789164
12.06,0.08739204,0.08739204,0.8573159124
12.07,0.06623603,0.06623603,0.6497754543
12.08,0.04644848,0.04644848,0.4556595888
12.09,0.03203474,0.03203474,0.3142607994
12.1,0.02596108,0.02596108,0.25467819480000004
12.11,0.02906909,0.02906909,0.2851677729
12.120000000000001,0.03987627,0.03987627,0.3911862087
12.13,0.05525881,0.05525881,0.5420889261
12.14,0.07173279,0.07173279,0.7036986699000001
12.15,0.08641536,0.08641536,0.8477346816
12.16,0.09711882,0.09711882,0.9527356242
12.17,0.1025506,0.1025506,1.006021386
12.18,0.1025839,0.1025839,1.006348059
12.19,0.09814901,0.09814901,0.9628417881
12.200000000000001,0.09079484,0.09079484,0.8906973804
12.21,0.0821386,0.0821386,0.8057796660000001
12.22,0.0734288,0.0734288,0.720336528
12.23,0.06533294,0.06533294,0.6409161414000001
12.24,0.05795929,0.05795929,0.5685806349
12.25,0.05103943,0.05103943,0.5006968083
12.26,0.04415125,0.04415125,0.43312376250000006
12.27,0.03678673,0.03678673,0.3608778213
12.280000000000001,0.0283867,0.0283867,0.278473527
12.290000000000001,0.01854639,0.01854639,0.1819400859
12.3,0.007185747,0.007185747,0.07049217807000001
12.31,-0.005314901,-0.005314901,-0.052139178810000006
12.32,-0.01811624,-0.01811624,-0.1777203144
12.33,-0.03026617,-0.03026617,-0.2969111277
12.34,-0.04108193,-0.04108193,-0.40301373330000007
12.35,-0.05034067,-0.05034067,-0.4938419727
12.36,-0.05820438,-0.05820438,-0.5709849678000001
12.370000000000001,-0.06453889,-0.06453889,-0.6331265109
12.38,-0.06839391,-0.06839391,-0.6709442571
12.39,-0.06855536,-0.06855536,-0.6725280816
12.4,-0.06433869,-0.06433869,-0.6311625489000001
12.41,-0.05627659,-0.05627659,-0.5520733479000001
12.42,-0.04615249,-0.04615249,-0.4527559269
12.43,-0.03621633,-0.03621633,-0.3552821973
12.44,-0.02820005,-0.02820005,-0.2766424905
12.450000000000001,-0.02259488,-0.02259488,-0.2216557728
12.46,-0.01871995,-0.01871995,-0.1836427095
12.47,-0.01531381,-0.01531381,-0.1502284761
12.48,-0.01116591,-0.01116591,-0.1095375771
12.49,-0.005540923,-0.005540923,-0.05435645463
12.5,0.001566689,0.001566689,0.01536921909
12.51,0.009347279,0.009347279,0.09169680699
12.52,0.01658583,0.01658583,0.1627069923
12.530000000000001,0.02223553,0.02223553,0.2181305493
12.540000000000001,0.02578902,0.02578902,0.2529902862
12.55,0.0273535,0.0273535,0.268337835
12.56,0.02749027,0.02749027,0.2696795487
12.57,0.02694347,0.02694347,0.2643154407
12.58,0.02637451,0.02637451,0.25873394310000003
12.59,0.02609302,0.02609302,0.25597252620000005
12.6,0.02582149,0.02582149,0.2533088169
12.61,0.02482666,0.02482666,0.2435495346
12.620000000000001,0.02234327,0.02234327,0.2191874787
12.63,0.01793638,0.01793638,0.1759558878
12.64,0.01163939,0.01163939,0.1141824159
12.65,0.00389321,0.00389321,0.0381923901
12.66,-0.00440242,-0.00440242,-0.0431877402
12.67,-0.0117988,-0.0117988,-0.115746228
12.68,-0.01681386,-0.01681386,-0.16494396660000002
12.69,-0.01854227,-0.01854227,-0.18189966870000002
12.700000000000001,-0.01692248,-0.01692248,-0.1660095288
12.71,-0.01262706,-0.01262706,-0.12387145860000001
12.72,-0.006721852,-0.006721852,-0.06594136812000001
12.73,-0.0002830955,-0.0002830955,-0.002777166855
12.74,0.005535983,0.005535983,0.054307993230000004
12.75,0.008413349,0.008413349,0.08253495369000001
12.76,0.005243793,0.005243793,0.051441609330000006
12.77,-0.005652856,-0.005652856,-0.055454517360000004
12.780000000000001,-0.02299816,-0.02299816,-0.2256119496
12.790000000000001,-0.04271399,-0.04271399,-0.41902424190000004
12.8,-0.05984156,-0.05984156,-0.5870457036000001
12.81,-0.07061416,-0.07061416,-0.6927249096
12.82,-0.07356628,-0.07356628,-0.7216852068
12.83,-0.06953032,-0.06953032,-0.6820924392000001
12.84,-0.06088848,-0.06088848,-0.5973159888
12.85,-0.0505145,-0.0505145,-0.49554724499999997
12.86,-0.04080229,-0.04080229,-0.4002704649
12.870000000000001,-0.03309635,-0.03309635,-0.32467519349999996
12.88,-0.02760957,-0.02760957,-0.2708498817
12.89,-0.02373801,-0.02373801,-0.2328698781
12.9,-0.02068287,-0.02068287,-0.2028989547
12.91,-0.01795068,-0.01795068,-0.1760961708
12.92,-0.01542688,-0.01542688,-0.1513376928
12.93,-0.01320695,-0.01320695,-0.1295601795
12.94,-0.01117254,-0.01117254,-0.1096026174
12.950000000000001,-0.008765068,-0.008765068,-0.08598531708000001
12.96,-0.005274506,-0.005274506,-0.05174290386
12.97,-0.000442589,-0.000442589,-0.0043417980900000005
12.98,0.004687294,0.004687294,0.04598235414
12.99,0.008131002,0.008131002,0.07976512962
13.0,0.008564236,0.008564236,0.08401515516
13.01,0.006357222,0.006357222,0.062364347820000006
13.02,0.003137586,0.003137586,0.03077971866
13.030000000000001,0.0009565225,0.0009565225,0.009383485725
13.040000000000001,0.001653799,0.001653799,0.01622376819
13.05,0.006291559,0.006291559,0.06172019379000001
13.06,0.01477919,0.01477919,0.1449838539
13.07,0.0253275,0.0253275,0.248462775
13.08,0.03476103,0.03476103,0.3410057043
13.09,0.03995738,0.03995738,0.39198189780000003
13.1,0.0390849,0.0390849,0.383422869
13.11,0.03205058,0.03205058,0.3144161898
13.120000000000001,0.02019668,0.02019668,0.19812943080000003
13.13,0.005563173,0.005563173,0.05457472713000001
13.14,-0.009850202,-0.009850202,-0.09663048162000001
13.15,-0.02416784,-0.02416784,-0.2370865104
13.16,-0.03529503,-0.03529503,-0.3462442443
13.17,-0.04145934,-0.04145934,-0.4067161254
13.18,-0.04187316,-0.04187316,-0.41077569960000004
13.19,-0.03685132,-0.03685132,-0.3615114492
13.200000000000001,-0.0275467,-0.0275467,-0.270233127
13.21,-0.01549882,-0.01549882,-0.1520434242
13.22,-0.002133426,-0.002133426,-0.02092890906
13.23,0.01139242,0.01139242,0.11175964020000001
13.24,0.02370445,0.02370445,0.2325406545
13.25,0.03325089,0.03325089,0.3261912309
13.26,0.03891511,0.03891511,0.38175722910000004
13.27,0.04043327,0.04043327,0.39665037870000003
13.280000000000001,0.03839586,0.03839586,0.3766633866
13.290000000000001,0.03393907,0.03393907,0.33294227670000004
13.3,0.02832324,0.02832324,0.2778509844
13.31,0.02257448,0.02257448,0.22145564880000002
13.32,0.01729077,0.01729077,0.1696224537
13.33,0.0125922,0.0125922,0.123529482
13.34,0.008144884,0.008144884,0.07990131204
13.35,0.003382397,0.003382397,0.03318131457
13.36,-0.00199167,-0.00199167,-0.019538282700000003
13.370000000000001,-0.007260818,-0.007260818,-0.07122862458
13.38,-0.01088402,-0.01088402,-0.1067722362
13.39,-0.0113575,-0.0113575,-0.111417075
13.4,-0.007903208,-0.007903208,-0.07753047048
13.41,-0.0007279102,-0.0007279102,-0.007140799062
13.42,0.009141757,0.009141757,0.08968063617000001
13.43,0.02032053,0.02032053,0.1993443993
13.44,0.03147984,0.03147984,0.30881723040000003
13.450000000000001,0.04116317,0.04116317,0.4038106977
13.46,0.04769856,0.04769856,0.4679228736
13.47,0.04980914,0.04980914,0.4886276634
13.48,0.04712866,0.04712866,0.46233215460000004
13.49,0.04026511,0.04026511,0.3950007291
13.5,0.03049025,0.03049025,0.29910935250000004
13.51,0.01946989,0.01946989,0.1909996209
13.52,0.009390655,0.009390655,0.09212232555
13.530000000000001,0.002482032,0.002482032,0.02434873392
13.540000000000001,0.0001897827,0.0001897827,0.001861768287
13.55,0.002750941,0.002750941,0.02698673121
13.56,0.009307332,0.009307332,0.09130492692
13.57,0.01834052,0.01834052,0.1799205012
13.58,0.0278949,0.0278949,0.273648969
13.59,0.03581322,0.03581322,0.3513276882
13.6,0.04041749,0.04041749,0.39649557690000004
13.61,0.04102622,0.04102622,0.40246721820000003
13.620000000000001,0.03799226,0.03799226,0.3727040706
13.63,0.03233299,0.03233299,0.3171866319
13.64,0.02526317,0.02526317,0.24783169770000002
13.65,0.01782117,0.01782117,0.17482567770000002
13.66,0.01065536,0.01065536,0.10452908159999999
13.67,0.003985359,0.003985359,0.03909637179
13.68,-0.002298919,-0.002298919,-0.02255239539
13.69,-0.008466358,-0.008466358,-0.08305497198
13.700000000000001,-0.0147817,-0.0147817,-0.145008477
13.71,-0.02140222,-0.02140222,-0.2099557782
13.72,-0.0283464,-0.0283464,-0.278078184
13.73,-0.03552183,-0.03552183,-0.3484691523
13.74,-0.04278079,-0.04278079,-0.4196795499
13.75,-0.04975685,-0.04975685,-0.4881146985
13.76,-0.05513776,-0.05513776,-0.5409014256
13.77,-0.05686092,-0.05686092,-0.5578056252000001
13.780000000000001,-0.05319286,-0.05319286,-0.5218219566000001
13.790000000000001,-0.04369183,-0.04369183,-0.4286168523
13.8,-0.0295731,-0.0295731,-0.290112111
13.81,-0.01310241,-0.01310241,-0.1285346421
13.82,0.003372471,0.003372471,0.03308394051
13.83,0.01813469,0.01813469,0.1779013089
13.84,0.02954613,0.02954613,0.2898475353
13.85,0.03488149,0.03488149,0.34218741690000004
13.86,0.03124372,0.03124372,0.3065008932
13.870000000000001,0.01730807,0.01730807,0.1697921667
13.88,-0.004206015,-0.004206015,-0.04126100715
13.89,-0.02663344,-0.02663344,-0.2612740464
13.9,-0.0435074,-0.0435074,-0.426807594
13.91,-0.05126365,-0.05126365,-0.5028964065
13.92,-0.04927743,-0.04927743,-0.4834115883
13.93,-0.03905486,-0.03905486,-0.3831281766
13.94,-0.0232984,-0.0232984,-0.22855730400000002
13.950000000000001,-0.00498254,-0.00498254,-0.0488787174
13.96,0.01283812,0.01283812,0.1259419572
13.97,0.02708881,0.02708881,0.2657412261
13.98,0.0355484,0.0355484,0.34872980400000003
13.99,0.0377422,0.0377422,0.370250982
14.0,0.03528383,0.03528383,0.34613437230000005
14.01,0.0310442,0.0310442,0.304543602
14.02,0.02786123,0.02786123,0.2733186663
14.030000000000001,0.02753512,0.02753512,0.2701195272
14.040000000000001,0.02989102,0.02989102,0.29323090620000003
14.05,0.0324618,0.0324618,0.318450258
14.06,0.03184265,0.03184265,0.31237639650000004
14.07,0.02536179,0.02536179,0.2487991599
14.08,0.01204183,0.01204183,0.1181303523
14.09,-0.007249951,-0.007249951,-0.07112201931
14.1,-0.03011096,-0.03011096,-0.2953885176
14.11,-0.05350113,-0.05350113,-0.5248460853
14.120000000000001,-0.07485869,-0.07485869,-0.7343637489000001
14.13,-0.09261386,-0.09261386,-0.9085419666000001
14.14,-0.1051805,-0.1051805,-1.0318207050000001
14.15,-0.110449,-0.110449,-1.08350469
14.16,-0.1068064,-0.1068064,-1.0477707840000001
14.17,-0.09421174,-0.09421174,-0.9242171694000001
14.18,-0.07453999,-0.07453999,-0.7312373019
14.19,-0.05084073,-0.05084073,-0.49874756130000003
14.200000000000001,-0.02620453,-0.02620453,-0.2570664393
14.21,-0.003074982,-0.003074982,-0.03016557342
14.22,0.01639767,0.01639767,0.16086114270000001
14.23,0.03017258,0.03017258,0.29599300980000004
14.24,0.03687346,0.03687346,0.3617286426
14.25,0.03634481,0.03634481,0.3565425861
14.26,0.02967972,0.02967972,0.2911580532
14.27,0.01874716,0.01874716,0.1839096396
14.280000000000001,0.005531564,0.005531564,0.05426464284
14.290000000000001,-0.007664243,-0.007664243,-0.07518622383000001
14.3,-0.01812051,-0.01812051,-0.17776220310000002
14.31,-0.02361459,-0.02361459,-0.2316591279
14.32,-0.02301283,-0.02301283,-0.22575586230000003
14.33,-0.01651157,-0.01651157,-0.1619785017
14.34,-0.005397174,-0.005397174,-0.05294627694
14.35,0.008499533,0.008499533,0.08338041873
14.36,0.02336764,0.02336764,0.2292365484
14.370000000000001,0.0378444,0.0378444,0.37125356400000004
14.38,0.05082374,0.05082374,0.4985808894
14.39,0.06056216,0.06056216,0.5941147896
14.4,0.06500069,0.06500069,0.6376567689
14.41,0.06278806,0.06278806,0.6159508686000001
14.42,0.05400743,0.05400743,0.5298128883000001
14.43,0.04032983,0.04032983,0.3956356323
14.44,0.02432302,0.02432302,0.2386088262
14.450000000000001,0.008421479,0.008421479,0.08261470899000001
14.46,-0.006092449,-0.006092449,-0.05976692469
14.47,-0.01945755,-0.01945755,-0.1908785655
14.48,-0.03286794,-0.03286794,-0.3224344914
14.49,-0.04754003,-0.04754003,-0.46636769429999997
14.5,-0.06263695,-0.06263695,-0.6144684795
14.51,-0.07373541,-0.07373541,-0.7233443721
14.52,-0.07500112,-0.07500112,-0.7357609872
14.530000000000001,-0.06226935,-0.06226935,-0.6108623235
14.540000000000001,-0.03543316,-0.03543316,-0.3475992996
14.55,0.0009470096,0.0009470096,0.009290164176
14.56,0.03948531,0.03948531,0.38735089110000004
14.57,0.07209905,0.07209905,0.7072916805
14.58,0.09255252,0.09255252,0.9079402212000001
14.59,0.09830195,0.09830195,0.9643421295000001
14.6,0.09068615,0.09068615,0.8896311315
14.61,0.07375006,0.07375006,0.7234880886000001
14.620000000000001,0.05250833,0.05250833,0.5151067173
14.63,0.0313227,0.0313227,0.307275687
14.64,0.01286611,0.01286611,0.1262165391
14.65,-0.002079516,-0.002079516,-0.020400051960000002
14.66,-0.01409607,-0.01409607,-0.1382824467
14.67,-0.024415,-0.024415,-0.23951115
14.68,-0.03424577,-0.03424577,-0.33595100370000003
14.69,-0.04372322,-0.04372322,-0.4289247882
14.700000000000001,-0.05135388,-0.05135388,-0.5037815628
14.71,-0.05498293,-0.05498293,-0.5393825433
14.72,-0.05308488,-0.05308488,-0.5207626728
14.73,-0.04547458,-0.04547458,-0.4461056298
14.74,-0.03317443,-0.03317443,-0.3254411583
14.75,-0.01765866,-0.01765866,-0.1732314546
14.76,-0.0002521589,-0.0002521589,-0.002473678809
14.77,0.01756391,0.01756391,0.17230195709999999
14.780000000000001,0.03294698,0.03294698,0.32320987380000005
14.790000000000001,0.04318876,0.04318876,0.4236817356
14.8,0.04761033,0.04761033,0.46705733730000004
14.81,0.04754869,0.04754869,0.4664526489
14.82,0.04535026,0.04535026,0.4448860506000001
14.83,0.04304107,0.04304107,0.4222328967
14.84,0.04153739,0.04153739,0.4074817959
14.85,0.0407169,0.0407169,0.399432789
14.86,0.0398803,0.0398803,0.391225743
14.870000000000001,0.03832516,0.03832516,0.3759698196
14.88,0.0360152,0.0360152,0.353309112
14.89,0.03359578,0.03359578,0.3295746018
14.9,0.03189145,0.03189145,0.3128551245
14.91,0.03147848,0.03147848,0.30880388880000004
14.92,0.03221507,0.03221507,0.3160298367
14.93,0.03300719,0.03300719,0.3238005339
14.94,0.03236008,0.03236008,0.3174523848
14.950000000000001,0.02908395,0.02908395,0.28531354950000004
14.96,0.02268188,0.02268188,0.22250924280000003
14.97,0.01340045,0.01340045,0.1314584145
14.98,0.001937577,0.001937577,0.01900763037
14.99,-0.01118939,-0.01118939,-0.10976791590000001
15.0,-0.02588273,-0.02588273,-0.2539095813
15.01,-0.04182903,-0.04182903,-0.41034278430000004
15.02,-0.05710685,-0.05710685,-0.5602181985
15.030000000000001,-0.06852616,-0.06852616,-0.6722416296000001
15.040000000000001,-0.07324485,-0.07324485,-0.7185319785000001
15.05,-0.06998816,-0.06998816,-0.6865838496
15.06,-0.05940878,-0.05940878,-0.5828001318
15.07,-0.04382505,-0.04382505,-0.4299237405
15.08,-0.02628688,-0.02628688,-0.2578742928
15.09,-0.009304383,-0.009304383,-0.09127599723
15.1,0.005867698,0.005867698,0.05756211738000001
15.11,0.01912175,0.01912175,0.18758436750000002
15.120000000000001,0.03042563,0.03042563,0.2984754303
15.13,0.03904344,0.03904344,0.3830161464
15.14,0.0439758,0.0439758,0.431402598
15.15,0.04462177,0.04462177,0.4377395637
15.16,0.04111183,0.04111183,0.4033070523
15.17,0.03426656,0.03426656,0.33615495360000003
15.18,0.02533967,0.02533967,0.24858216270000003
15.19,0.01565263,0.01565263,0.15355230030000003
15.200000000000001,0.006498364,0.006498364,0.06374895084000001
15.21,-0.0006406992,-0.0006406992,-0.006285259152
15.22,-0.004441111,-0.004441111,-0.04356729891
15.23,-0.004255625,-0.004255625,-0.04174768125
15.24,-0.0003104937,-0.0003104937,-0.003045943197
15.25,0.006231567,0.006231567,0.061131672270000006
15.26,0.01327006,0.01327006,0.1301792886
15.27,0.01849025,0.01849025,0.18138935250000002
15.280000000000001,0.02025103,0.02025103,0.19866260430000002
15.290000000000001,0.01798861,0.01798861,0.1764682641
15.3,0.01200744,0.01200744,0.1177929864
15.31,0.003130313,0.003130313,0.03070837053
15.32,-0.007609628,-0.007609628,-0.07465045068000001
15.33,-0.0191258,-0.0191258,-0.187624098
15.34,-0.02991227,-0.02991227,-0.29343936870000004
15.35,-0.03814518,-0.03814518,-0.3742042158
15.36,-0.04241357,-0.04241357,-0.4160771217
15.370000000000001,-0.04224932,-0.04224932,-0.4144658292
15.38,-0.03817807,-0.03817807,-0.3745268667
15.39,-0.0313945,-0.0313945,-0.307980045
15.4,-0.02329022,-0.02329022,-0.22847705820000003
15.41,-0.01518907,-0.01518907,-0.1490047767
15.42,-0.008825435,-0.008825435,-0.08657751735
15.43,-0.006256613,-0.006256613,-0.06137737353000001
15.44,-0.008765131,-0.008765131,-0.08598593511000001
15.450000000000001,-0.0160351,-0.0160351,-0.15730433100000002
15.46,-0.026434,-0.026434,-0.25931754
15.47,-0.03766356,-0.03766356,-0.3694795236
15.48,-0.04715899,-0.04715899,-0.46262969190000003
15.49,-0.05281111,-0.05281111,-0.5180769891
15.5,-0.05368964,-0.05368964,-0.5266953684
15.51,-0.05020205,-0.05020205,-0.4924821105
15.52,-0.0436986,-0.0436986,-0.428683266
15.530000000000001,-0.03585509,-0.03585509,-0.3517384329
15.540000000000001,-0.02825376,-0.02825376,-0.2771693856
15.55,-0.0222285,-0.0222285,-0.21806158500000003
15.56,-0.01859573,-0.01859573,-0.18242411130000002
15.57,-0.01748836,-0.01748836,-0.17156081160000003
15.58,-0.0184428,-0.0184428,-0.180923868
15.59,-0.02066531,-0.02066531,-0.2027266911
15.6,-0.02332351,-0.02332351,-0.2288036331
15.610000000000001,-0.02565834,-0.02565834,-0.25170831540000005
15.620000000000001,-0.02700872,-0.02700872,-0.26495554320000003
15.63,-0.02688658,-0.02688658,-0.26375734980000004
15.64,-0.0251226,-0.0251226,-0.246452706
15.65,-0.02195323,-0.02195323,-0.2153611863
15.66,-0.01789798,-0.01789798,-0.1755791838
15.67,-0.01353921,-0.01353921,-0.1328196501
15.68,-0.009344854,-0.009344854,-0.09167301774
15.69,-0.00559632,-0.00559632,-0.054899899200000005
15.700000000000001,-0.002377388,-0.002377388,-0.02332217628
15.71,0.0003068052,0.0003068052,0.0030097590120000003
15.72,0.002278699,0.002278699,0.02235403719
15.73,0.003201382,0.003201382,0.03140555742
15.74,0.002735892,0.002735892,0.026839100520000003
15.75,0.0006778055,0.0006778055,0.006649271955000001
15.76,-0.003161818,-0.003161818,-0.03101743458
15.77,-0.008970174,-0.008970174,-0.08799740694
15.780000000000001,-0.01650447,-0.01650447,-0.16190885070000002
15.790000000000001,-0.02502063,-0.02502063,-0.2454523803
15.8,-0.03359915,-0.03359915,-0.32960766150000004
15.81,-0.04149535,-0.04149535,-0.40706938350000005
15.82,-0.04833886,-0.04833886,-0.4742042166
15.83,-0.05415206,-0.05415206,-0.5312317086
15.84,-0.05923209,-0.05923209,-0.5810668029
15.85,-0.06374704,-0.06374704,-0.6253584624
15.860000000000001,-0.06678433,-0.06678433,-0.6551542773000001
15.870000000000001,-0.06652654,-0.06652654,-0.6526253573999999
15.88,-0.06153239,-0.06153239,-0.6036327459
15.89,-0.05154594,-0.05154594,-0.5056656714
15.9,-0.0378575,-0.0378575,-0.37138207500000003
15.91,-0.02316354,-0.02316354,-0.22723432740000002
15.92,-0.01045464,-0.01045464,-0.1025600184
15.93,-0.00185661,-0.00185661,-0.0182133441
15.94,0.00193975,0.00193975,0.0190289475
15.950000000000001,0.001595615,0.001595615,0.01565298315
15.96,-0.001342147,-0.001342147,-0.01316646207
15.97,-0.004852683,-0.004852683,-0.047604820230000004
15.98,-0.006893273,-0.006893273,-0.06762300813000001
15.99,-0.005688988,-0.005688988,-0.05580897228
16.0,-8.342901e-05,-8.342901e-05,-0.0008184385881000001
16.01,0.01009153,0.01009153,0.0989979093
16.02,0.02362936,0.02362936,0.2318040216
16.03,0.03789551,0.03789551,0.3717549531
16.04,0.04988681,0.04988681,0.4893896061
16.05,0.05742582,0.05742582,0.5633472942000001
16.06,0.05968491,0.05968491,0.5855089671
16.07,0.05712289,0.05712289,0.5603755509
16.080000000000002,0.05108643,0.05108643,0.5011578783
16.09,0.04324289,0.04324289,0.4242127509
16.1,0.03505311,0.03505311,0.3438710091
16.11,0.02744363,0.02744363,0.26922201030000004
16.12,0.02073614,0.02073614,0.20342153340000002
16.13,0.01477472,0.01477472,0.1449400032
16.14,0.009150302,0.009150302,0.08976446262000001
16.15,0.003430807,0.003430807,0.03365621667
16.16,-0.002675551,-0.002675551,-0.026247155310000003
16.17,-0.009247515,-0.009247515,-0.09071812215
16.18,-0.01613853,-0.01613853,-0.15831897930000002
16.19,-0.02305052,-0.02305052,-0.22612560120000003
16.2,-0.02967887,-0.02967887,-0.2911497147
16.21,-0.03583102,-0.03583102,-0.3515023062
16.22,-0.04147386,-0.04147386,-0.4068585666
16.23,-0.04671192,-0.04671192,-0.4582439352
16.240000000000002,-0.05168828,-0.05168828,-0.5070620268
16.25,-0.05606542,-0.05606542,-0.5500017702
16.26,-0.05858783,-0.05858783,-0.5747466123
16.27,-0.05778261,-0.05778261,-0.5668474041
16.28,-0.05285384,-0.05285384,-0.5184961704000001
16.29,-0.04399442,-0.04399442,-0.43158526020000004
16.3,-0.03219106,-0.03219106,-0.3157942986
16.31,-0.01878445,-0.01878445,-0.18427545450000002
16.32,-0.005020735,-0.005020735,-0.049253410350000006
16.330000000000002,0.008045682,0.008045682,0.07892814042
16.34,0.01869624,0.01869624,0.1834101144
16.35,0.02452218,0.02452218,0.24056258580000003
16.36,0.02388079,0.02388079,0.2342705499
16.37,0.01763933,0.01763933,0.17304182730000003
16.38,0.008970442,0.008970442,0.08800003602
16.39,0.00168137,0.00168137,0.0164942397
16.4,-0.001356593,-0.001356593,-0.01330817733
16.41,0.000967683,0.000967683,0.00949297023
16.42,0.008017877,0.008017877,0.07865537337
16.43,0.01804248,0.01804248,0.1769967288
16.44,0.02900143,0.02900143,0.28450402830000004
16.45,0.03915164,0.03915164,0.38407758840000006
16.46,0.04722658,0.04722658,0.4632927498
16.47,0.05218042,0.05218042,0.5118899202
16.48,0.05316878,0.05316878,0.5215857318
16.490000000000002,0.0498903,0.0498903,0.489423843
16.5,0.04273738,0.04273738,0.4192536978
16.51,0.03260227,0.03260227,0.31982826870000003
16.52,0.02051388,0.02051388,0.20124116280000004
16.53,0.007370798,0.007370798,0.07230752838
16.54,-0.006163698,-0.006163698,-0.06046587738
16.55,-0.01928798,-0.01928798,-0.18921508380000002
16.56,-0.03065559,-0.03065559,-0.3007313379
16.57,-0.03885073,-0.03885073,-0.38112566130000003
16.580000000000002,-0.04303922,-0.04303922,-0.42221474820000005
16.59,-0.04326121,-0.04326121,-0.42439247010000003
16.6,-0.04032023,-0.04032023,-0.3955414563
16.61,-0.03542627,-0.03542627,-0.34753170870000005
16.62,-0.02979137,-0.02979137,-0.2922533397
16.63,-0.02432013,-0.02432013,-0.2385804753
16.64,-0.01946835,-0.01946835,-0.1909845135
16.65,-0.01527337,-0.01527337,-0.1498317597
16.66,-0.01149585,-0.01149585,-0.11277428850000001
16.67,-0.007800388,-0.007800388,-0.07652180628000001
16.68,-0.003903491,-0.003903491,-0.03829324671
16.69,0.0004429265,0.0004429265,0.004345108965
16.7,0.005552275,0.005552275,0.05446781775
16.71,0.01148723,0.01148723,0.1126897263
16.72,0.01787687,0.01787687,0.1753720947
16.73,0.02412978,0.02412978,0.2367131418
16.740000000000002,0.02972235,0.02972235,0.29157625350000005
16.75,0.03438392,0.03438392,0.3373062552
16.76,0.03813764,0.03813764,0.37413024840000003
16.77,0.04121884,0.04121884,0.40435682040000004
16.78,0.04383304,0.04383304,0.43000212239999996
16.79,0.04593197,0.04593197,0.4505926257
16.8,0.0472953,0.0472953,0.463966893
16.81,0.0477212,0.0477212,0.468144972
16.82,0.04715577,0.04715577,0.46259810370000004
16.830000000000002,0.04571555,0.04571555,0.4484695455
16.84,0.04362406,0.04362406,0.42795202860000003
16.85,0.04113334,0.04113334,0.4035180654
16.86,0.03846411,0.03846411,0.37733291910000005
16.87,0.03576939,0.03576939,0.3508977159
16.88,0.03312404,0.03312404,0.3249468324
16.89,0.03053793,0.03053793,0.29957709330000004
16.9,0.02798107,0.02798107,0.27449429670000003
16.91,0.0254114,0.0254114,0.249285834
16.92,0.02279667,0.02279667,0.22363533270000002
16.93,0.02012724,0.02012724,0.1974482244
16.94,0.01746219,0.01746219,0.1713040839
16.95,0.01499613,0.01499613,0.1471120353
16.96,0.01298402,0.01298402,0.12737323620000002
16.97,0.01161207,0.01161207,0.11391440670000001
16.98,0.01092182,0.01092182,0.1071430542
16.990000000000002,0.01080969,0.01080969,0.10604305890000001
17.0,0.01108057,0.01108057,0.1087003917
17.01,0.01151037,0.01151037,0.11291672970000001
17.02,0.01178692,0.01178692,0.1156296852
17.03,0.01143734,0.01143734,0.11220030540000002
17.04,0.01000064,0.01000064,0.09810627840000001
17.05,0.007201727,0.007201727,0.07064894187
17.06,0.002967254,0.002967254,0.02910876174
17.07,-0.002587119,-0.002587119,-0.02537963739
17.080000000000002,-0.009189103,-0.009189103,-0.09014510043000001
17.09,-0.01648507,-0.01648507,-0.16171853670000003
17.1,-0.02413065,-0.02413065,-0.2367216765
17.11,-0.03185759,-0.03185759,-0.3125229579
17.12,-0.03908425,-0.03908425,-0.38341649250000004
17.13,-0.04347027,-0.04347027,-0.4264433487
17.14,-0.04135898,-0.04135898,-0.4057315938
17.150000000000002,-0.0307884,-0.0307884,-0.30203420400000003
17.16,-0.01339474,-0.01339474,-0.1314023994
17.17,0.006568767,0.006568767,0.06443960427
17.18,0.02432137,0.02432137,0.2385926397
17.19,0.03639822,0.03639822,0.35706653820000006
17.2,0.04143851,0.04143851,0.4065117831
17.21,0.03998106,0.03998106,0.3922141986
17.22,0.03382864,0.03382864,0.3318589584
17.23,0.0252438,0.0252438,0.247641678
17.240000000000002,0.01621853,0.01621853,0.1591037793
17.25,0.008021175,0.008021175,0.07868772675
17.26,0.001243322,0.001243322,0.01219698882
17.27,-0.003689827,-0.003689827,-0.03619720287
17.28,-0.006409494,-0.006409494,-0.06287713614
17.29,-0.006784404,-0.006784404,-0.06655500324000001
17.3,-0.005008412,-0.005008412,-0.04913252172
17.31,-0.001512947,-0.001512947,-0.01484201007
17.32,0.003178548,0.003178548,0.03118155588
17.330000000000002,0.008541133,0.008541133,0.08378851473
17.34,0.01389791,0.01389791,0.1363384971
17.35,0.01836913,0.01836913,0.18020116530000002
17.36,0.02118656,0.02118656,0.20784015360000002
17.37,0.02198386,0.02198386,0.21566166660000002
17.38,0.02087582,0.02087582,0.20479179420000002
17.39,0.01834375,0.01834375,0.1799521875
17.400000000000002,0.01502387,0.01502387,0.14738416470000001
17.41,0.01149862,0.01149862,0.1128014622
17.42,0.008158218,0.008158218,0.08003211858
17.43,0.00515801,0.00515801,0.0506000781
17.44,0.002457172,0.002457172,0.024104857320000003
17.45,-7.926315e-05,-7.926315e-05,-0.0007775715015000001
17.46,-0.002431372,-0.002431372,-0.02385175932
17.47,-0.004261939,-0.004261939,-0.041809621590000005
17.48,-0.005109011,-0.005109011,-0.05011939791
17.490000000000002,-0.004646263,-0.004646263,-0.045579840030000006
17.5,-0.002823904,-0.002823904,-0.02770249824
17.51,0.0001350144,0.0001350144,0.0013244912640000002
17.52,0.003776018,0.003776018,0.03704273658
17.53,0.007358742,0.007358742,0.07218925902000001
17.54,0.009754646,0.009754646,0.09569307726000001
17.55,0.009497695,0.009497695,0.09317238795
17.56,0.005368171,0.005368171,0.05266175751
17.57,-0.003081839,-0.003081839,-0.03023284059
17.580000000000002,-0.01540947,-0.01540947,-0.1511669007
17.59,-0.03052584,-0.03052584,-0.2994584904
17.6,-0.04710514,-0.04710514,-0.4621014234
17.61,-0.06360073,-0.06360073,-0.6239231613
17.62,-0.07746609,-0.07746609,-0.7599423429000001
17.63,-0.08565134,-0.08565134,-0.8402396454000001
17.64,-0.08598701,-0.08598701,-0.8435325681000001
17.650000000000002,-0.07808446,-0.07808446,-0.7660085526
17.66,-0.06345116,-0.06345116,-0.6224558796
17.67,-0.04479033,-0.04479033,-0.43939313730000007
17.68,-0.0249684,-0.0249684,-0.24494000400000002
17.69,-0.00625019,-0.00625019,-0.0613143639
17.7,0.01009284,0.01009284,0.09901076040000001
17.71,0.02385062,0.02385062,0.2339745822
17.72,0.03560791,0.03560791,0.34931359710000004
17.73,0.04619775,0.04619775,0.45319992750000004
17.740000000000002,0.05623383,0.05623383,0.5516538723
17.75,0.0659223,0.0659223,0.646697763
17.76,0.07473328,0.07473328,0.7331334768000001
17.77,0.08147741,0.08147741,0.7992933921
17.78,0.0849882,0.0849882,0.833734242
17.79,0.08470978,0.08470978,0.8310029418
17.8,0.08094492,0.08094492,0.7940696652000001
17.81,0.07492627,0.07492627,0.7350267087000001
17.82,0.06844542,0.06844542,0.6714495702000001
17.830000000000002,0.06309243,0.06309243,0.6189367383000001
17.84,0.05943578,0.05943578,0.5830650018
17.85,0.05687243,0.05687243,0.5579185383
17.86,0.05418871,0.05418871,0.5315912451
17.87,0.05022655,0.05022655,0.49272245550000004
17.88,0.04432684,0.04432684,0.4348463004
17.89,0.0365337,0.0365337,0.35839559700000007
17.900000000000002,0.02780439,0.02780439,0.2727610659
17.91,0.01973244,0.01973244,0.19357523640000002
17.92,0.01381244,0.01381244,0.13550003640000002
17.93,0.0108272,0.0108272,0.10621483200000001
17.94,0.01044169,0.01044169,0.1024329789
17.95,0.01131116,0.01131116,0.11096247960000001
17.96,0.01162238,0.01162238,0.1140155478
17.97,0.009758885,0.009758885,0.09573466185
17.98,0.00485843,0.00485843,0.047661198300000006
17.990000000000002,-0.002684585,-0.002684585,-0.02633577885
18.0,-0.01099171,-0.01099171,-0.10782867510000001
18.01,-0.01756813,-0.01756813,-0.17234335530000003
18.02,-0.02043472,-0.02043472,-0.2004646032
18.03,-0.01879909,-0.01879909,-0.1844190729
18.04,-0.01318239,-0.01318239,-0.12931924590000002
18.05,-0.005241127,-0.005241127,-0.05141545587
18.06,0.002646531,0.002646531,0.025962469110000004
18.07,0.008235879,0.008235879,0.08079397299
18.080000000000002,0.01022538,0.01022538,0.10031097779999999
18.09,0.008573271,0.008573271,0.08410378851000001
18.1,0.004240231,0.004240231,0.04159666611
18.11,-0.001363259,-0.001363259,-0.013373570789999999
18.12,-0.006928482,-0.006928482,-0.06796840842
18.13,-0.01161394,-0.01161394,-0.1139327514
18.14,-0.01515899,-0.01515899,-0.14870969190000002
18.150000000000002,-0.01778269,-0.01778269,-0.17444818890000002
18.16,-0.01996073,-0.01996073,-0.1958147613
18.17,-0.0221862,-0.0221862,-0.217646622
18.18,-0.02478935,-0.02478935,-0.24318352350000003
18.19,-0.02786637,-0.02786637,-0.2733690897
18.2,-0.0313141,-0.0313141,-0.307191321
18.21,-0.03491863,-0.03491863,-0.3425517603
18.22,-0.03837082,-0.03837082,-0.3764177442
18.23,-0.04123245,-0.04123245,-0.4044903345
18.240000000000002,-0.043078,-0.043078,-0.42259518
18.25,-0.04367486,-0.04367486,-0.42845037660000007
18.26,-0.04306279,-0.04306279,-0.4224459699
18.27,-0.04151083,-0.04151083,-0.4072212423
18.28,-0.03940214,-0.03940214,-0.3865349934
18.29,-0.03706749,-0.03706749,-0.36363207690000005
18.3,-0.03456108,-0.03456108,-0.33904419480000003
18.31,-0.03165458,-0.03165458,-0.31053142980000004
18.32,-0.02803777,-0.02803777,-0.2750505237
18.330000000000002,-0.02350737,-0.02350737,-0.23060729970000002
18.34,-0.01804403,-0.01804403,-0.1770119343
18.35,-0.01179801,-0.01179801,-0.1157384781
18.36,-0.005084714,-0.005084714,-0.04988104434
18.37,0.001676904,0.001676904,0.01645042824
18.38,0.007940831,0.007940831,0.07789955211
18.39,0.01279298,0.01279298,0.12549913380000002
18.400000000000002,0.01520397,0.01520397,0.1491509457
18.41,0.0144877,0.0144877,0.142124337
18.42,0.01047276,0.01047276,0.1027377756
18.43,0.003491974,0.003491974,0.03425626494
18.44,-0.005727843,-0.005727843,-0.05619013983
18.45,-0.01597901,-0.01597901,-0.1567540881
18.46,-0.02531566,-0.02531566,-0.2483466246
18.47,-0.03164559,-0.03164559,-0.3104432379
18.48,-0.03358547,-0.03358547,-0.3294734607
18.490000000000002,-0.03086694,-0.03086694,-0.3028046814
18.5,-0.02420946,-0.02420946,-0.2374948026
18.51,-0.01491617,-0.01491617,-0.1463276277
18.52,-0.004433806,-0.004433806,-0.043495636860000006
18.53,0.005830586,0.005830586,0.05719804866
18.54,0.01462208,0.01462208,0.1434426048
18.55,0.02099732,0.02099732,0.2059837092
18.56,0.0245261,0.0245261,0.240601041
18.57,0.02537493,0.02537493,0.24892806330000003
18.580000000000002,0.02417883,0.02417883,0.23719432229999998
18.59,0.02177045,0.02177045,0.21356811450000002
18.6,0.01880056,0.01880056,0.18443349360000003
18.61,0.0154565,0.0154565,0.151628265
18.62,0.01156246,0.01156246,0.11342773260000001
18.63,0.006835751,0.006835751,0.06705871731
18.64,0.001097823,0.001097823,0.01076964363
18.650000000000002,-0.005629375,-0.005629375,-0.055224168750000004
18.66,-0.01313749,-0.01313749,-0.12887877690000002
18.67,-0.02111382,-0.02111382,-0.2071265742
18.68,-0.0291938,-0.0291938,-0.286391178
18.69,-0.03687494,-0.03687494,-0.3617431614
18.7,-0.04359458,-0.04359458,-0.42766282980000003
18.71,-0.04896014,-0.04896014,-0.4802989734
18.72,-0.05289107,-0.05289107,-0.5188613967
18.73,-0.05561199,-0.05561199,-0.5455536219
18.740000000000002,-0.05753635,-0.05753635,-0.5644315935
18.75,-0.05911211,-0.05911211,-0.5798897991
18.76,-0.06067944,-0.06067944,-0.5952653064000001
18.77,-0.06210146,-0.06210146,-0.6092153226
18.78,-0.06239105,-0.06239105,-0.6120562005000001
18.79,-0.0601938,-0.0601938,-0.590501178
18.8,-0.05451878,-0.05451878,-0.5348292318000001
18.81,-0.04516179,-0.04516179,-0.44303715990000003
18.82,-0.03272128,-0.03272128,-0.3209957568
18.830000000000002,-0.01830018,-0.01830018,-0.1795247658
18.84,-0.003093592,-0.003093592,-0.030348137520000002
18.85,0.01195615,0.01195615,0.11728983150000001
18.86,0.02632919,0.02632919,0.2582893539
18.87,0.03991062,0.03991062,0.39152318220000004
18.88,0.05287293,0.05287293,0.5186834433
18.89,0.06540944,0.06540944,0.6416666064000001
18.900000000000002,0.07694337,0.07694337,0.7548144597
18.91,0.08593321,0.08593321,0.8430047901
18.92,0.09073886,0.09073886,0.8901482166000001
18.93,0.09046842,0.09046842,0.8874952002
18.94,0.08528763,0.08528763,0.8366716503000001
18.95,0.07611696,0.07611696,0.7467073776
18.96,0.06415065,0.06415065,0.6293178765
18.97,0.05053582,0.05053582,0.49575639420000006
18.98,0.03620556,0.03620556,0.3551765436
18.990000000000002,0.02211553,0.02211553,0.21695334930000001
19.0,0.00949845,0.00949845,0.09317979450000001
19.01,-0.0004353165,-0.0004353165,-0.004270454865
19.02,-0.006965419,-0.006965419,-0.06833076039
19.03,-0.01010197,-0.01010197,-0.0991003257
19.04,-0.01052228,-0.01052228,-0.10322356680000001
19.05,-0.009331197,-0.009331197,-0.09153904256999999
19.06,-0.007695215,-0.007695215,-0.07549005915000001
19.07,-0.006499522,-0.006499522,-0.06376031082
19.080000000000002,-0.006077219,-0.006077219,-0.059617518390000006
19.09,-0.005959754,-0.005959754,-0.05846518674000001
19.1,-0.005179204,-0.005179204,-0.05080799124
19.11,-0.003089545,-0.003089545,-0.03030843645
19.12,0.0001678489,0.0001678489,0.001646597709
19.13,0.003880237,0.003880237,0.03806512497
19.14,0.007331354,0.007331354,0.07192058274
19.150000000000002,0.01037207,0.01037207,0.1017500067
19.16,0.0134128,0.0134128,0.131579568
19.17,0.01704971,0.01704971,0.1672576551
19.18,0.02166697,0.02166697,0.2125529757
19.19,0.0272812,0.0272812,0.267628572
19.2,0.03361319,0.03361319,0.3297453939
19.21,0.0402228,0.0402228,0.39458566800000006
19.22,0.0462677,0.0462677,0.453886137
19.23,0.05025549,0.05025549,0.4930063569
19.240000000000002,0.05064969,0.05064969,0.4968734589
19.25,0.04658488,0.04658488,0.45699767280000003
19.26,0.03816528,0.03816528,0.37440139680000006
19.27,0.02659327,0.02659327,0.2608799787
19.28,0.01421306,0.01421306,0.1394301186
19.29,0.003691535,0.003691535,0.036213958350000006
19.3,-0.002994013,-0.002994013,-0.029371267529999998
19.31,-0.005045498,-0.005045498,-0.04949633538
19.32,-0.002836561,-0.002836561,-0.02782666341
19.330000000000002,0.002426997,0.002426997,0.023808840570000003
19.34,0.00900035,0.00900035,0.08829343350000002
19.35,0.01472178,0.01472178,0.14442066180000002
19.36,0.01763248,0.01763248,0.1729746288
19.37,0.01664243,0.01664243,0.1632622383
19.38,0.01176427,0.01176427,0.1154074887
19.39,0.003945372,0.003945372,0.038704099320000004
19.400000000000002,-0.005337972,-0.005337972,-0.05236550532
19.41,-0.01462945,-0.01462945,-0.1435149045
19.42,-0.0229287,-0.0229287,-0.224930547
19.43,-0.02986702,-0.02986702,-0.2929954662
19.44,-0.03558141,-0.03558141,-0.3490536321
19.45,-0.04026335,-0.04026335,-0.3949834635000001
19.46,-0.04397939,-0.04397939,-0.4314378159
19.47,-0.04684426,-0.04684426,-0.4595421906
19.48,-0.04907496,-0.04907496,-0.48142535760000005
19.490000000000002,-0.05093463,-0.05093463,-0.49966872030000004
19.5,-0.05261616,-0.05261616,-0.5161645296
19.51,-0.05395931,-0.05395931,-0.5293408311000001
19.52,-0.05440299,-0.05440299,-0.5336933319
19.53,-0.05332939,-0.05332939,-0.5231613159
19.54,-0.0503942,-0.0503942,-0.494367102
19.55,-0.04565817,-0.04565817,-0.4479066477
19.56,-0.03952214,-0.03952214,-0.3877121934
19.57,-0.03252915,-0.03252915,-0.3191109615
19.580000000000002,-0.02517404,-0.02517404,-0.24695733240000003
19.59,-0.01779693,-0.01779693,-0.1745878833
19.6,-0.01055481,-0.01055481,-0.1035426861
19.61,-0.003454716,-0.003454716,-0.03389076396
19.62,0.003557265,0.003557265,0.03489676965
19.63,0.01050465,0.01050465,0.10305061650000001
19.64,0.01736696,0.01736696,0.17036987760000002
19.650000000000002,0.02410604,0.02410604,0.2364802524
19.66,0.03069328,0.03069328,0.30110107680000003
19.67,0.03712463,0.03712463,0.3641926203
19.68,0.04341806,0.04341806,0.4259311686
19.69,0.04955376,0.04955376,0.48612238560000004
19.7,0.05523805,0.05523805,0.5418852705
19.71,0.05965754,0.05965754,0.5852404674
19.72,0.06181385,0.06181385,0.6063938685
19.73,0.06103872,0.06103872,0.5987898432000001
19.740000000000002,0.05724494,0.05724494,0.5615728614000001
19.75,0.05089412,0.05089412,0.4992713172
19.76,0.04279375,0.04279375,0.4198066875
19.77,0.03382516,0.03382516,0.33182481960000004
19.78,0.02468223,0.02468223,0.24213267630000002
19.79,0.01570688,0.01570688,0.1540844928
19.8,0.006915017,0.006915017,0.06783631677
19.81,-0.001868516,-0.001868516,-0.01833014196
19.82,-0.01085939,-0.01085939,-0.1065306159
19.830000000000002,-0.02020239,-0.02020239,-0.1981854459
19.84,-0.02989578,-0.02989578,-0.2932776018
19.85,-0.03977759,-0.03977759,-0.39021815790000003
19.86,-0.04961098,-0.04961098,-0.48668371380000003
19.87,-0.05907387,-0.05907387,-0.5795146647
19.88,-0.06718167,-0.06718167,-0.6590521827
19.89,-0.07226195,-0.07226195,-0.7088897295000001
19.900000000000002,-0.07297159,-0.07297159,-0.7158512979
19.91,-0.06900732,-0.06900732,-0.6769618092
19.92,-0.06112335,-0.06112335,-0.5996200635000001
19.93,-0.0507223,-0.0507223,-0.497585763
19.94,-0.03929118,-0.03929118,-0.3854464758
19.95,-0.027929,-0.027929,-0.27398349
19.96,-0.01716272,-0.01716272,-0.1683662832
19.97,-0.007008448,-0.007008448,-0.06875287488
19.98,0.002835724,0.002835724,0.027818452440000002
19.990000000000002,0.01283815,0.01283815,0.1259422515
20.0,0.02356989,0.02356989,0.2312206209
20.01,0.03528244,0.03528244,0.3461207364
20.02,0.04693362,0.04693362,0.4604188122
20.03,0.05631949,0.05631949,0.5524941969
20.04,0.06126091,0.06126091,0.6009695271000001
20.05,0.06059496,0.06059496,0.5944365576
20.06,0.05451413,0.05451413,0.5347836153000001
20.07,0.04435238,0.04435238,0.43509684779999996
20.080000000000002,0.03207392,0.03207392,0.3146451552
20.09,0.01960299,0.01960299,0.19230533190000001
20.1,0.008282106,0.008282106,0.08124745986
20.11,-0.001353053,-0.001353053,-0.01327344993
20.12,-0.009485302,-0.009485302,-0.09305081261999999
20.13,-0.01673252,-0.01673252,-0.16414602120000002
20.14,-0.02381202,-0.02381202,-0.2335959162
20.150000000000002,-0.03126891,-0.03126891,-0.3067480071
20.16,-0.03911605,-0.03911605,-0.38372845050000004
20.17,-0.04636276,-0.04636276,-0.45481867560000006
20.18,-0.05138693,-0.05138693,-0.5041057833
20.19,-0.05272696,-0.05272696,-0.5172514776
20.2,-0.04969441,-0.04969441,-0.4875021621
20.21,-0.04256896,-0.04256896,-0.41760149760000004
20.22,-0.03238891,-0.03238891,-0.31773520710000003
20.23,-0.02052483,-0.02052483,-0.20134858230000002
20.240000000000002,-0.008305101,-0.008305101,-0.08147304081000001
20.25,0.003147626,0.003147626,0.030878211060000004
20.26,0.01309568,0.01309568,0.12846862080000002
20.27,0.0211586,0.0211586,0.20756586600000002
20.28,0.02701781,0.02701781,0.2650447161
20.29,0.03044085,0.03044085,0.2986247385
20.3,0.03140109,0.03140109,0.30804469290000003
20.31,0.03002312,0.03002312,0.2945268072
20.32,0.02656276,0.02656276,0.26058067560000003
20.330000000000002,0.02141069,0.02141069,0.2100388689
20.34,0.01503567,0.01503567,0.1474999227
20.35,0.007811265,0.007811265,0.07662850965000001
20.36,-0.0001174099,-0.0001174099,-0.001151791119
20.37,-0.008761116,-0.008761116,-0.08594654796
20.38,-0.01815017,-0.01815017,-0.17805316770000001
20.39,-0.02818571,-0.02818571,-0.2765018151
20.400000000000002,-0.03851939,-0.03851939,-0.3778752159
20.41,-0.0486651,-0.0486651,-0.4774046310000001
20.42,-0.05820451,-0.05820451,-0.5709862431
20.43,-0.06684871,-0.06684871,-0.6557858451
20.44,-0.07419893,-0.07419893,-0.7278915033
20.45,-0.07975182,-0.07975182,-0.7823653542000001
20.46,-0.08322159,-0.08322159,-0.8164037979000001
20.47,-0.08486161,-0.08486161,-0.8324923941000001
20.48,-0.0852645,-0.0852645,-0.836444745
20.490000000000002,-0.0846661,-0.0846661,-0.830574441
20.5,-0.08277839,-0.08277839,-0.8120560058999999
20.51,-0.0791398,-0.0791398,-0.776361438
20.52,-0.07347847,-0.07347847,-0.7208237907
20.53,-0.06588456,-0.06588456,-0.6463275336
20.54,-0.05679073,-0.05679073,-0.5571170613
20.55,-0.0468088,-0.0468088,-0.459194328
20.56,-0.03653535,-0.03653535,-0.3584117835
20.57,-0.02640401,-0.02640401,-0.2590233381
20.580000000000002,-0.01661991,-0.01661991,-0.16304131710000003
20.59,-0.007176702,-0.007176702,-0.07040344662
20.6,0.002064646,0.002064646,0.02025417726
20.61,0.01128284,0.01128284,0.11068466040000001
20.62,0.02061992,0.02061992,0.2022814152
20.63,0.03012361,0.03012361,0.2955126141
20.64,0.03938374,0.03938374,0.3863544894
20.650000000000002,0.04711348,0.04711348,0.4621832388
20.66,0.05173538,0.05173538,0.5075240778
20.67,0.05255206,0.05255206,0.5155357086
20.68,0.05049386,0.05049386,0.49534476660000004
20.69,0.04758383,0.04758383,0.4667973723
20.7,0.04592255,0.04592255,0.4505002155
20.71,0.04690608,0.04690608,0.46014864480000006
20.72,0.05091399,0.05091399,0.4994662419
20.73,0.05743275,0.05743275,0.5634152775
20.740000000000002,0.06543974,0.06543974,0.6419638494
20.75,0.07384433,0.07384433,0.7244128773
20.76,0.08182637,0.08182637,0.8027166897
20.77,0.08880837,0.08880837,0.8712101097
20.78,0.09379159,0.09379159,0.9200954979
20.79,0.09536318,0.09536318,0.9355127958000001
20.8,0.09233278,0.09233278,0.9057845718
20.81,0.08404608,0.08404608,0.8244920448
20.82,0.07052325,0.07052325,0.6918330825
20.830000000000002,0.05229232,0.05229232,0.5129876592000001
20.84,0.03009907,0.03009907,0.2952718767
20.85,0.004803083,0.004803083,0.04711824423
20.86,-0.02259799,-0.02259799,-0.2216862819
20.87,-0.05008151,-0.05008151,-0.49129961310000003
20.88,-0.07410082,-0.07410082,-0.7269290442
20.89,-0.09103756,-0.09103756,-0.8930784636000001
20.900000000000002,-0.09879154,-0.09879154,-0.9691450074
20.91,-0.09743208,-0.09743208,-0.9558087048000001
20.92,-0.08887936,-0.08887936,-0.8719065216
20.93,-0.07600908,-0.07600908,-0.7456490748000001
20.94,-0.06165637,-0.06165637,-0.6048489897
20.95,-0.0478798,-0.0478798,-0.469700838
20.96,-0.03562633,-0.03562633,-0.3494942973
20.97,-0.02478727,-0.02478727,-0.2431631187
20.98,-0.01459637,-0.01459637,-0.1431903897
20.990000000000002,-0.004169644,-0.004169644,-0.04090420764
21.0,0.006685968,0.006685968,0.06558934608
21.01,0.01692644,0.01692644,0.16604837640000003
21.02,0.02487802,0.02487802,0.24405337620000003
21.03,0.0291631,0.0291631,0.28609001100000003
21.04,0.02927594,0.02927594,0.2871969714
21.05,0.02566985,0.02566985,0.25182122850000005
21.06,0.01956408,0.01956408,0.19192362480000003
21.07,0.01274862,0.01274862,0.12506396220000002
21.080000000000002,0.007063908,0.007063908,0.06929693748
21.09,0.003785046,0.003785046,0.03713130126
21.1,0.003314575,0.003314575,0.032515980750000006
21.11,0.00524935,0.00524935,0.051496123500000004
21.12,0.008662756,0.008662756,0.08498163636000002
21.13,0.01214826,0.01214826,0.11917443059999999
21.14,0.01392694,0.01392694,0.13662328140000002
21.150000000000002,0.01249527,0.01249527,0.1225785987
21.16,0.0071807,0.0071807,0.070442667
21.17,-0.00173035,-0.00173035,-0.016974733500000002
21.18,-0.01319531,-0.01319531,-0.12944599110000002
21.19,-0.02563283,-0.02563283,-0.2514580623
21.2,-0.03699254,-0.03699254,-0.3628968174
21.21,-0.04522445,-0.04522445,-0.4436518545
21.22,-0.04902898,-0.04902898,-0.4809742938
21.23,-0.0482393,-0.0482393,-0.47322753300000003
21.240000000000002,-0.04370466,-0.04370466,-0.4287427146
21.25,-0.0368446,-0.0368446,-0.361445526
21.26,-0.02911744,-0.02911744,-0.28564208640000005
21.27,-0.02156719,-0.02156719,-0.21157413390000002
21.28,-0.01460888,-0.01460888,-0.1433131128
21.29,-0.008125355,-0.008125355,-0.07970973255000001
21.3,-0.001717446,-0.001717446,-0.016848145260000003
21.31,0.005039556,0.005039556,0.04943804436
21.32,0.01241617,0.01241617,0.12180262770000001
21.330000000000002,0.02045264,0.02045264,0.20064039840000003
21.34,0.02898278,0.02898278,0.2843210718
21.35,0.03770217,0.03770217,0.3698582877
21.36,0.04597983,0.04597983,0.45106213230000003
21.37,0.05276081,0.05276081,0.5175835461
21.38,0.05702404,0.05702404,0.5594058324
21.39,0.05825117,0.05825117,0.5714439777
21.400000000000002,0.05659504,0.05659504,0.5551973424000001
21.41,0.05275051,0.05275051,0.5174825031
21.42,0.04766106,0.04766106,0.4675549986
21.43,0.042211,0.042211,0.41408991
21.44,0.03701096,0.03701096,0.36307751760000007
21.45,0.0323231,0.0323231,0.317089611
21.46,0.02828363,0.02828363,0.2774624103
21.47,0.02552064,0.02552064,0.2503574784
21.48,0.02473183,0.02473183,0.2426192523
21.490000000000002,0.02613442,0.02613442,0.2563786602
21.5,0.02940282,0.02940282,0.2884416642
21.51,0.03386952,0.03386952,0.3322599912
21.52,0.03879829,0.03879829,0.3806112249
21.53,0.04358117,0.04358117,0.42753127770000005
21.54,0.04752373,0.04752373,0.4662077913
21.55,0.04955703,0.04955703,0.48615446430000003
21.56,0.04862687,0.04862687,0.47702959470000006
21.57,0.0442039,0.0442039,0.433640259
21.580000000000002,0.03649768,0.03649768,0.3580422408
21.59,0.0263193,0.0263193,0.258192333
21.6,0.01474715,0.01474715,0.14466954150000003
21.61,0.00278074,0.00278074,0.0272790594
21.62,-0.008786748,-0.008786748,-0.08619799788000002
21.63,-0.01883168,-0.01883168,-0.1847387808
21.64,-0.02574932,-0.02574932,-0.2526008292
21.650000000000002,-0.02816874,-0.02816874,-0.27633533940000005
21.66,-0.0255858,-0.0255858,-0.250996698
21.67,-0.018525,-0.018525,-0.18173025
21.68,-0.008263883,-0.008263883,-0.08106869223
21.69,0.003657783,0.003657783,0.03588285123
21.7,0.0159007,0.0159007,0.155985867
21.71,0.02746097,0.02746097,0.26939211570000005
21.72,0.03721579,0.03721579,0.3650868999
21.73,0.04392999,0.04392999,0.4309532019
21.740000000000002,0.04677443,0.04677443,0.4588571583
21.75,0.04564415,0.04564415,0.44776911150000004
21.76,0.04111161,0.04111161,0.40330489410000003
21.77,0.03417738,0.03417738,0.3352800978
21.78,0.0259442,0.0259442,0.25451260200000003
21.79,0.01733116,0.01733116,0.17001867960000003
21.8,0.008912779,0.008912779,0.08743436199
21.81,0.0009087535,0.0009087535,0.008914871835000001
21.82,-0.006655688,-0.006655688,-0.06529229928000001
21.830000000000002,-0.01380041,-0.01380041,-0.13538202210000003
21.84,-0.02055613,-0.02055613,-0.2016556353
21.85,-0.02694153,-0.02694153,-0.26429640930000003
21.86,-0.03264054,-0.03264054,-0.32020369740000004
21.87,-0.03676695,-0.03676695,-0.3606837795
21.88,-0.03850599,-0.03850599,-0.3777437619
21.89,-0.03766776,-0.03766776,-0.36952072560000004
21.900000000000002,-0.03471209,-0.03471209,-0.3405256029
21.91,-0.03048243,-0.03048243,-0.29903263830000004
21.92,-0.02586885,-0.02586885,-0.2537734185
21.93,-0.02154528,-0.02154528,-0.2113591968
21.94,-0.01784419,-0.01784419,-0.17505150390000002
21.95,-0.01476957,-0.01476957,-0.1448894817
21.96,-0.0121057,-0.0121057,-0.11875691700000002
21.97,-0.009551457,-0.009551457,-0.09369979317
21.98,-0.006797982,-0.006797982,-0.06668820342000001
21.990000000000002,-0.003592318,-0.003592318,-0.035240639580000004
22.0,0.0001894722,0.0001894722,0.0018587222820000001
22.01,0.004519025,0.004519025,0.04433163525000001
22.02,0.009251508,0.009251508,0.09075729348
22.03,0.014193,0.014193,0.13923333000000002
22.04,0.01916768,0.01916768,0.1880349408
22.05,0.02406059,0.02406059,0.2360343879
22.06,0.02873155,0.02873155,0.2818565055
22.07,0.03266308,0.03266308,0.3204248148
22.080000000000002,0.03501039,0.03501039,0.34345192590000007
22.09,0.03504821,0.03504821,0.34382294010000003
22.1,0.03251159,0.03251159,0.3189386979
22.11,0.02766832,0.02766832,0.2714262192
22.12,0.02117197,0.02117197,0.20769702569999998
22.13,0.01381135,0.01381135,0.1354893435
22.14,0.006278558,0.006278558,0.06159265398
22.150000000000002,-0.0008852457,-0.0008852457,-0.008684260317
22.16,-0.007175635,-0.007175635,-0.07039297935
22.17,-0.01220647,-0.01220647,-0.11974547070000001
22.18,-0.01592868,-0.01592868,-0.1562603508
22.19,-0.01871342,-0.01871342,-0.18357865020000003
22.2,-0.02116139,-0.02116139,-0.2075932359
22.21,-0.02384172,-0.02384172,-0.23388727320000002
22.22,-0.02710961,-0.02710961,-0.2659452741
22.23,-0.03104907,-0.03104907,-0.3045913767
22.240000000000002,-0.035441,-0.035441,-0.34767621000000004
22.25,-0.03950058,-0.03950058,-0.3875006898
22.26,-0.04200743,-0.04200743,-0.4120928883
22.27,-0.04189489,-0.04189489,-0.41098887089999997
22.28,-0.03870392,-0.03870392,-0.3796854552
22.29,-0.03268987,-0.03268987,-0.32068762470000006
22.3,-0.02463602,-0.02463602,-0.24167935620000003
22.31,-0.01553831,-0.01553831,-0.1524308211
22.32,-0.006548065,-0.006548065,-0.06423651765
22.330000000000002,0.0008195492,0.0008195492,0.008039777652
22.34,0.00509662,0.00509662,0.049997842199999996
22.35,0.005458764,0.005458764,0.05355047484
22.36,0.001980079,0.001980079,0.019424574990000002
22.37,-0.004507484,-0.004507484,-0.04421841804
22.38,-0.01279051,-0.01279051,-0.1254749031
22.39,-0.0216886,-0.0216886,-0.212765166
22.400000000000002,-0.03030963,-0.03030963,-0.2973374703
22.41,-0.03761768,-0.03761768,-0.3690294408
22.42,-0.04190008,-0.04190008,-0.41103978480000003
22.43,-0.04140255,-0.04140255,-0.40615901550000005
22.44,-0.03526118,-0.03526118,-0.34591217580000005
22.45,-0.02413516,-0.02413516,-0.2367659196
22.46,-0.00995842,-0.00995842,-0.0976921002
22.47,0.005019595,0.005019595,0.04924222695
22.48,0.01916789,0.01916789,0.1880370009
22.490000000000002,0.03182924,0.03182924,0.31224484440000005
22.5,0.04318906,0.04318906,0.42368467860000003
22.51,0.05363291,0.05363291,0.5261388471
22.52,0.06239949,0.06239949,0.6121389969000001
22.53,0.06752888,0.06752888,0.6624583128
22.54,0.06721785,0.06721785,0.6594071085
22.55,0.06091443,0.06091443,0.5975705583
22.56,0.04945801,0.04945801,0.4851830781
22.57,0.03459448,0.03459448,0.3393718488
22.580000000000002,0.01827195,0.01827195,0.17924782949999998
22.59,0.002004106,0.002004106,0.01966027986
22.6,-0.01343595,-0.01343595,-0.1318066695
22.61,-0.02796183,-0.02796183,-0.27430555230000003
22.62,-0.041552,-0.041552,-0.40762512
22.63,-0.05315845,-0.05315845,-0.5214843945000001
22.64,-0.06095725,-0.06095725,-0.5979906225
22.650000000000002,-0.06340794,-0.06340794,-0.6220318914
22.66,-0.06000293,-0.06000293,-0.5886287433
22.67,-0.05132793,-0.05132793,-0.5035269933000001
22.68,-0.03835076,-0.03835076,-0.3762209556
22.69,-0.02189159,-0.02189159,-0.2147564979
22.7,-0.002849127,-0.002849127,-0.02794993587
22.71,0.01715589,0.01715589,0.16829928090000001
22.72,0.03558836,0.03558836,0.3491218116
22.73,0.04981365,0.04981365,0.48867190650000003
22.740000000000002,0.05816444,0.05816444,0.5705931564
22.75,0.06039119,0.06039119,0.5924375739
22.76,0.05741717,0.05741717,0.5632624377
22.77,0.05083274,0.05083274,0.49866917940000005
22.78,0.04236538,0.04236538,0.41560437780000004
22.79,0.03349286,0.03349286,0.3285649566
22.8,0.02521005,0.02521005,0.24731059050000004
22.81,0.01793346,0.01793346,0.1759272426
22.82,0.01157951,0.01157951,0.1135949931
22.830000000000002,0.005765889,0.005765889,0.05656337109
22.84,4.198993e-05,4.198993e-05,0.0004119212133
22.85,-0.005928734,-0.005928734,-0.05816088054
22.86,-0.01212091,-0.01212091,-0.11890612710000001
22.87,-0.01781335,-0.01781335,-0.1747489635
22.88,-0.0218725,-0.0218725,-0.214569225
22.89,-0.02335717,-0.02335717,-0.2291338377
22.900000000000002,-0.02192118,-0.02192118,-0.2150467758
22.91,-0.01787807,-0.01787807,-0.1753838667
22.92,-0.01199653,-0.01199653,-0.1176859593
22.93,-0.005189126,-0.005189126,-0.05090532606
22.94,0.001762634,0.001762634,0.01729143954
22.95,0.008373175,0.008373175,0.08214084675000001
22.96,0.01448609,0.01448609,0.1421085429
22.97,0.02019752,0.02019752,0.1981376712
22.98,0.02571403,0.02571403,0.2522546343
22.990000000000002,0.03123023,0.03123023,0.30636855630000004
23.0,0.03683463,0.03683463,0.3613477203
23.01,0.04213134,0.04213134,0.41330844540000006
23.02,0.04594119,0.04594119,0.4506830739
23.03,0.04688112,0.04688112,0.4599037872
23.04,0.04418215,0.04418215,0.4334268915000001
23.05,0.03804423,0.03804423,0.3732138963
23.06,0.02943367,0.02943367,0.2887443027
23.07,0.01964974,0.01964974,0.1927639494
23.080000000000002,0.009916799,0.009916799,0.09728379819
23.09,0.001069264,0.001069264,0.01048947984
23.1,-0.006581102,-0.006581102,-0.06456061062
23.11,-0.01318498,-0.01318498,-0.12934465380000001
23.12,-0.01916763,-0.01916763,-0.18803445030000002
23.13,-0.02495595,-0.02495595,-0.24481786950000003
23.14,-0.03049855,-0.03049855,-0.2991907755
23.150000000000002,-0.03513649,-0.03513649,-0.3446889669
23.16,-0.03803477,-0.03803477,-0.3731210937
23.17,-0.03860436,-0.03860436,-0.3787087716
23.18,-0.03666381,-0.03666381,-0.3596719761
23.19,-0.03245708,-0.03245708,-0.3184039548
23.2,-0.02655151,-0.02655151,-0.2604703131
23.21,-0.0196504,-0.0196504,-0.192770424
23.22,-0.01239157,-0.01239157,-0.1215613017
23.23,-0.005187688,-0.005187688,-0.050891219280000004
23.240000000000002,0.001819509,0.001819509,0.01784938329
23.25,0.008693103,0.008693103,0.08527934043000002
23.26,0.0155857,0.0155857,0.152895717
23.27,0.02245315,0.02245315,0.2202654015
23.28,0.02860292,0.02860292,0.2805946452
23.29,0.03292136,0.03292136,0.3229585416
23.3,0.03448468,0.03448468,0.3382947108
23.31,0.0330125,0.0330125,0.323852625
23.32,0.02895478,0.02895478,0.2840463918
23.330000000000002,0.02323848,0.02323848,0.2279694888
23.34,0.01689473,0.01689473,0.1657373013
23.35,0.01074424,0.01074424,0.1054009944
23.36,0.005240377,0.005240377,0.05140809837
23.37,0.0006269753,0.0006269753,0.006150627693
23.38,-0.00274943,-0.00274943,-0.026971908300000003
23.39,-0.004517206,-0.004517206,-0.04431379086
23.400000000000002,-0.004515194,-0.004515194,-0.044294053140000005
23.41,-0.00309905,-0.00309905,-0.0304016805
23.42,-0.001221993,-0.001221993,-0.011987751330000001
23.43,-2.106877e-05,-2.106877e-05,-0.0002066846337
23.44,-0.0003471554,-0.0003471554,-0.0034055944740000003
23.45,-0.00251599,-0.00251599,-0.0246818619
23.46,-0.006290783,-0.006290783,-0.06171258123000001
23.47,-0.01087257,-0.01087257,-0.1066599117
23.48,-0.01507663,-0.01507663,-0.1479017403
23.490000000000002,-0.01781617,-0.01781617,-0.1747766277
23.5,-0.01852294,-0.01852294,-0.18171004140000002
23.51,-0.01742145,-0.01742145,-0.1709044245
23.52,-0.01542409,-0.01542409,-0.15131032290000002
23.53,-0.01365742,-0.01365742,-0.13397929020000002
23.54,-0.01294431,-0.01294431,-0.12698368110000002
23.55,-0.01336172,-0.01336172,-0.13107847320000002
23.56,-0.01427812,-0.01427812,-0.14006835720000002
23.57,-0.0147885,-0.0147885,-0.145075185
23.580000000000002,-0.01415072,-0.01415072,-0.13881856320000002
23.59,-0.0120341,-0.0120341,-0.11805452100000001
23.6,-0.008549456,-0.008549456,-0.08387016336000001
23.61,-0.004119207,-0.004119207,-0.04040942067
23.62,0.0007226586,0.0007226586,0.007089280866000001
23.63,0.00551429,0.00551429,0.0540951849
23.64,0.009980202,0.009980202,0.09790578162000001
23.650000000000002,0.01406595,0.01406595,0.1379869695
23.66,0.01789154,0.01789154,0.1755160074
23.67,0.02165495,0.02165495,0.2124350595
23.68,0.025537,0.025537,0.25051797000000003
23.69,0.02964199,0.02964199,0.2907879219
23.7,0.03398124,0.03398124,0.33335596440000004
23.71,0.03849243,0.03849243,0.3776107383
23.72,0.04307894,0.04307894,0.42260440140000005
23.73,0.04765312,0.04765312,0.4674771072
23.740000000000002,0.05224937,0.05224937,0.5125663197000001
23.75,0.05708866,0.05708866,0.5600397546
23.76,0.06199444,0.06199444,0.6081654564
23.77,0.0660866,0.0660866,0.648309546
23.78,0.06825636,0.06825636,0.6695948916000001
23.79,0.06763446,0.06763446,0.6634940525999999
23.8,0.06381687,0.06381687,0.6260434947
23.81,0.05696771,0.05696771,0.5588532351
23.82,0.04773391,0.04773391,0.4682696571
23.830000000000002,0.03700996,0.03700996,0.3630677076
23.84,0.02566469,0.02566469,0.2517706089
23.85,0.01430925,0.01430925,0.1403737425
23.86,0.003190063,0.003190063,0.03129451803
23.87,-0.007745861,-0.007745861,-0.07598689641
23.88,-0.01870299,-0.01870299,-0.1834763319
23.89,-0.0298938,-0.0298938,-0.29325817800000004
23.900000000000002,-0.04144281,-0.04144281,-0.4065539661
23.91,-0.05335475,-0.05335475,-0.5234100975
23.92,-0.06548695,-0.06548695,-0.6424269795
23.93,-0.07712855,-0.07712855,-0.7566310755000001
23.94,-0.08677315,-0.08677315,-0.8512446015
23.95,-0.09282248,-0.09282248,-0.9105885288000001
23.96,-0.09435479,-0.09435479,-0.9256204899
23.97,-0.09135181,-0.09135181,-0.8961612561000001
23.98,-0.08443251,-0.08443251,-0.8282829231000001
23.990000000000002,-0.07457489,-0.07457489,-0.7315796709000001
24.0,-0.06286073,-0.06286073,-0.6166637613000001
24.01,-0.05024646,-0.05024646,-0.4929177726
24.02,-0.03740037,-0.03740037,-0.36689762970000006
24.03,-0.02463604,-0.02463604,-0.24167955240000003
24.04,-0.01197175,-0.01197175,-0.1174428675
24.05,0.0006539199,0.0006539199,0.006414954219
24.060000000000002,0.01260713,0.01260713,0.1236759453
24.07,0.02197071,0.02197071,0.21553266510000002
24.080000000000002,0.02638007,0.02638007,0.2587884867
24.09,0.02424418,0.02424418,0.2378354058
24.1,0.0154741,0.0154741,0.151800921
24.11,0.001515121,0.001515121,0.01486333701
24.12,-0.01531784,-0.01531784,-0.1502680104
24.13,-0.03270059,-0.03270059,-0.32079278790000004
24.14,-0.0485313,-0.0485313,-0.476092053
24.150000000000002,-0.06030862,-0.06030862,-0.5916275622
24.16,-0.06560662,-0.06560662,-0.6436009422000001
24.17,-0.06310893,-0.06310893,-0.6190986033
24.18,-0.05308887,-0.05308887,-0.5208018147000001
24.19,-0.03718083,-0.03718083,-0.3647439423
24.2,-0.01777595,-0.01777595,-0.1743820695
24.21,0.002687274,0.002687274,0.026362157940000002
24.22,0.02236828,0.02236828,0.2194328268
24.23,0.04035705,0.04035705,0.3959026605
24.240000000000002,0.0564694,0.0564694,0.5539648140000001
24.25,0.07017795,0.07017795,0.6884456895000001
24.26,0.0802585,0.0802585,0.787335885
24.27,0.08551905,0.08551905,0.8389418805000001
24.28,0.08549169,0.08549169,0.8386734789
24.29,0.08065595,0.08065595,0.7912348695000001
24.3,0.07222894,0.07222894,0.7085659014000001
24.310000000000002,0.06173195,0.06173195,0.6055904295000001
24.32,0.05052805,0.05052805,0.4956801705
24.330000000000002,0.03932814,0.03932814,0.3858090534
24.34,0.02797381,0.02797381,0.27442307610000005
24.35,0.0157969,0.0157969,0.154967589
24.36,0.002126245,0.002126245,0.020858463450000003
24.37,-0.01337047,-0.01337047,-0.1311643107
24.38,-0.03057996,-0.03057996,-0.29998940760000004
24.39,-0.04885452,-0.04885452,-0.4792628412
24.400000000000002,-0.06670623,-0.06670623,-0.6543881163
24.41,-0.08180627,-0.08180627,-0.8025195087
24.42,-0.09042284,-0.09042284,-0.8870480604000001
24.43,-0.08829395,-0.08829395,-0.8661636495
24.44,-0.07264296,-0.07264296,-0.7126274376000001
24.45,-0.0434856,-0.0434856,-0.426593736
24.46,-0.004968288,-0.004968288,-0.04873890528000001
24.47,0.03478288,0.03478288,0.34122005280000006
24.48,0.067028,0.067028,0.6575446800000001
24.490000000000002,0.08583236,0.08583236,0.8420154516
24.5,0.08964028,0.08964028,0.8793711468000001
24.51,0.08088225,0.08088225,0.7934548725
24.52,0.0643477,0.0643477,0.631250937
24.53,0.04525432,0.04525432,0.44394487920000003
24.54,0.0276658,0.0276658,0.271401498
24.55,0.01366103,0.01366103,0.1340147043
24.560000000000002,0.003319943,0.003319943,0.03256864083
24.57,-0.004681926,-0.004681926,-0.045929694060000005
24.580000000000002,-0.01218586,-0.01218586,-0.1195432866
24.59,-0.02075218,-0.02075218,-0.2035788858
24.6,-0.03119576,-0.03119576,-0.3060304056
24.61,-0.0435111,-0.0435111,-0.426843891
24.62,-0.05703705,-0.05703705,-0.5595334605
24.63,-0.07025437,-0.07025437,-0.6891953697
24.64,-0.08078532,-0.08078532,-0.7925039892
24.650000000000002,-0.08640199,-0.08640199,-0.8476035219
24.66,-0.08598477,-0.08598477,-0.8435105937
24.67,-0.07983602,-0.07983602,-0.7831913562
24.68,-0.06938592,-0.06938592,-0.6806758752000001
24.69,-0.05656031,-0.05656031,-0.5548566411000001
24.7,-0.04305598,-0.04305598,-0.4223791638
24.71,-0.02982929,-0.02982929,-0.29262533490000003
24.72,-0.01707046,-0.01707046,-0.1674612126
24.73,-0.004523006,-0.004523006,-0.04437068886000001
24.740000000000002,0.008132722,0.008132722,0.07978200282
24.75,0.02108485,0.02108485,0.2068423785
24.76,0.03434776,0.03434776,0.3369515256
24.77,0.04780315,0.04780315,0.46894890150000007
24.78,0.06127391,0.06127391,0.6010970571
24.79,0.07456699,0.07456699,0.7315021719
24.8,0.08745407,0.08745407,0.8579244267
24.810000000000002,0.09962753,0.09962753,0.9773460693000001
24.82,0.1102089,0.1102089,1.081149309
24.830000000000002,0.117694,0.117694,1.15457814
24.84,0.1207277,0.1207277,1.184338737
24.85,0.1187877,0.1187877,1.165307337
24.86,0.1123837,0.1123837,1.102484097
24.87,0.1027916,0.1027916,1.008385596
24.88,0.09155999,0.09155999,0.8982035019
24.89,0.08004013,0.08004013,0.7851936753000001
24.900000000000002,0.06909056,0.06909056,0.6777783936
24.91,0.05899102,0.05899102,0.5787019062000001
24.92,0.04953427,0.04953427,0.4859311887
24.93,0.0402585,0.0402585,0.39493588500000004
24.94,0.0307021,0.0307021,0.301187601
24.95,0.02057835,0.02057835,0.2018736135
24.96,0.009835715,0.009835715,0.09648836415
24.97,-0.001380017,-0.001380017,-0.013537966770000001
24.98,-0.01282451,-0.01282451,-0.1258084431
24.990000000000002,-0.02425717,-0.02425717,-0.23796283770000004
25.0,-0.03551442,-0.03551442,-0.3483964602
25.01,-0.04651695,-0.04651695,-0.4563312795
25.02,-0.05719487,-0.05719487,-0.5610816747
25.03,-0.06747473,-0.06747473,-0.6619271013
25.04,-0.07732042,-0.07732042,-0.7585133202000001
25.05,-0.08675946,-0.08675946,-0.8511103026
25.060000000000002,-0.09587764,-0.09587764,-0.9405596484000001
25.07,-0.1047896,-0.1047896,-1.027985976
25.080000000000002,-0.1136058,-0.1136058,-1.114472898
25.09,-0.122408,-0.122408,-1.20082248
25.1,-0.1311312,-0.1311312,-1.2863970720000002
25.11,-0.1389591,-0.1389591,-1.3631887710000001
25.12,-0.1442441,-0.1442441,-1.415034621
25.13,-0.1453684,-0.1453684,-1.426064004
25.14,-0.1415289,-0.1415289,-1.3883985090000002
25.150000000000002,-0.1329802,-0.1329802,-1.304535762
25.16,-0.120724,-0.120724,-1.18430244
25.17,-0.1060358,-0.1060358,-1.040211198
25.18,-0.09010961,-0.09010961,-0.8839752741000001
25.19,-0.07382703,-0.07382703,-0.7242431643
25.2,-0.05766998,-0.05766998,-0.5657425038
25.21,-0.04176069,-0.04176069,-0.40967236890000003
25.22,-0.02595614,-0.02595614,-0.2546297334
25.23,-0.009901542,-0.009901542,-0.09713412702
25.240000000000002,0.006824066,0.006824066,0.06694408746000001
25.25,0.02441531,0.02441531,0.2395141911
25.26,0.0420212,0.0420212,0.41222797200000005
25.27,0.05724975,0.05724975,0.5616200475
25.28,0.06692159,0.06692159,0.6565007979
25.29,0.06854719,0.06854719,0.6724479339
25.3,0.06136731,0.06136731,0.6020133111
25.310000000000002,0.04648658,0.04648658,0.45603334980000004
25.32,0.02633192,0.02633192,0.2583161352
25.330000000000002,0.003785184,0.003785184,0.037132655040000004
25.34,-0.01869183,-0.01869183,-0.1833668523
25.35,-0.03960232,-0.03960232,-0.38849875920000004
25.36,-0.05809858,-0.05809858,-0.5699470698
25.37,-0.07258292,-0.07258292,-0.7120384452
25.38,-0.08077416,-0.08077416,-0.7923945096
25.39,-0.08094572,-0.08094572,-0.7940775132
25.400000000000002,-0.07279665,-0.07279665,-0.7141351365
25.41,-0.05753722,-0.05753722,-0.5644401282
25.42,-0.0373706,-0.0373706,-0.366605586
25.43,-0.01479058,-0.01479058,-0.1450955898
25.44,0.007424285,0.007424285,0.07283223585000001
25.45,0.02601078,0.02601078,0.2551657518
25.46,0.03819896,0.03819896,0.37473179759999997
25.47,0.0427258,0.0427258,0.419140098
25.48,0.04007774,0.04007774,0.3931626294
25.490000000000002,0.03195521,0.03195521,0.3134806101
25.5,0.02050111,0.02050111,0.2011158891
25.51,0.007675982,0.007675982,0.07530138342
25.52,-0.005118546,-0.005118546,-0.05021293626
25.53,-0.01718376,-0.01718376,-0.1685726856
25.54,-0.02844957,-0.02844957,-0.2790902817
25.55,-0.03924719,-0.03924719,-0.3850149339
25.560000000000002,-0.05002475,-0.05002475,-0.49074279750000005
25.57,-0.06095628,-0.06095628,-0.5979811068
25.580000000000002,-0.07137669,-0.07137669,-0.7002053289000001
25.59,-0.0797799,-0.0797799,-0.782640819
25.6,-0.0846055,-0.0846055,-0.829979955
25.61,-0.08499727,-0.08499727,-0.8338232187000001
25.62,-0.08109332,-0.08109332,-0.7955254692
25.63,-0.07380714,-0.07380714,-0.7240480434
25.64,-0.06429688,-0.06429688,-0.6307523928000001
25.650000000000002,-0.05357403,-0.05357403,-0.5255612343
25.66,-0.0423412,-0.0423412,-0.41536717200000006
25.67,-0.03096624,-0.03096624,-0.3037788144
25.68,-0.01954778,-0.01954778,-0.1917637218
25.69,-0.008026318,-0.008026318,-0.07873817958
25.7,0.003593529,0.003593529,0.03525251949
25.71,0.01478499,0.01478499,0.14504075190000001
25.72,0.02454808,0.02454808,0.24081666480000002
25.73,0.03194347,0.03194347,0.31336544070000005
25.740000000000002,0.0365261,0.0365261,0.358321041
25.75,0.03850488,0.03850488,0.3777328728
25.76,0.03872668,0.03872668,0.37990873080000004
25.77,0.03830545,0.03830545,0.3757764645
25.78,0.03812468,0.03812468,0.37400311080000004
25.79,0.03861859,0.03861859,0.37884836790000004
25.8,0.03979235,0.03979235,0.3903629535
25.810000000000002,0.04137006,0.04137006,0.40584028860000004
25.82,0.04270478,0.04270478,0.4189338918
25.830000000000002,0.04198531,0.04198531,0.4118758911
25.84,0.03659854,0.03659854,0.3590316774
25.85,0.02473293,0.02473293,0.24263004330000001
25.86,0.006335354,0.006335354,0.06214982274
25.87,-0.01708476,-0.01708476,-0.1676014956
25.88,-0.0432143,-0.0432143,-0.423932283
25.89,-0.06933247,-0.06933247,-0.6801515307
25.900000000000002,-0.0921667,-0.0921667,-0.9041553270000001
25.91,-0.1083766,-0.1083766,-1.063174446
25.92,-0.1156865,-0.1156865,-1.1348845650000001
25.93,-0.1137046,-0.1137046,-1.115442126
25.94,-0.1038883,-0.1038883,-1.019144223
25.95,-0.08884287,-0.08884287,-0.8715485547
25.96,-0.07139103,-0.07139103,-0.7003460042999999
25.97,-0.05377871,-0.05377871,-0.5275691451000001
25.98,-0.03718388,-0.03718388,-0.36477386280000007
25.990000000000002,-0.02167535,-0.02167535,-0.21263518350000002
26.0,-0.006606963,-0.006606963,-0.06481430703
26.01,0.008841354,0.008841354,0.08673368274
26.02,0.02480158,0.02480158,0.24330349980000002
26.03,0.03995966,0.03995966,0.39200426460000004
26.04,0.05221779,0.05221779,0.5122565199
26.05,0.05985517,0.05985517,0.5871792177
26.060000000000002,0.0622708,0.0622708,0.610876548
26.07,0.06007793,0.06007793,0.5893644933000001
26.080000000000002,0.05471761,0.05471761,0.5367797541
26.09,0.04788297,0.04788297,0.4697319357
26.1,0.04100393,0.04100393,0.40224855330000003
26.11,0.03494283,0.03494283,0.3427891623
26.12,0.02994056,0.02994056,0.29371689360000003
26.13,0.02576081,0.02576081,0.2527135461
26.14,0.02196071,0.02196071,0.21543456510000003
26.150000000000002,0.0182072,0.0182072,0.178612632
26.16,0.01442155,0.01442155,0.1414754055
26.17,0.01102805,0.01102805,0.1081851705
26.18,0.009215117,0.009215117,0.09040029777
26.19,0.01044555,0.01044555,0.1024708455
26.2,0.01579139,0.01579139,0.1549135359
26.21,0.02549486,0.02549486,0.2501045766
26.22,0.03874447,0.03874447,0.38008325070000004
26.23,0.05373579,0.05373579,0.5271480999
26.240000000000002,0.06834119,0.06834119,0.6704270739
26.25,0.0806779,0.0806779,0.791450199
26.26,0.08935569,0.08935569,0.8765793189000001
26.27,0.09378738,0.09378738,0.9200541978000001
26.28,0.09425246,0.09425246,0.9246166326
26.29,0.09154138,0.09154138,0.8980209378000001
26.3,0.08658187,0.08658187,0.8493681447000001
26.310000000000002,0.0802003,0.0802003,0.7867649430000001
26.32,0.07281381,0.07281381,0.7143034761000001
26.330000000000002,0.06431722,0.06431722,0.6309519282
26.34,0.05436462,0.05436462,0.5333169222
26.35,0.04275823,0.04275823,0.4194582363
26.36,0.0299021,0.0299021,0.293339601
26.37,0.016802,0.016802,0.16482762
26.38,0.004588535,0.004588535,0.045013528350000005
26.39,-0.005923504,-0.005923504,-0.058109574239999996
26.400000000000002,-0.01440452,-0.01440452,-0.14130834120000002
26.41,-0.02099636,-0.02099636,-0.2059742916
26.42,-0.02617677,-0.02617677,-0.2567941137
26.43,-0.03049177,-0.03049177,-0.2991242637
26.44,-0.03432039,-0.03432039,-0.3366830259
26.45,-0.03784644,-0.03784644,-0.3712735764
26.46,-0.04113206,-0.04113206,-0.4035055086
26.47,-0.04411546,-0.04411546,-0.4327726626
26.48,-0.04625805,-0.04625805,-0.4537914705
26.490000000000002,-0.04651114,-0.04651114,-0.45627428340000004
26.5,-0.04387511,-0.04387511,-0.43041482910000006
26.51,-0.03789667,-0.03789667,-0.37176633270000004
26.52,-0.02882662,-0.02882662,-0.2827891422
26.53,-0.01746416,-0.01746416,-0.1713234096
26.54,-0.004839122,-0.004839122,-0.04747178682000001
26.55,0.008110583,0.008110583,0.07956481923
26.560000000000002,0.0206678,0.0206678,0.202751118
26.57,0.03176054,0.03176054,0.3115708974
26.580000000000002,0.03966642,0.03966642,0.38912758020000004
26.59,0.04277821,0.04277821,0.4196542401
26.6,0.04037044,0.04037044,0.3960340164
26.61,0.03282509,0.03282509,0.3220141329
26.62,0.02134904,0.02134904,0.2094340824
26.63,0.007496279,0.007496279,0.07353849699000001
26.64,-0.007290395,-0.007290395,-0.07151877495
26.650000000000002,-0.02197683,-0.02197683,-0.2155927023
26.66,-0.03587213,-0.03587213,-0.35190559530000004
26.67,-0.04811583,-0.04811583,-0.47201629230000003
26.68,-0.05739943,-0.05739943,-0.5630884083000001
26.69,-0.06250446,-0.06250446,-0.6131687526
26.7,-0.0629054,-0.0629054,-0.617101974
26.71,-0.05897326,-0.05897326,-0.5785276806
26.72,-0.05178256,-0.05178256,-0.5079869136
26.73,-0.04270822,-0.04270822,-0.4189676382
26.740000000000002,-0.03301224,-0.03301224,-0.3238500744
26.75,-0.02356234,-0.02356234,-0.2311465554
26.76,-0.01474663,-0.01474663,-0.1446644403
26.77,-0.006580306,-0.006580306,-0.06455280186000001
26.78,0.001108017,0.001108017,0.01086964677
26.79,0.008319495,0.008319495,0.08161424595
26.8,0.01451732,0.01451732,0.14241490920000002
26.810000000000002,0.01889914,0.01889914,0.1854005634
26.82,0.02097703,0.02097703,0.20578466430000003
26.830000000000002,0.02095438,0.02095438,0.20556246780000004
26.84,0.01959301,0.01959301,0.19220742810000002
26.85,0.01783644,0.01783644,0.1749754764
26.86,0.0163745,0.0163745,0.160633845
26.87,0.01533716,0.01533716,0.15045753960000002
26.88,0.01439563,0.01439563,0.1412211303
26.89,0.01305521,0.01305521,0.1280716101
26.900000000000002,0.01089809,0.01089809,0.1069102629
26.91,0.007719473,0.007719473,0.07572803013
26.92,0.003568072,0.003568072,0.03500278632
26.93,-0.00130734,-0.00130734,-0.0128250054
26.94,-0.006497272,-0.006497272,-0.06373823832
26.95,-0.01135592,-0.01135592,-0.1114015752
26.96,-0.01516001,-0.01516001,-0.1487196981
26.97,-0.0174073,-0.0174073,-0.170765613
26.98,-0.01798158,-0.01798158,-0.17639929980000002
26.990000000000002,-0.01712689,-0.01712689,-0.1680147909
27.0,-0.01530884,-0.01530884,-0.15017972040000002
27.01,-0.01304076,-0.01304076,-0.1279298556
27.02,-0.01073827,-0.01073827,-0.1053424287
27.03,-0.008640118,-0.008640118,-0.08475955758
27.04,-0.00680894,-0.00680894,-0.0667957014
27.05,-0.005314482,-0.005314482,-0.05213506842
27.060000000000002,-0.004519266,-0.004519266,-0.04433399946
27.07,-0.004960662,-0.004960662,-0.04866409422
27.080000000000002,-0.007047476,-0.007047476,-0.06913573955999999
27.09,-0.01086741,-0.01086741,-0.1066092921
27.1,-0.01617198,-0.01617198,-0.1586471238
27.11,-0.02242554,-0.02242554,-0.21999454740000002
27.12,-0.02858787,-0.02858787,-0.2804470047
27.13,-0.03315016,-0.03315016,-0.3252030696
27.14,-0.03473545,-0.03473545,-0.34075476450000003
27.150000000000002,-0.03265634,-0.03265634,-0.3203586954
27.16,-0.02709187,-0.02709187,-0.2657712447
27.17,-0.01888092,-0.01888092,-0.1852218252
27.18,-0.009099217,-0.009099217,-0.08926331877
27.19,0.0012994,0.0012994,0.012747114
27.2,0.01167855,0.01167855,0.1145665755
27.21,0.02176465,0.02176465,0.21351121650000002
27.22,0.03152689,0.03152689,0.30927879090000004
27.23,0.04054057,0.04054057,0.3977029917
27.240000000000002,0.04754835,0.04754835,0.4664493135000001
27.25,0.05107643,0.05107643,0.5010597783
27.26,0.05019585,0.05019585,0.49242128850000005
27.27,0.04487286,0.04487286,0.4402027566
27.28,0.03589934,0.03589934,0.35217252540000005
27.29,0.02460219,0.02460219,0.24134748390000002
27.3,0.01264062,0.01264062,0.1240044822
27.310000000000002,0.002000579,0.002000579,0.019625679990000002
27.32,-0.005396122,-0.005396122,-0.05293595682
27.330000000000002,-0.008383976,-0.008383976,-0.08224680456
27.34,-0.006944624,-0.006944624,-0.06812676144
27.35,-0.002075284,-0.002075284,-0.020358536040000003
27.36,0.004713359,0.004713359,0.046238051790000005
27.37,0.0119561,0.0119561,0.11728934100000002
27.38,0.01863602,0.01863602,0.1828193562
27.39,0.02435489,0.02435489,0.23892147090000002
27.400000000000002,0.02925738,0.02925738,0.2870148978
27.41,0.03374611,0.03374611,0.33104933910000006
27.42,0.0380524,0.0380524,0.37329404400000005
27.43,0.04199856,0.04199856,0.4120058736
27.44,0.04497068,0.04497068,0.44116237080000004
27.45,0.04622558,0.04622558,0.45347293980000003
27.46,0.04528053,0.04528053,0.44420199930000004
27.47,0.04211263,0.04211263,0.4131249003
27.48,0.03713625,0.03713625,0.36430661250000007
27.490000000000002,0.03107873,0.03107873,0.3048823413
27.5,0.02478812,0.02478812,0.24317145720000002
27.51,0.0189792,0.0189792,0.18618595200000002
27.52,0.0142013,0.0142013,0.139314753
27.53,0.0110402,0.0110402,0.108304362
27.54,0.00996701,0.00996701,0.09777636810000001
27.55,0.01098833,0.01098833,0.1077955173
27.560000000000002,0.01358836,0.01358836,0.13330181160000001
27.57,0.01697731,0.01697731,0.1665474111
27.580000000000002,0.02036838,0.02036838,0.1998138078
27.59,0.02302389,0.02302389,0.22586436090000003
27.6,0.02430559,0.02430559,0.2384378379
27.61,0.02386259,0.02386259,0.2340920079
27.62,0.02172955,0.02172955,0.21316688550000001
27.63,0.01837094,0.01837094,0.1802189214
27.64,0.0148008,0.0148008,0.145195848
27.650000000000002,0.01226527,0.01226527,0.12032229870000001
27.66,0.01163736,0.01163736,0.1141625016
27.67,0.01310189,0.01310189,0.12852954090000002
27.68,0.01623372,0.01623372,0.15925279320000002
27.69,0.02028533,0.02028533,0.19899908730000002
27.7,0.02452812,0.02452812,0.2406208572
27.71,0.02848607,0.02848607,0.2794483467
27.72,0.03184476,0.03184476,0.3123970956
27.73,0.0342483,0.0342483,0.33597582300000006
27.740000000000002,0.03538271,0.03538271,0.34710438509999997
27.75,0.03512875,0.03512875,0.3446130375
27.76,0.03361918,0.03361918,0.3298041558
27.77,0.03122026,0.03122026,0.30627075060000003
27.78,0.02843064,0.02843064,0.2789045784
27.79,0.02571391,0.02571391,0.2522534571
27.8,0.0233696,0.0233696,0.22925577600000002
27.810000000000002,0.02149047,0.02149047,0.21082151070000002
27.82,0.01999685,0.01999685,0.1961690985
27.830000000000002,0.01871564,0.01871564,0.1836004284
27.84,0.01746402,0.01746402,0.1713220362
27.85,0.01611669,0.01611669,0.1581047289
27.86,0.01465753,0.01465753,0.1437903693
27.87,0.01317638,0.01317638,0.1292602878
27.88,0.01180428,0.01180428,0.1157999868
27.89,0.0106458,0.0106458,0.10443529800000001
27.900000000000002,0.009724385,0.009724385,0.09539621685
27.91,0.008934958,0.008934958,0.08765193798
27.92,0.008084091,0.008084091,0.07930493271
27.93,0.006987248,0.006987248,0.06854490288
27.94,0.00556387,0.00556387,0.05458156470000001
27.95,0.00388156,0.00388156,0.0380781036
27.96,0.002104577,0.002104577,0.02064590037
27.97,0.0004086938,0.0004086938,0.004009286178
27.98,-0.001076969,-0.001076969,-0.010565065890000001
27.990000000000002,-0.002196742,-0.002196742,-0.021550039019999998
28.0,-0.002672004,-0.002672004,-0.02621235924
28.01,-0.002214714,-0.002214714,-0.021726344340000002
28.02,-0.0006801191,-0.0006801191,-0.006671968371
28.03,0.001873032,0.001873032,0.01837444392
28.04,0.005220387,0.005220387,0.05121199647
28.05,0.00905895,0.00905895,0.0888682995
28.060000000000002,0.01309683,0.01309683,0.1284799023
28.07,0.01703487,0.01703487,0.1671120747
28.080000000000002,0.02036426,0.02036426,0.1997733906
28.09,0.02246126,0.02246126,0.2203449606
28.1,0.02293641,0.02293641,0.2250061821
28.11,0.02184219,0.02184219,0.21427188390000002
28.12,0.01960101,0.01960101,0.19228590809999999
28.13,0.01679582,0.01679582,0.16476699420000002
28.14,0.01394829,0.01394829,0.1368327249
28.150000000000002,0.01136566,0.01136566,0.1114971246
28.16,0.009113579,0.009113579,0.08940420999000001
28.17,0.007083153,0.007083153,0.06948573093
28.18,0.00509251,0.00509251,0.0499575231
28.19,0.002997032,0.002997032,0.029400883920000002
28.2,0.0009387449,0.0009387449,0.009209087469000002
28.21,-0.0005249059,-0.0005249059,-0.005149326879
28.22,-0.0007140596,-0.0007140596,-0.007004924676
28.23,0.0008208372,0.0008208372,0.008052412932
28.240000000000002,0.004122748,0.004122748,0.04044415788
28.25,0.008857957,0.008857957,0.08689655817
28.26,0.01436438,0.01436438,0.1409145678
28.27,0.01945829,0.01945829,0.1908858249
28.28,0.02267862,0.02267862,0.2224772622
28.29,0.0228917,0.0228917,0.22456757700000002
28.3,0.01964511,0.01964511,0.1927185291
28.310000000000002,0.0132088,0.0132088,0.129578328
28.32,0.004407851,0.004407851,0.043241018310000004
28.330000000000002,-0.005368645,-0.005368645,-0.05266640745
28.34,-0.01408381,-0.01408381,-0.1381621761
28.35,-0.01973234,-0.01973234,-0.1935742554
28.36,-0.02112392,-0.02112392,-0.20722565520000003
28.37,-0.01826119,-0.01826119,-0.1791422739
28.38,-0.01221994,-0.01221994,-0.11987761140000001
28.39,-0.004606055,-0.004606055,-0.045185399550000005
28.400000000000002,0.003061001,0.003061001,0.03002841981
28.41,0.009775436,0.009775436,0.09589702716000001
28.42,0.0151983,0.0151983,0.149095323
28.43,0.01959365,0.01959365,0.19221370650000003
28.44,0.02340767,0.02340767,0.22962924269999999
28.45,0.02664713,0.02664713,0.2614083453
28.46,0.02887046,0.02887046,0.28321921260000005
28.47,0.02949302,0.02949302,0.28932652620000004
28.48,0.02800654,0.02800654,0.2747441574
28.490000000000002,0.02418857,0.02418857,0.23728987170000002
28.5,0.01820971,0.01820971,0.1786372551
28.51,0.01063409,0.01063409,0.10432042290000001
28.52,0.002325278,0.002325278,0.02281097718
28.53,-0.005833297,-0.005833297,-0.057224643570000004
28.54,-0.01321392,-0.01321392,-0.12962855520000002
28.55,-0.019542,-0.019542,-0.19170702
28.560000000000002,-0.0245486,-0.0245486,-0.24082176600000002
28.57,-0.02764582,-0.02764582,-0.2712054942
28.580000000000002,-0.02823669,-0.02823669,-0.27700192889999997
28.59,-0.02622007,-0.02622007,-0.25721888670000004
28.6,-0.02213911,-0.02213911,-0.2171846691
28.61,-0.01691904,-0.01691904,-0.1659757824
28.62,-0.01149979,-0.01149979,-0.11281293989999999
28.63,-0.006573848,-0.006573848,-0.06448944888000001
28.64,-0.002515124,-0.002515124,-0.024673366440000004
28.650000000000002,0.0006062347,0.0006062347,0.005947162407
28.66,0.002950983,0.002950983,0.028949143230000002
28.67,0.004691143,0.004691143,0.04602011283
28.68,0.005794681,0.005794681,0.05684582061000001
28.69,0.00609078,0.00609078,0.0597505518
28.7,0.005433147,0.005433147,0.053299172070000005
28.71,0.003818338,0.003818338,0.03745789578
28.72,0.001581009,0.001581009,0.01550969829
28.73,-0.0004602136,-0.0004602136,-0.004514695416
28.740000000000002,-0.001357491,-0.001357491,-0.013316986710000001
28.75,-0.0004589452,-0.0004589452,-0.004502252412
28.76,0.002365756,0.002365756,0.02320806636
28.77,0.006665027,0.006665027,0.06538391487
28.78,0.01156535,0.01156535,0.11345608350000001
28.79,0.0159487,0.0159487,0.156456747
28.8,0.01867066,0.01867066,0.1831591746
28.810000000000002,0.01886304,0.01886304,0.18504642240000002
28.82,0.01619441,0.01619441,0.15886716210000001
28.830000000000002,0.01093262,0.01093262,0.10724900220000001
28.84,0.003785313,0.003785313,0.03713392053
28.85,-0.004349728,-0.004349728,-0.04267083168
28.86,-0.0125288,-0.0125288,-0.122907528
28.87,-0.01992481,-0.01992481,-0.19546238610000002
28.88,-0.02588469,-0.02588469,-0.2539288089
28.89,-0.02987194,-0.02987194,-0.2930437314
28.900000000000002,-0.03157114,-0.03157114,-0.30971288339999997
28.91,-0.03090862,-0.03090862,-0.3032135622
28.92,-0.02805523,-0.02805523,-0.27522180630000004
28.93,-0.02340851,-0.02340851,-0.2296374831
28.94,-0.01750294,-0.01750294,-0.17170384140000003
28.95,-0.01088241,-0.01088241,-0.10675644210000002
28.96,-0.003988689,-0.003988689,-0.039129039090000005
28.97,0.002877399,0.002877399,0.028227284190000004
28.98,0.009455215,0.009455215,0.09275565915
28.990000000000002,0.01540489,0.01540489,0.1511219709
29.0,0.02016554,0.02016554,0.1978239474
29.01,0.02312428,0.02312428,0.22684918680000002
29.02,0.02393777,0.02393777,0.23482952370000001
29.03,0.02268237,0.02268237,0.22251404970000002
29.04,0.0198024,0.0198024,0.19426154400000004
29.05,0.01593641,0.01593641,0.15633618210000003
29.060000000000002,0.01171148,0.01171148,0.11488961880000001
29.07,0.007587041,0.007587041,0.07442887221000001
29.080000000000002,0.003788411,0.003788411,0.037164311910000004
29.09,0.000326303,0.000326303,0.0032010324300000004
29.1,-0.002926923,-0.002926923,-0.02871311463
29.11,-0.006144241,-0.006144241,-0.060275004210000004
29.12,-0.009467024,-0.009467024,-0.09287150544
29.13,-0.01296237,-0.01296237,-0.12716084970000002
29.14,-0.01661737,-0.01661737,-0.1630163997
29.150000000000002,-0.02032549,-0.02032549,-0.19939305690000003
29.16,-0.02370954,-0.02370954,-0.23259058740000002
29.17,-0.02612396,-0.02612396,-0.25627604760000006
29.18,-0.0269722,-0.0269722,-0.26459728200000004
29.19,-0.02598633,-0.02598633,-0.2549258973
29.2,-0.02331108,-0.02331108,-0.22868169480000003
29.21,-0.01940498,-0.01940498,-0.1903628538
29.22,-0.01485118,-0.01485118,-0.1456900758
29.23,-0.01017121,-0.01017121,-0.0997795701
29.240000000000002,-0.005708782,-0.005708782,-0.05600315142
29.25,-0.001632392,-0.001632392,-0.01601376552
29.26,0.00200317,0.00200317,0.019651097699999998
29.27,0.005228881,0.005228881,0.051295322610000006
29.28,0.008122468,0.008122468,0.07968141108000001
29.29,0.01060305,0.01060305,0.1040159205
29.3,0.01224651,0.01224651,0.1201382631
29.310000000000002,0.01250515,0.01250515,0.1226755215
29.32,0.01101899,0.01101899,0.1080962919
29.330000000000002,0.007778615,0.007778615,0.07630821315
29.34,0.003148876,0.003148876,0.030890473560000003
29.35,-0.002032029,-0.002032029,-0.01993420449
29.36,-0.006591706,-0.006591706,-0.06466463586
29.37,-0.009493292,-0.009493292,-0.09312919452000001
29.38,-0.01020734,-0.01020734,-0.1001340054
29.39,-0.008829043,-0.008829043,-0.08661291183
29.400000000000002,-0.006048292,-0.006048292,-0.05933374452
29.41,-0.002904135,-0.002904135,-0.02848956435
29.42,-0.0003709933,-0.0003709933,-0.003639444273
29.43,0.0009553688,0.0009553688,0.009372167928
29.44,0.0009601277,0.0009601277,0.009418852737000001
29.45,-0.0001112016,-0.0001112016,-0.001090887696
29.46,-0.002004146,-0.002004146,-0.01966067226
29.47,-0.004651273,-0.004651273,-0.045628988130000006
29.48,-0.008076194,-0.008076194,-0.07922746314000001
29.490000000000002,-0.01216477,-0.01216477,-0.1193363937
29.5,-0.01659528,-0.01659528,-0.1627996968
29.51,-0.02097288,-0.02097288,-0.2057439528
29.52,-0.02496356,-0.02496356,-0.2448925236
29.53,-0.02813085,-0.02813085,-0.2759636385
29.54,-0.02972255,-0.02972255,-0.2915782155
29.55,-0.02897384,-0.02897384,-0.2842333704
29.560000000000002,-0.02551616,-0.02551616,-0.25031352960000003
29.57,-0.01955619,-0.01955619,-0.19184622390000003
29.580000000000002,-0.01184527,-0.01184527,-0.1162020987
29.59,-0.00359435,-0.00359435,-0.0352605735
29.6,0.003774349,0.003774349,0.03702636369
29.61,0.008908335,0.008908335,0.08739076635000001
29.62,0.01092611,0.01092611,0.1071851391
29.63,0.009618567,0.009618567,0.09435814227
29.64,0.00540507,0.00540507,0.0530237367
29.650000000000002,-0.0008381232,-0.0008381232,-0.008221988592
29.66,-0.008024434,-0.008024434,-0.07871969754000001
29.67,-0.01517813,-0.01517813,-0.1488974553
29.68,-0.02167684,-0.02167684,-0.2126498004
29.69,-0.02732508,-0.02732508,-0.26805903480000004
29.7,-0.03223914,-0.03223914,-0.3162659634
29.71,-0.03658376,-0.03658376,-0.35888668560000003
29.72,-0.04042313,-0.04042313,-0.39655090530000003
29.73,-0.04359632,-0.04359632,-0.42767989920000005
29.740000000000002,-0.04571404,-0.04571404,-0.4484547324
29.75,-0.04639242,-0.04639242,-0.4551096402
29.76,-0.04546547,-0.04546547,-0.44601626070000006
29.77,-0.04306241,-0.04306241,-0.42244224210000003
29.78,-0.03955019,-0.03955019,-0.3879873639
29.79,-0.03539985,-0.03539985,-0.3472725285
29.8,-0.03104773,-0.03104773,-0.3045782313
29.810000000000002,-0.02680036,-0.02680036,-0.2629115316
29.82,-0.02281776,-0.02281776,-0.2238422256
29.830000000000002,-0.01913822,-0.01913822,-0.18774593820000002
29.84,-0.01571078,-0.01571078,-0.1541227518
29.85,-0.01243767,-0.01243767,-0.1220135427
29.86,-0.009217075,-0.009217075,-0.09041950575
29.87,-0.005981455,-0.005981455,-0.05867807355
29.88,-0.002776926,-0.002776926,-0.02724164406
29.89,0.0002015879,0.0002015879,0.001977577299
29.900000000000002,0.002725393,0.002725393,0.026736105330000003
29.91,0.004667612,0.004667612,0.04578927372
29.92,0.006052428,0.006052428,0.05937431868
29.93,0.007024842,0.007024842,0.06891370002
29.94,0.007784666,0.007784666,0.07636757346
29.95,0.008541093,0.008541093,0.08378812233
29.96,0.009504046,0.009504046,0.09323469126
29.97,0.010831,0.010831,0.10625211000000001
29.98,0.01252651,0.01252651,0.1228850631
29.990000000000002,0.01440354,0.01440354,0.1412987274
30.0,0.01618544,0.01618544,0.1587791664
30.01,0.01763668,0.01763668,0.1730158308
30.02,0.01864382,0.01864382,0.1828958742
30.03,0.01923678,0.01923678,0.1887128118
30.04,0.01956379,0.01956379,0.19192077990000003
30.05,0.01966891,0.01966891,0.19295200710000002
30.060000000000002,0.0192631,0.0192631,0.188971011
30.07,0.01788551,0.01788551,0.1754568531
30.080000000000002,0.01518019,0.01518019,0.1489176639
30.09,0.01107351,0.01107351,0.1086311331
30.1,0.005821593,0.005821593,0.05710982733
30.11,-9.618123e-05,-9.618123e-05,-0.0009435378663
30.12,-0.006165556,-0.006165556,-0.060484104360000006
30.13,-0.0119973,-0.0119973,-0.11769351300000001
30.14,-0.01738195,-0.01738195,-0.1705169295
30.150000000000002,-0.02211078,-0.02211078,-0.21690675180000002
30.16,-0.02584739,-0.02584739,-0.25356289590000003
30.17,-0.02828258,-0.02828258,-0.2774521098
30.18,-0.02930529,-0.02930529,-0.2874848949
30.19,-0.02907945,-0.02907945,-0.2852694045
30.2,-0.02809664,-0.02809664,-0.2756280384
30.21,-0.02705388,-0.02705388,-0.2653985628
30.22,-0.02658337,-0.02658337,-0.2607828597
30.23,-0.02704863,-0.02704863,-0.2653470603
30.240000000000002,-0.02848583,-0.02848583,-0.2794459923
30.25,-0.03065457,-0.03065457,-0.3007213317
30.26,-0.03299878,-0.03299878,-0.32371803180000003
30.27,-0.03467889,-0.03467889,-0.3401999109
30.28,-0.03488519,-0.03488519,-0.34222371390000006
30.29,-0.03310799,-0.03310799,-0.3247893819
30.3,-0.02935924,-0.02935924,-0.2880141444
30.310000000000002,-0.02418904,-0.02418904,-0.2372944824
30.32,-0.01841651,-0.01841651,-0.18066596310000002
30.330000000000002,-0.0128036,-0.0128036,-0.12560331600000002
30.34,-0.00780227,-0.00780227,-0.07654026870000001
30.35,-0.003436935,-0.003436935,-0.03371633235
30.36,0.0005915981,0.0005915981,0.005803577361
30.37,0.004694231,0.004694231,0.046050406110000004
30.38,0.009204668,0.009204668,0.09029779308
30.39,0.01427524,0.01427524,0.1400401044
30.400000000000002,0.0198042,0.0198042,0.194279202
30.41,0.02528339,0.02528339,0.24803005590000002
30.42,0.02993466,0.02993466,0.2936590146
30.43,0.03307488,0.03307488,0.3244645728
30.44,0.03431838,0.03431838,0.33666330780000003
30.45,0.03361223,0.03361223,0.3297359763
30.46,0.03121871,0.03121871,0.3062555451
30.47,0.02761637,0.02761637,0.27091658970000004
30.48,0.02334822,0.02334822,0.2290460382
30.490000000000002,0.01888033,0.01888033,0.18521603730000002
30.5,0.0145569,0.0145569,0.142803189
30.51,0.01067246,0.01067246,0.10469683260000001
30.52,0.007454255,0.007454255,0.07312624155
30.53,0.00499349,0.00499349,0.0489861369
30.54,0.003218621,0.003218621,0.03157467201
30.55,0.001907849,0.001907849,0.018715998690000003
30.560000000000002,0.000765973,0.000765973,0.00751419513
30.57,-0.0004686999,-0.0004686999,-0.004597946019
30.580000000000002,-0.001952304,-0.001952304,-0.01915210224
30.59,-0.003717133,-0.003717133,-0.036465074730000005
30.6,-0.005698632,-0.005698632,-0.05590357992000001
30.61,-0.007774271,-0.007774271,-0.07626559851
30.62,-0.009783464,-0.009783464,-0.09597578184000001
30.63,-0.01157332,-0.01157332,-0.11353426920000001
30.64,-0.01301908,-0.01301908,-0.1277171748
30.650000000000002,-0.01395379,-0.01395379,-0.1368866799
30.66,-0.01419412,-0.01419412,-0.1392443172
30.67,-0.01363813,-0.01363813,-0.13379005530000002
30.68,-0.01231961,-0.01231961,-0.12085537410000001
30.69,-0.01038917,-0.01038917,-0.1019177577
30.7,-0.00804441,-0.00804441,-0.0789156621
30.71,-0.005469262,-0.005469262,-0.053653460220000004
30.72,-0.002800346,-0.002800346,-0.02747139426
30.73,-0.0001166317,-0.0001166317,-0.0011441569770000001
30.740000000000002,0.002555345,0.002555345,0.025067934450000003
30.75,0.005223424,0.005223424,0.051241789440000005
30.76,0.00790922,0.00790922,0.07758944820000001
30.77,0.01063082,0.01063082,0.1042883442
30.78,0.01338868,0.01338868,0.1313429508
30.79,0.01616386,0.01616386,0.15856746659999998
30.8,0.01892844,0.01892844,0.18568799640000003
30.810000000000002,0.02165864,0.02165864,0.2124712584
30.82,0.02434282,0.02434282,0.23880306420000003
30.830000000000002,0.02697986,0.02697986,0.2646724266
30.84,0.02953536,0.02953536,0.28974188160000003
30.85,0.03190077,0.03190077,0.3129465537
30.86,0.03394437,0.03394437,0.3329942697
30.87,0.0355277,0.0355277,0.34852673700000003
30.88,0.03628708,0.03628708,0.3559762548
30.89,0.03563946,0.03563946,0.3496231026
30.900000000000002,0.03309756,0.03309756,0.3246870636
30.91,0.02852873,0.02852873,0.2798668413
30.92,0.02222345,0.02222345,0.2180120445
30.93,0.01476408,0.01476408,0.1448356248
30.94,0.006805442,0.006805442,0.06676138602000001
30.95,-0.001118942,-0.001118942,-0.01097682102
30.96,-0.00869267,-0.00869267,-0.0852750927
30.970000000000002,-0.01579304,-0.01579304,-0.15492972240000003
30.98,-0.022249,-0.022249,-0.21826269000000004
30.990000000000002,-0.02754874,-0.02754874,-0.2702531394
31.0,-0.03108504,-0.03108504,-0.3049442424
31.01,-0.03252316,-0.03252316,-0.31905219960000003
31.02,-0.03195115,-0.03195115,-0.3134407815
31.03,-0.02981701,-0.02981701,-0.29250486810000004
31.04,-0.026746,-0.026746,-0.26237826000000003
31.05,-0.02334088,-0.02334088,-0.22897403280000003
31.060000000000002,-0.02003648,-0.02003648,-0.1965578688
31.07,-0.01704038,-0.01704038,-0.1671661278
31.080000000000002,-0.01435666,-0.01435666,-0.14083883460000002
31.09,-0.01186155,-0.01186155,-0.11636180550000001
31.1,-0.009440561,-0.009440561,-0.09261190341
31.11,-0.007188794,-0.007188794,-0.07052206914
31.12,-0.005394177,-0.005394177,-0.052916876370000004
31.13,-0.004354171,-0.004354171,-0.042714417510000005
31.14,-0.004199251,-0.004199251,-0.04119465231
31.150000000000002,-0.004726894,-0.004726894,-0.04637083014
31.16,-0.005442097,-0.005442097,-0.053386971570000004
31.17,-0.005795627,-0.005795627,-0.05685510087000001
31.18,-0.005402069,-0.005402069,-0.05299429689
31.19,-0.004140485,-0.004140485,-0.04061815785
31.2,-0.002135957,-0.002135957,-0.02095373817
31.21,0.0003046823,0.0003046823,0.0029889333630000003
31.220000000000002,0.002703463,0.002703463,0.026520972030000003
31.23,0.004532812,0.004532812,0.04446688572
31.240000000000002,0.005417462,0.005417462,0.053145302219999996
31.25,0.005250732,0.005250732,0.05150968092
31.26,0.004185475,0.004185475,0.04105950975
31.27,0.00255209,0.00255209,0.0250360029
31.28,0.0008495549,0.0008495549,0.008334133569
31.29,-0.0003170406,-0.0003170406,-0.003110168286
31.3,-0.0004580114,-0.0004580114,-0.004493091834
31.310000000000002,0.0006081185,0.0006081185,0.005965642485
31.32,0.002664096,0.002664096,0.02613478176
31.330000000000002,0.00521153,0.00521153,0.0511251093
31.34,0.00770454,0.00770454,0.07558153740000001
31.35,0.009745336,0.009745336,0.09560174616
31.36,0.01117458,0.01117458,0.10962262980000001
31.37,0.01205726,0.01205726,0.11828172060000001
31.38,0.01259129,0.01259129,0.12352055490000001
31.39,0.01291645,0.01291645,0.1267103745
31.400000000000002,0.01297727,0.01297727,0.12730701870000002
31.41,0.01259787,0.01259787,0.12358510470000002
31.42,0.01161784,0.01161784,0.11397101040000002
31.43,0.009982182,0.009982182,0.09792520542
31.44,0.007762368,0.007762368,0.07614883008000001
31.45,0.005125246,0.005125246,0.05027866326
31.46,0.002320254,0.002320254,0.02276169174
31.470000000000002,-0.0003207587,-0.0003207587,-0.0031466428470000004
31.48,-0.002487317,-0.002487317,-0.024400579770000003
31.490000000000002,-0.004002652,-0.004002652,-0.03926601612
31.5,-0.004870421,-0.004870421,-0.04777883001
31.51,-0.005292213,-0.005292213,-0.05191660953
31.52,-0.00562372,-0.00562372,-0.0551686932
31.53,-0.006228795,-0.006228795,-0.06110447895
31.54,-0.007346327,-0.007346327,-0.07206746787
31.55,-0.009034091,-0.009034091,-0.08862443270999999
31.560000000000002,-0.01119068,-0.01119068,-0.1097805708
31.57,-0.01362513,-0.01362513,-0.1336625253
31.580000000000002,-0.01613685,-0.01613685,-0.15830249850000003
31.59,-0.01857706,-0.01857706,-0.1822409586
31.6,-0.02086166,-0.02086166,-0.20465288460000003
31.61,-0.02282152,-0.02282152,-0.22387911120000004
31.62,-0.02408886,-0.02408886,-0.23631171660000003
31.63,-0.02426803,-0.02426803,-0.2380693743
31.64,-0.02314126,-0.02314126,-0.2270157606
31.650000000000002,-0.02075618,-0.02075618,-0.2036181258
31.66,-0.01738757,-0.01738757,-0.17057206170000003
31.67,-0.01343609,-0.01343609,-0.1318080429
31.68,-0.009448729,-0.009448729,-0.09269203149
31.69,-0.006154837,-0.006154837,-0.060378950970000005
31.7,-0.004219894,-0.004219894,-0.04139716014
31.71,-0.003986096,-0.003986096,-0.03910360176
31.720000000000002,-0.005386093,-0.005386093,-0.05283757233
31.73,-0.008026997,-0.008026997,-0.07874484057
31.740000000000002,-0.01136762,-0.01136762,-0.1115163522
31.75,-0.01485835,-0.01485835,-0.1457604135
31.76,-0.01787251,-0.01787251,-0.17532932310000002
31.77,-0.01976329,-0.01976329,-0.1938778749
31.78,-0.02010097,-0.02010097,-0.1971905157
31.79,-0.01881701,-0.01881701,-0.1845948681
31.8,-0.01618301,-0.01618301,-0.1587553281
31.810000000000002,-0.01267217,-0.01267217,-0.1243139877
31.82,-0.008785963,-0.008785963,-0.08619029703000002
31.830000000000002,-0.004925677,-0.004925677,-0.04832089137
31.84,-0.00143517,-0.00143517,-0.0140790177
31.85,0.001328457,0.001328457,0.01303216317
31.86,0.003097049,0.003097049,0.030382050690000002
31.87,0.003796051,0.003796051,0.03723926031
31.88,0.003574588,0.003574588,0.035066708280000004
31.89,0.002899678,0.002899678,0.028445841180000004
31.900000000000002,0.002551484,0.002551484,0.025030058040000004
31.91,0.003307939,0.003307939,0.03245088159
31.92,0.005634544,0.005634544,0.055274876640000005
31.93,0.009556253,0.009556253,0.09374684193
31.94,0.01456704,0.01456704,0.14290266240000002
31.95,0.01956209,0.01956209,0.1919041029
31.96,0.02331545,0.02331545,0.22872456450000003
31.970000000000002,0.02502474,0.02502474,0.24549269940000001
31.98,0.02447882,0.02447882,0.2401372242
31.990000000000002,0.02200207,0.02200207,0.21584030669999998
32.0,0.01824944,0.01824944,0.1790270064
32.01,0.0139486,0.0139486,0.136835766
32.02,0.009683869,0.009683869,0.09499875489
32.03,0.005779559,0.005779559,0.05669747379
32.04,0.002294947,0.002294947,0.02251343007
32.05,-0.0009003138,-0.0009003138,-0.008832078378
32.06,-0.004015774,-0.004015774,-0.03939474294
32.07,-0.007237333,-0.007237333,-0.07099823673000001
32.08,-0.01057074,-0.01057074,-0.10369895940000001
32.09,-0.01362864,-0.01362864,-0.1336969584
32.1,-0.01577869,-0.01577869,-0.15478894890000003
32.11,-0.01648448,-0.01648448,-0.1617127488
32.12,-0.01553846,-0.01553846,-0.15243229260000002
32.13,-0.01310623,-0.01310623,-0.1285721163
32.14,-0.009620735,-0.009620735,-0.09437941035000001
32.15,-0.005609039,-0.005609039,-0.05502467259
32.160000000000004,-0.001555442,-0.001555442,-0.015258886020000001
32.17,0.002111293,0.002111293,0.020711784330000003
32.18,0.005062395,0.005062395,0.04966209495
32.19,0.007153279,0.007153279,0.07017366699000001
32.2,0.00844415,0.00844415,0.08283711149999999
32.21,0.00914659,0.00914659,0.0897280479
32.22,0.009531355,0.009531355,0.09350259255
32.230000000000004,0.0098371,0.0098371,0.096501951
32.24,0.01019212,0.01019212,0.09998469720000001
32.25,0.01059205,0.01059205,0.10390801050000001
32.26,0.01094515,0.01094515,0.10737192150000001
32.27,0.01107917,0.01107917,0.1086866577
32.28,0.01073795,0.01073795,0.1053392895
32.29,0.009690331,0.009690331,0.09506214711000001
32.3,0.007838863,0.007838863,0.07689924603
32.31,0.005252829,0.005252829,0.05153025249
32.32,0.002128661,0.002128661,0.02088216441
32.33,-0.001286275,-0.001286275,-0.01261835775
32.34,-0.004769132,-0.004769132,-0.04678518492
32.35,-0.008102386,-0.008102386,-0.07948440666
32.36,-0.01090147,-0.01090147,-0.1069434207
32.37,-0.01267845,-0.01267845,-0.12437559450000002
32.38,-0.01307754,-0.01307754,-0.1282906674
32.39,-0.01202708,-0.01202708,-0.11798565480000002
32.4,-0.00974399,-0.00974399,-0.0955885419
32.410000000000004,-0.006629435,-0.006629435,-0.06503475735000001
32.42,-0.003124445,-0.003124445,-0.030650805450000002
32.43,0.000413278,0.000413278,0.0040542571800000005
32.44,0.003776028,0.003776028,0.03704283468
32.45,0.006893532,0.006893532,0.06762554892
32.46,0.009693457,0.009693457,0.09509281317000001
32.47,0.01202501,0.01202501,0.11796534809999999
32.480000000000004,0.01373663,0.01373663,0.1347563403
32.49,0.01476418,0.01476418,0.14483660580000002
32.5,0.01516281,0.01516281,0.14874716610000002
32.51,0.01508309,0.01508309,0.1479651129
32.52,0.01471764,0.01471764,0.14438004840000002
32.53,0.01423261,0.01423261,0.1396219041
32.54,0.01363543,0.01363543,0.13376356830000002
32.55,0.01272699,0.01272699,0.1248517719
32.56,0.01124076,0.01124076,0.11027185560000001
32.57,0.008997997,0.008997997,0.08827035057000002
32.58,0.005984537,0.005984537,0.05870830797
32.59,0.002341714,0.002341714,0.02297221434
32.6,-0.001693449,-0.001693449,-0.016612734690000002
32.61,-0.005756666,-0.005756666,-0.05647289346
32.62,-0.009242082,-0.009242082,-0.09066482442000001
32.63,-0.01149199,-0.01149199,-0.11273642190000001
32.64,-0.01208758,-0.01208758,-0.11857915980000001
32.65,-0.01099507,-0.01099507,-0.1078616367
32.660000000000004,-0.008530513,-0.008530513,-0.08368433253
32.67,-0.005206879,-0.005206879,-0.05107948299
32.68,-0.001578319,-0.001578319,-0.01548330939
32.69,0.001811804,0.001811804,0.01777379724
32.7,0.004518487,0.004518487,0.04432635747
32.71,0.006313129,0.006313129,0.061931795490000004
32.72,0.007218879,0.007218879,0.07081720299000001
32.730000000000004,0.007453194,0.007453194,0.07311583314
32.74,0.007319766,0.007319766,0.07180690446
32.75,0.007100231,0.007100231,0.06965326611
32.76,0.006970739,0.006970739,0.06838294959
32.77,0.006939746,0.006939746,0.06807890826
32.78,0.006876813,0.006876813,0.06746153553
32.79,0.006611343,0.006611343,0.06485727483
32.8,0.006031151,0.006031151,0.05916559131000001
32.81,0.005223482,0.005223482,0.05124235842
32.82,0.004530291,0.004530291,0.04444215471
32.83,0.004376016,0.004376016,0.04292871696
32.84,0.005066213,0.005066213,0.049699549530000005
32.85,0.006681805,0.006681805,0.06554850705
32.86,0.009085098,0.009085098,0.08912481138
32.87,0.0119983,0.0119983,0.117703323
32.88,0.01502598,0.01502598,0.1474048638
32.89,0.0176101,0.0176101,0.172755081
32.9,0.01919614,0.01919614,0.1883141334
32.910000000000004,0.01945585,0.01945585,0.19086188850000002
32.92,0.01838538,0.01838538,0.1803605778
32.93,0.01626015,0.01626015,0.15951207150000002
32.94,0.01350256,0.01350256,0.1324601136
32.95,0.01056274,0.01056274,0.10362047939999999
32.96,0.007870808,0.007870808,0.07721262648
32.97,0.005750667,0.005750667,0.056414043270000006
32.980000000000004,0.00433882,0.00433882,0.0425638242
32.99,0.003577187,0.003577187,0.03509220447
33.0,0.003271658,0.003271658,0.03209496498
33.01,0.003155769,0.003155769,0.030958093890000003
33.02,0.00293954,0.00293954,0.0288368874
33.03,0.002393337,0.002393337,0.02347863597
33.04,0.001414894,0.001414894,0.013880110140000002
33.05,6.494378e-05,6.494378e-05,0.0006370984818000001
33.06,-0.00145574,-0.00145574,-0.014280809400000002
33.07,-0.002904907,-0.002904907,-0.028497137670000002
33.08,-0.004097452,-0.004097452,-0.040196004119999997
33.09,-0.004968979,-0.004968979,-0.048745683990000004
33.1,-0.005628149,-0.005628149,-0.05521214169
33.11,-0.00631702,-0.00631702,-0.0619699662
33.12,-0.007287682,-0.007287682,-0.07149216042
33.13,-0.008698651,-0.008698651,-0.08533376631
33.14,-0.01056027,-0.01056027,-0.1035962487
33.15,-0.01261954,-0.01261954,-0.12379768740000001
33.160000000000004,-0.01433398,-0.01433398,-0.14061634380000002
33.17,-0.01511977,-0.01511977,-0.1483249437
33.18,-0.01461165,-0.01461165,-0.1433402865
33.19,-0.01277672,-0.01277672,-0.1253396232
33.2,-0.009875574,-0.009875574,-0.09687938094000001
33.21,-0.006331023,-0.006331023,-0.06210733563
33.22,-0.002614861,-0.002614861,-0.025651786410000002
33.230000000000004,0.0008050525,0.0008050525,0.007897565025
33.24,0.003573944,0.003573944,0.03506039064
33.25,0.005555873,0.005555873,0.05450311413
33.26,0.006871742,0.006871742,0.06741178902
33.27,0.00782029,0.00782029,0.0767170449
33.28,0.008735424,0.008735424,0.08569450944000001
33.29,0.009848005,0.009848005,0.09660892905
33.3,0.01116178,0.01116178,0.1094970618
33.31,0.01247379,0.01247379,0.1223678799
33.32,0.01351685,0.01351685,0.13260029850000002
33.33,0.01410454,0.01410454,0.13836553740000002
33.34,0.01422391,0.01422391,0.1395365571
33.35,0.01401857,0.01401857,0.1375221717
33.36,0.0137023,0.0137023,0.13441956300000002
33.37,0.0134356,0.0134356,0.13180323600000002
33.38,0.01317481,0.01317481,0.1292448861
33.39,0.01269455,0.01269455,0.12453353550000001
33.4,0.01173915,0.01173915,0.11516106150000001
33.410000000000004,0.01015209,0.01015209,0.09959200290000002
33.42,0.007929706,0.007929706,0.07779041586
33.43,0.005202063,0.005202063,0.05103223803
33.44,0.002171216,0.002171216,0.02129962896
33.45,-0.0009596388,-0.0009596388,-0.009414056628000001
33.46,-0.004040652,-0.004040652,-0.03963879612
33.47,-0.006999317,-0.006999317,-0.06866329977
33.480000000000004,-0.009834903,-0.009834903,-0.09648039843000002
33.49,-0.01258527,-0.01258527,-0.12346149870000002
33.5,-0.01524854,-0.01524854,-0.1495881774
33.51,-0.01774984,-0.01774984,-0.1741259304
33.52,-0.01999132,-0.01999132,-0.1961148492
33.53,-0.02188682,-0.02188682,-0.21470970420000002
33.54,-0.02331131,-0.02331131,-0.2286839511
33.55,-0.0241107,-0.0241107,-0.236525967
33.56,-0.02415923,-0.02415923,-0.23700204630000002
33.57,-0.02340258,-0.02340258,-0.2295793098
33.58,-0.02189271,-0.02189271,-0.21476748510000002
33.59,-0.01978108,-0.01978108,-0.1940523948
33.6,-0.01727442,-0.01727442,-0.1694620602
33.61,-0.01457947,-0.01457947,-0.1430246007
33.62,-0.0118845,-0.0118845,-0.116586945
33.63,-0.009380387,-0.009380387,-0.09202159647000001
33.64,-0.007225623,-0.007225623,-0.07088336163
33.65,-0.00549574,-0.00549574,-0.0539132094
33.660000000000004,-0.00419407,-0.00419407,-0.041143826700000004
33.67,-0.003328809,-0.003328809,-0.03265561629
33.68,-0.002922576,-0.002922576,-0.02867047056
33.69,-0.002973995,-0.002973995,-0.029174890950000004
33.7,-0.003432818,-0.003432818,-0.03367594458
33.71,-0.004164494,-0.004164494,-0.040853686140000005
33.72,-0.00489015,-0.00489015,-0.047972371500000006
33.730000000000004,-0.00526625,-0.00526625,-0.051661912500000004
33.74,-0.005030474,-0.005030474,-0.049348949940000005
33.75,-0.004090573,-0.004090573,-0.040128521130000004
33.76,-0.002528273,-0.002528273,-0.024802358130000004
33.77,-0.0005411132,-0.0005411132,-0.005308320492000001
33.78,0.001640282,0.001640282,0.01609116642
33.79,0.003823842,0.003823842,0.03751189002
33.8,0.005896289,0.005896289,0.057842595090000004
33.81,0.007806037,0.007806037,0.07657722297000001
33.82,0.009470767,0.009470767,0.09290822427
33.83,0.01075642,0.01075642,0.1055204802
33.84,0.01148574,0.01148574,0.1126751094
33.85,0.01145739,0.01145739,0.1123969959
33.86,0.01054168,0.01054168,0.1034138808
33.87,0.008750894,0.008750894,0.08584627014000001
33.88,0.006238812,0.006238812,0.06120274572
33.89,0.003245517,0.003245517,0.03183852177
33.9,2.230303e-05,2.230303e-05,0.00021879272429999998
33.910000000000004,-0.003225504,-0.003225504,-0.031642194240000004
33.92,-0.006262599,-0.006262599,-0.06143609619
33.93,-0.008690386,-0.008690386,-0.08525268666000001
33.94,-0.01008,-0.01008,-0.09888480000000001
33.95,-0.01017725,-0.01017725,-0.09983882250000001
33.96,-0.008999687,-0.008999687,-0.08828692947
33.97,-0.006806586,-0.006806586,-0.06677260866
33.980000000000004,-0.004021103,-0.004021103,-0.03944702043
33.99,-0.001156763,-0.001156763,-0.011347845030000001
34.0,0.001303217,0.001303217,0.012784558770000001
34.01,0.003015903,0.003015903,0.02958600843
34.02,0.003849395,0.003849395,0.03776256495
34.03,0.00385583,0.00385583,0.037825692300000005
34.04,0.00320157,0.00320157,0.031407401700000004
34.05,0.002103716,0.002103716,0.02063745396
34.06,0.0007715193,0.0007715193,0.0075686043330000004
34.07,-0.0006266219,-0.0006266219,-0.006147160839000001
34.08,-0.00188365,-0.00188365,-0.0184786065
34.09,-0.002689675,-0.002689675,-0.02638571175
34.1,-0.002748847,-0.002748847,-0.02696618907
34.11,-0.001911049,-0.001911049,-0.01874739069
34.12,-0.0002195318,-0.0002195318,-0.0021536069580000003
34.13,0.002126279,0.002126279,0.02085879699
34.14,0.004854678,0.004854678,0.04762439118
34.15,0.007709511,0.007709511,0.07563030291
34.160000000000004,0.01051135,0.01051135,0.1031163435
34.17,0.01317671,0.01317671,0.1292635251
34.18,0.01563407,0.01563407,0.1533702267
34.19,0.01767652,0.01767652,0.1734066612
34.2,0.01902204,0.01902204,0.18660621240000003
34.21,0.01946835,0.01946835,0.1909845135
34.22,0.01898691,0.01898691,0.18626158710000001
34.230000000000004,0.0177248,0.0177248,0.173880288
34.24,0.01594922,0.01594922,0.1564618482
34.25,0.0139717,0.0139717,0.137062377
34.26,0.01205855,0.01205855,0.1182943755
34.27,0.01036831,0.01036831,0.10171312110000001
34.28,0.008935599,0.008935599,0.08765822619000001
34.29,0.007679329,0.007679329,0.07533421749000001
34.300000000000004,0.006444153,0.006444153,0.06321714093
34.31,0.005074461,0.005074461,0.04978046241
34.32,0.003473646,0.003473646,0.03407646726
34.33,0.001626197,0.001626197,0.01595299257
34.34,-0.0004149927,-0.0004149927,-0.004071078387
34.35,-0.002549851,-0.002549851,-0.025014038310000004
34.36,-0.004627615,-0.004627615,-0.04539690315
34.37,-0.006482247,-0.006482247,-0.06359084307
34.38,-0.007998229,-0.007998229,-0.07846262649
34.39,-0.009148474,-0.009148474,-0.08974652994
34.4,-0.009990642,-0.009990642,-0.09800819801999999
34.410000000000004,-0.01063538,-0.01063538,-0.10433307780000001
34.42,-0.01120794,-0.01120794,-0.1099498914
34.43,-0.0118114,-0.0118114,-0.115869834
34.44,-0.01250071,-0.01250071,-0.1226319651
34.45,-0.01324027,-0.01324027,-0.1298870487
34.46,-0.01386788,-0.01386788,-0.1360439028
34.47,-0.01412907,-0.01412907,-0.1386061767
34.480000000000004,-0.0137853,-0.0137853,-0.13523379300000002
34.49,-0.01271992,-0.01271992,-0.1247824152
34.5,-0.01097471,-0.01097471,-0.10766190510000001
34.51,-0.008717693,-0.008717693,-0.08552056833
34.52,-0.006173664,-0.006173664,-0.06056364384
34.53,-0.003561614,-0.003561614,-0.03493943334
34.54,-0.001079054,-0.001079054,-0.010585519740000002
34.550000000000004,0.001123393,0.001123393,0.011020485330000001
34.56,0.002978013,0.002978013,0.02921430753
34.57,0.004507082,0.004507082,0.044214474420000004
34.58,0.005798665,0.005798665,0.05688490365
34.59,0.006965402,0.006965402,0.06833059362
34.6,0.008092959,0.008092959,0.07939192779000001
34.61,0.009194635,0.009194635,0.09019936935
34.62,0.01022425,0.01022425,0.10029989250000002
34.63,0.0111077,0.0111077,0.108966537
34.64,0.01174632,0.01174632,0.1152313992
34.65,0.01203433,0.01203433,0.1180567773
34.660000000000004,0.01182605,0.01182605,0.1160135505
34.67,0.01094265,0.01094265,0.10734739650000001
34.68,0.009266534,0.009266534,0.09090469854000001
34.69,0.006808587,0.006808587,0.06679223847
34.7,0.003712611,0.003712611,0.036420713910000006
34.71,0.0002615667,0.0002615667,0.002565969327
34.72,-0.003139938,-0.003139938,-0.03080279178
34.730000000000004,-0.006075554,-0.006075554,-0.05960118474000001
34.74,-0.008193905,-0.008193905,-0.08038220805
34.75,-0.009297368,-0.009297368,-0.09120718008
34.76,-0.009398344,-0.009398344,-0.09219775464
34.77,-0.008694233,-0.008694233,-0.08529042573000001
34.78,-0.007484529,-0.007484529,-0.07342322949
34.79,-0.006109924,-0.006109924,-0.05993835444
34.800000000000004,-0.00493719,-0.00493719,-0.0484338339
34.81,-0.004270862,-0.004270862,-0.04189715622
34.82,-0.004226631,-0.004226631,-0.04146325011
34.83,-0.004616197,-0.004616197,-0.04528489257
34.84,-0.005029866,-0.005029866,-0.04934298546
34.85,-0.005045922,-0.005045922,-0.049500494820000004
34.86,-0.004398698,-0.004398698,-0.043151227380000004
34.87,-0.00305816,-0.00305816,-0.0300005496
34.88,-0.001230981,-0.001230981,-0.012075923609999999
34.89,0.000747088,0.000747088,0.007328933280000001
34.9,0.002557585,0.002557585,0.02508990885
34.910000000000004,0.00400638,0.00400638,0.039302587800000004
34.92,0.00506124,0.00506124,0.0496507644
34.93,0.005820546,0.005820546,0.05709955626
34.94,0.006445007,0.006445007,0.06322551867000001
34.95,0.007069021,0.007069021,0.06934709601
34.96,0.007687082,0.007687082,0.07541027442
34.97,0.008153148,0.008153148,0.07998238188000001
34.980000000000004,0.008285039,0.008285039,0.08127623259
34.99,0.007972379,0.007972379,0.07820903799000001
35.0,0.007268883,0.007268883,0.07130774223000001
35.01,0.006382421,0.006382421,0.06261155001
35.02,0.005568901,0.005568901,0.054630918810000005
35.03,0.005027639,0.005027639,0.04932113859000001
35.04,0.004841347,0.004841347,0.04749361407
35.050000000000004,0.004901481,0.004901481,0.04808352861
35.06,0.00485499,0.00485499,0.0476274519
35.07,0.004261472,0.004261472,0.04180504032
35.08,0.002807491,0.002807491,0.027541486710000004
35.09,0.0004971205,0.0004971205,0.004876752105000001
35.1,-0.002304655,-0.002304655,-0.02260866555
35.11,-0.005066164,-0.005066164,-0.04969906884
35.12,-0.007326348,-0.007326348,-0.07187147388000001
35.13,-0.008843997,-0.008843997,-0.08675961056999999
35.14,-0.009628535,-0.009628535,-0.09445592835000001
35.15,-0.009877086,-0.009877086,-0.09689421366
35.160000000000004,-0.009867166,-0.009867166,-0.09679689846
35.17,-0.00985288,-0.00985288,-0.0966567528
35.18,-0.009988161,-0.009988161,-0.09798385941000001
35.19,-0.01024495,-0.01024495,-0.1005029595
35.2,-0.01042319,-0.01042319,-0.1022514939
35.21,-0.01028106,-0.01028106,-0.1008571986
35.22,-0.009654123,-0.009654123,-0.09470694663000001
35.230000000000004,-0.008510488,-0.008510488,-0.08348788728
35.24,-0.006941391,-0.006941391,-0.06809504571
35.25,-0.005109229,-0.005109229,-0.05012153649
35.26,-0.003246587,-0.003246587,-0.031849018470000004
35.27,-0.001663321,-0.001663321,-0.016317179010000002
35.28,-0.0006361777,-0.0006361777,-0.006240903237000001
35.29,-0.000302485,-0.000302485,-0.0029673778500000003
35.300000000000004,-0.0006283406,-0.0006283406,-0.006164021286
35.31,-0.001446839,-0.001446839,-0.01419349059
35.32,-0.002533519,-0.002533519,-0.024853821390000003
35.33,-0.003677152,-0.003677152,-0.03607286112
35.34,-0.004704798,-0.004704798,-0.046154068379999996
35.35,-0.005494081,-0.005494081,-0.05389693461
35.36,-0.005994927,-0.005994927,-0.05881023387
35.37,-0.006215375,-0.006215375,-0.060972828750000006
35.38,-0.006109337,-0.006109337,-0.05993259597000001
35.39,-0.005529569,-0.005529569,-0.05424507189
35.4,-0.004321239,-0.004321239,-0.042391354590000006
35.410000000000004,-0.002417561,-0.002417561,-0.023716273410000002
35.42,0.0001219108,0.0001219108,0.0011959449480000001
35.43,0.003095947,0.003095947,0.03037124007
35.44,0.006172319,0.006172319,0.060550449390000004
35.45,0.008940164,0.008940164,0.08770300884000001
35.46,0.01101379,0.01101379,0.10804527990000001
35.47,0.01214484,0.01214484,0.11914088040000001
35.480000000000004,0.01223498,0.01223498,0.1200251538
35.49,0.01133456,0.01133456,0.1111920336
35.5,0.009625324,0.009625324,0.09442442844
35.51,0.007365581,0.007365581,0.07225634961
35.52,0.004820516,0.004820516,0.04728926196000001
35.53,0.002210556,0.002210556,0.021685554359999998
35.54,-0.0003198892,-0.0003198892,-0.003138113052
35.550000000000004,-0.002710674,-0.002710674,-0.026591711940000002
35.56,-0.004926896,-0.004926896,-0.048332849760000005
35.57,-0.006874003,-0.006874003,-0.06743396943
35.58,-0.008426296,-0.008426296,-0.08266196376
35.59,-0.009464564,-0.009464564,-0.09284737284
35.6,-0.009874545,-0.009874545,-0.09686928645000001
35.61,-0.009593904,-0.009593904,-0.09411619824
35.62,-0.008655283,-0.008655283,-0.08490832623
35.63,-0.007200718,-0.007200718,-0.07063904358
35.64,-0.005498527,-0.005498527,-0.05394054987
35.65,-0.003878844,-0.003878844,-0.03805145964000001
35.660000000000004,-0.002613007,-0.002613007,-0.025633598670000004
35.67,-0.001832604,-0.001832604,-0.017977845240000002
35.68,-0.001517206,-0.001517206,-0.01488379086
35.69,-0.001534748,-0.001534748,-0.015055877880000002
35.7,-0.001672163,-0.001672163,-0.016403919030000002
35.71,-0.001653317,-0.001653317,-0.016219039770000002
35.72,-0.001229884,-0.001229884,-0.012065162040000002
35.730000000000004,-0.000270123,-0.000270123,-0.00264990663
35.74,0.001212737,0.001212737,0.011896949970000001
35.75,0.003091175,0.003091175,0.03032442675
35.76,0.00518546,0.00518546,0.0508693626
35.77,0.007327288,0.007327288,0.07188069528
35.78,0.009403086,0.009403086,0.09224427366
35.79,0.01135297,0.01135297,0.11137263570000001
35.800000000000004,0.01304317,0.01304317,0.1279534977
35.81,0.01419843,0.01419843,0.1392865983
35.82,0.01453714,0.01453714,0.1426093434
35.83,0.01391652,0.01391652,0.13652106120000002
35.84,0.01238737,0.01238737,0.12152009970000001
35.85,0.01016057,0.01016057,0.09967519170000001
35.86,0.00752418,0.00752418,0.0738122058
35.87,0.00478548,0.00478548,0.0469455588
35.88,0.00226065,0.00226065,0.0221769765
35.89,0.0002035922,0.0002035922,0.0019972394820000003
35.9,-0.001268223,-0.001268223,-0.01244126763
35.910000000000004,-0.002189881,-0.002189881,-0.02148273261
35.92,-0.00270854,-0.00270854,-0.026570777400000002
35.93,-0.003015701,-0.003015701,-0.02958402681
35.94,-0.003282606,-0.003282606,-0.03220236486
35.95,-0.003619262,-0.003619262,-0.03550496022
35.96,-0.004063019,-0.004063019,-0.039858216390000006
35.97,-0.004573852,-0.004573852,-0.04486948812
35.980000000000004,-0.005021898,-0.005021898,-0.049264819380000005
35.99,-0.005240873,-0.005240873,-0.05141296413
36.0,-0.005105136,-0.005105136,-0.05008138416
36.01,-0.004554639,-0.004554639,-0.04468100859
36.02,-0.00358714,-0.00358714,-0.035189843400000004
36.03,-0.002255125,-0.002255125,-0.022122776250000004
36.04,-0.0006517055,-0.0006517055,-0.006393230955
36.050000000000004,0.001115251,0.001115251,0.01094061231
36.06,0.002949896,0.002949896,0.02893847976
36.07,0.004786507,0.004786507,0.04695563367
36.08,0.00659475,0.00659475,0.0646944975
36.09,0.008368875,0.008368875,0.08209866375
36.1,0.01005423,0.01005423,0.09863199630000001
36.11,0.01148032,0.01148032,0.1126219392
36.12,0.01243827,0.01243827,0.1220194287
36.13,0.01278576,0.01278576,0.1254283056
36.14,0.01245327,0.01245327,0.12216657870000001
36.15,0.01140612,0.01140612,0.1118940372
36.160000000000004,0.009664647,0.009664647,0.09481018707000001
36.17,0.007322909,0.007322909,0.07183773729000001
36.18,0.00453389,0.00453389,0.0444774609
36.19,0.001473275,0.001473275,0.014452827750000001
36.2,-0.001695305,-0.001695305,-0.01663094205
36.21,-0.004848001,-0.004848001,-0.047558889810000005
36.22,-0.007880936,-0.007880936,-0.07731198216
36.230000000000004,-0.01065075,-0.01065075,-0.10448385750000001
36.24,-0.01300486,-0.01300486,-0.1275776766
36.25,-0.01481548,-0.01481548,-0.14533985880000003
36.26,-0.01596984,-0.01596984,-0.1566641304
36.27,-0.01641177,-0.01641177,-0.1609994637
36.28,-0.01618125,-0.01618125,-0.15873806250000003
36.29,-0.01541054,-0.01541054,-0.15117739740000002
36.300000000000004,-0.01428392,-0.01428392,-0.14012525520000002
36.31,-0.01298596,-0.01298596,-0.1273922676
36.32,-0.01165922,-0.01165922,-0.11437694820000001
36.33,-0.01037395,-0.01037395,-0.1017684495
36.34,-0.009102907,-0.009102907,-0.08929951767000001
36.35,-0.007750866,-0.007750866,-0.07603599546
36.36,-0.006218201,-0.006218201,-0.06100055181
36.37,-0.004449302,-0.004449302,-0.04364765262
36.38,-0.002451973,-0.002451973,-0.024053855130000003
36.39,-0.0003041938,-0.0003041938,-0.002984141178
36.4,0.001843066,0.001843066,0.01808047746
36.410000000000004,0.003713845,0.003713845,0.03643281945
36.42,0.004961058,0.004961058,0.048667978980000005
36.43,0.005368576,0.005368576,0.05266573056
36.44,0.004985371,0.004985371,0.04890648951
36.45,0.004075603,0.004075603,0.03998166543
36.46,0.002982817,0.002982817,0.02926143477
36.47,0.002001161,0.002001161,0.019631389410000002
36.480000000000004,0.001298803,0.001298803,0.012741257430000002
36.49,0.0009037625,0.0009037625,0.008865910125
36.5,0.0007384461,0.0007384461,0.007244156241
36.51,0.0006905196,0.0006905196,0.006773997276
36.52,0.0006903448,0.0006903448,0.006772282488000001
36.53,0.0007288173,0.0007288173,0.007149697713
36.54,0.0008339195,0.0008339195,0.008180750295
36.550000000000004,0.00103804,0.00103804,0.010183172400000001
36.56,0.001328766,0.001328766,0.013035194460000002
36.57,0.001616167,0.001616167,0.01585459827
36.58,0.001774792,0.001774792,0.01741070952
36.59,0.001704411,0.001704411,0.01672027191
36.6,0.001366755,0.001366755,0.013407866550000001
36.61,0.0007891609,0.0007891609,0.007741668429000001
36.62,4.423955e-05,4.423955e-05,0.0004339899855
36.63,-0.000778252,-0.000778252,-0.007634652120000001
36.64,-0.001568259,-0.001568259,-0.015384620790000001
36.65,-0.002185072,-0.002185072,-0.021435556320000004
36.660000000000004,-0.002501803,-0.002501803,-0.02454268743
36.67,-0.002444705,-0.002444705,-0.023982556050000003
36.68,-0.002008973,-0.002008973,-0.01970802513
36.69,-0.001254568,-0.001254568,-0.01230731208
36.7,-0.0002819612,-0.0002819612,-0.0027660393720000003
36.71,0.0008006663,0.0008006663,0.007854536403
36.72,0.00190554,0.00190554,0.0186933474
36.730000000000004,0.002980628,0.002980628,0.02923996068
36.74,0.004010632,0.004010632,0.039344299920000006
36.75,0.005004009,0.005004009,0.049089328290000005
36.76,0.005954672,0.005954672,0.058415332320000006
36.77,0.006820035,0.006820035,0.06690454335000001
36.78,0.007545425,0.007545425,0.07402061925
36.79,0.008090723,0.008090723,0.07936999263
36.800000000000004,0.00843339,0.00843339,0.08273155590000002
36.81,0.008571727,0.008571727,0.08408864187
36.82,0.008529204,0.008529204,0.08367149124
36.83,0.008349651,0.008349651,0.08191007631
36.84,0.008085589,0.008085589,0.07931962809000001
36.85,0.007785252,0.007785252,0.07637332212
36.86,0.007483129,0.007483129,0.07340949549
36.87,0.007202365,0.007202365,0.07065520065
36.88,0.006989905,0.006989905,0.06857096805
36.89,0.006927052,0.006927052,0.06795438012
36.9,0.007090078,0.007090078,0.06955366518
36.910000000000004,0.007513344,0.007513344,0.07370590464
36.92,0.008177729,0.008177729,0.08022352149
36.93,0.009022413,0.009022413,0.08850987153
36.94,0.009968817,0.009968817,0.09779409477
36.95,0.01093957,0.01093957,0.1073171817
36.96,0.01184386,0.01184386,0.1161882666
36.97,0.01257791,0.01257791,0.1233892971
36.980000000000004,0.01305295,0.01305295,0.1280494395
36.99,0.01321151,0.01321151,0.1296049131
37.0,0.01304461,0.01304461,0.1279676241
37.01,0.01259536,0.01259536,0.12356048160000001
37.02,0.01194337,0.01194337,0.1171644597
37.03,0.01117911,0.01117911,0.10966706910000001
37.04,0.01038007,0.01038007,0.1018284867
37.050000000000004,0.009600577,0.009600577,0.09418166037000002
37.06,0.008891213,0.008891213,0.08722279953
37.07,0.008324143,0.008324143,0.08165984283000001
37.08,0.007984149,0.007984149,0.07832450168999999
37.09,0.007929871,0.007929871,0.07779203451
37.1,0.008167227,0.008167227,0.08012049687000002
37.11,0.00864945,0.00864945,0.0848511045
37.12,0.009296633,0.009296633,0.09119996973000001
37.13,0.01002317,0.01002317,0.0983272977
37.14,0.01076012,0.01076012,0.10555677720000001
37.15,0.01146723,0.01146723,0.11249352630000001
37.160000000000004,0.01213371,0.01213371,0.11903169510000002
37.17,0.0127682,0.0127682,0.125256042
37.18,0.01336349,0.01336349,0.1310958369
37.19,0.01386494,0.01386494,0.1360150614
37.2,0.01419739,0.01419739,0.13927639590000002
37.21,0.0143076,0.0143076,0.14035755600000002
37.22,0.01418787,0.01418787,0.1391830047
37.230000000000004,0.01387538,0.01387538,0.1361174778
37.24,0.01343534,0.01343534,0.1318006854
37.25,0.01293796,0.01293796,0.12692138760000002
37.26,0.01243808,0.01243808,0.12201756480000002
37.27,0.0119377,0.0119377,0.11710883700000001
37.28,0.01135247,0.01135247,0.1113677307
37.29,0.01055773,0.01055773,0.1035713313
37.300000000000004,0.009457597,0.009457597,0.09277902657
37.31,0.008024829,0.008024829,0.07872357249
37.32,0.006273201,0.006273201,0.061540101810000004
37.33,0.004168067,0.004168067,0.04088873727
37.34,0.001632826,0.001632826,0.01601802306
37.35,-0.001343373,-0.001343373,-0.01317848913
37.36,-0.004572719,-0.004572719,-0.044858373390000005
37.37,-0.007719015,-0.007719015,-0.07572353715
37.38,-0.01042359,-0.01042359,-0.1022554179
37.39,-0.01238668,-0.01238668,-0.12151333080000001
37.4,-0.01345599,-0.01345599,-0.1320032619
37.410000000000004,-0.01366814,-0.01366814,-0.13408445340000003
37.42,-0.01321574,-0.01321574,-0.1296464094
37.43,-0.01236752,-0.01236752,-0.1213253712
37.44,-0.01138086,-0.01138086,-0.1116462366
37.45,-0.01043908,-0.01043908,-0.1024073748
37.46,-0.009627296,-0.009627296,-0.09444377376000002
37.47,-0.00894003,-0.00894003,-0.08770169430000001
37.480000000000004,-0.008291738,-0.008291738,-0.08134194978
37.49,-0.007547526,-0.007547526,-0.07404123006
37.5,-0.006586273,-0.006586273,-0.06461133813
37.51,-0.005348922,-0.005348922,-0.05247292482
37.52,-0.003851007,-0.003851007,-0.03777837867
37.53,-0.002164749,-0.002164749,-0.02123618769
37.54,-0.0003895042,-0.0003895042,-0.0038210362020000004
37.550000000000004,0.001303242,0.001303242,0.01278480402
37.56,0.002595758,0.002595758,0.025464385980000004
37.57,0.003142137,0.003142137,0.030824363970000004
37.58,0.002731993,0.002731993,0.02680085133
37.59,0.001367436,0.001367436,0.013414547160000002
37.6,-0.0007605098,-0.0007605098,-0.007460601138
37.61,-0.003358592,-0.003358592,-0.03294778752
37.62,-0.006132276,-0.006132276,-0.06015762756
37.63,-0.008835027,-0.008835027,-0.08667161487000001
37.64,-0.01117476,-0.01117476,-0.10962439560000001
37.65,-0.012812,-0.012812,-0.12568572
37.660000000000004,-0.01350017,-0.01350017,-0.1324366677
37.67,-0.01318774,-0.01318774,-0.1293717294
37.68,-0.01204519,-0.01204519,-0.11816331390000001
37.69,-0.01042278,-0.01042278,-0.1022474718
37.7,-0.008719078,-0.008719078,-0.08553415518
37.71,-0.007246126,-0.007246126,-0.07108449606
37.72,-0.006156338,-0.006156338,-0.06039367578
37.730000000000004,-0.005445188,-0.005445188,-0.053417294280000006
37.74,-0.005040658,-0.005040658,-0.049448854980000005
37.75,-0.004897123,-0.004897123,-0.04804077663
37.76,-0.005002634,-0.005002634,-0.04907583954
37.77,-0.005352796,-0.005352796,-0.05251092876
37.78,-0.005930215,-0.005930215,-0.05817540915
37.79,-0.006697741,-0.006697741,-0.06570483921
37.800000000000004,-0.007595573,-0.007595573,-0.07451257113000001
37.81,-0.00851413,-0.00851413,-0.0835236153
37.82,-0.00930663,-0.00930663,-0.09129804030000001
37.83,-0.009848558,-0.009848558,-0.09661435398000001
37.84,-0.01008342,-0.01008342,-0.09891835019999999
37.85,-0.01004648,-0.01004648,-0.0985559688
37.86,-0.00986159,-0.00986159,-0.09674219790000001
37.87,-0.009686934,-0.009686934,-0.09502882254
37.88,-0.009651793,-0.009651793,-0.09468408933000001
37.89,-0.009819212,-0.009819212,-0.09632646972000002
37.9,-0.01018157,-0.01018157,-0.09988120169999999
37.910000000000004,-0.01067726,-0.01067726,-0.1047439206
37.92,-0.01119368,-0.01119368,-0.1098100008
37.93,-0.01158569,-0.01158569,-0.11365561889999999
37.94,-0.01173223,-0.01173223,-0.1150931763
37.95,-0.01157498,-0.01157498,-0.11355055380000001
37.96,-0.01111011,-0.01111011,-0.1089901791
37.97,-0.01037136,-0.01037136,-0.1017430416
37.980000000000004,-0.009418944,-0.009418944,-0.09239984064000001
37.99,-0.008324784,-0.008324784,-0.08166613104
38.0,-0.007156189,-0.007156189,-0.07020221409
38.01,-0.005963468,-0.005963468,-0.05850162108000001
38.02,-0.00477471,-0.00477471,-0.0468399051
38.03,-0.003597767,-0.003597767,-0.03529409427
38.04,-0.002427275,-0.002427275,-0.023811567750000002
38.050000000000004,-0.001258026,-0.001258026,-0.01234123506
38.06,-0.000156474,-0.000156474,-0.00153500994
38.07,0.0006788089,0.0006788089,0.006659115309
38.08,0.001001793,0.001001793,0.00982758933
38.09,0.0006225415,0.0006225415,0.0061071321149999995
38.1,-0.0005226395,-0.0005226395,-0.005127093495
38.11,-0.00235347,-0.00235347,-0.0230875407
38.12,-0.004683335,-0.004683335,-0.045943516350000005
38.13,-0.007285658,-0.007285658,-0.07147230498000001
38.14,-0.009921124,-0.009921124,-0.09732622644000001
38.15,-0.01227655,-0.01227655,-0.12043295550000001
38.160000000000004,-0.01402033,-0.01402033,-0.1375394373
38.17,-0.01493643,-0.01493643,-0.1465263783
38.18,-0.01499905,-0.01499905,-0.1471406805
38.19,-0.01435838,-0.01435838,-0.1408557078
38.2,-0.01326671,-0.01326671,-0.1301464251
38.21,-0.01198765,-0.01198765,-0.1175988465
38.22,-0.01072413,-0.01072413,-0.1052037153
38.230000000000004,-0.009583575,-0.009583575,-0.09401487075
38.24,-0.008580996,-0.008580996,-0.08417957076
38.25,-0.007669062,-0.007669062,-0.07523349822
38.26,-0.006792383,-0.006792383,-0.06663327723
38.27,-0.005962732,-0.005962732,-0.05849440092
38.28,-0.005260812,-0.005260812,-0.051608565720000006
38.29,-0.004779912,-0.004779912,-0.04689093672
38.300000000000004,-0.004575258,-0.004575258,-0.044883280979999995
38.31,-0.004642775,-0.004642775,-0.04554562275
38.32,-0.004926143,-0.004926143,-0.048325462830000006
38.33,-0.005341184,-0.005341184,-0.05239701504
38.34,-0.005803762,-0.005803762,-0.05693490522
38.35,-0.006251243,-0.006251243,-0.061324693830000006
38.36,-0.00665218,-0.00665218,-0.0652578858
38.37,-0.007004497,-0.007004497,-0.06871411557000001
38.38,-0.007325442,-0.007325442,-0.07186258602000001
38.39,-0.007633986,-0.007633986,-0.07488940266
38.4,-0.007888601,-0.007888601,-0.07738717581
38.410000000000004,-0.00795105,-0.00795105,-0.0779998005
38.42,-0.007657403,-0.007657403,-0.07511912343
38.43,-0.00690346,-0.00690346,-0.0677229426
38.44,-0.005688316,-0.005688316,-0.05580237996
38.45,-0.004135517,-0.004135517,-0.04056942177
38.46,-0.002479069,-0.002479069,-0.02431966689
38.47,-0.0009720125,-0.0009720125,-0.009535442625000001
38.480000000000004,0.0002079189,0.0002079189,0.002039684409
38.49,0.001008789,0.001008789,0.00989622009
38.5,0.001499402,0.001499402,0.01470913362
38.51,0.001818507,0.001818507,0.01783955367
38.52,0.002112363,0.002112363,0.02072228103
38.53,0.002487416,0.002487416,0.02440155096
38.54,0.002988955,0.002988955,0.029321648550000003
38.550000000000004,0.003590768,0.003590768,0.03522543408
38.56,0.004165328,0.004165328,0.040861867680000004
38.57,0.004521879,0.004521879,0.04435963299000001
38.58,0.004499143,0.004499143,0.04413659283
38.59,0.004032201,0.004032201,0.03955589181
38.6,0.00318475,0.00318475,0.0312423975
38.61,0.002136261,0.002136261,0.02095672041
38.62,0.001104284,0.001104284,0.01083302604
38.63,0.0002612031,0.0002612031,0.0025624024109999997
38.64,-0.0003115848,-0.0003115848,-0.003056646888
38.65,-0.0006073513,-0.0006073513,-0.005958116253000001
38.660000000000004,-0.0006411387,-0.0006411387,-0.006289570647
38.67,-0.0004351847,-0.0004351847,-0.004269161907
38.68,-2.319584e-05,-2.319584e-05,-0.00022755119039999998
38.69,0.0005496,0.0005496,0.005391576
38.7,0.001233079,0.001233079,0.012096504990000001
38.71,0.001981111,0.001981111,0.01943469891
38.72,0.002758451,0.002758451,0.02706040431
38.730000000000004,0.003543434,0.003543434,0.03476108754
38.74,0.004326977,0.004326977,0.04244764437
38.75,0.00510853,0.00510853,0.0501146793
38.76,0.005890003,0.005890003,0.05778092943000001
38.77,0.006642342,0.006642342,0.06516137502
38.78,0.007266905,0.007266905,0.07128833805
38.79,0.007637701,0.007637701,0.07492584681
38.800000000000004,0.007667091,0.007667091,0.07521416271
38.81,0.007338374,0.007338374,0.07198944894
38.82,0.006668339,0.006668339,0.06541640559
38.83,0.005657691,0.005657691,0.055501948710000006
38.84,0.00431241,0.00431241,0.0423047421
38.85,0.002709071,0.002709071,0.02657598651
38.86,0.001002406,0.001002406,0.00983360286
38.87,-0.0006374855,-0.0006374855,-0.006253732755
38.88,-0.002086155,-0.002086155,-0.020465180550000003
38.89,-0.003265701,-0.003265701,-0.03203652681
38.9,-0.00410441,-0.00410441,-0.0402642621
38.910000000000004,-0.004551592,-0.004551592,-0.044651117520000005
38.92,-0.004607701,-0.004607701,-0.04520154681
38.93,-0.004330556,-0.004330556,-0.04248275436000001
38.94,-0.003818135,-0.003818135,-0.03745590435
38.95,-0.003196028,-0.003196028,-0.03135303468
38.96,-0.002611505,-0.002611505,-0.025618864050000002
38.97,-0.002193173,-0.002193173,-0.021515027130000003
38.980000000000004,-0.002011308,-0.002011308,-0.019730931479999998
38.99,-0.002065055,-0.002065055,-0.020258189550000003
39.0,-0.002280639,-0.002280639,-0.022373068590000003
39.01,-0.002513479,-0.002513479,-0.02465722899
39.02,-0.002602043,-0.002602043,-0.025526041830000002
39.03,-0.002432548,-0.002432548,-0.023863295880000003
39.04,-0.00197217,-0.00197217,-0.019346987700000002
39.050000000000004,-0.001264982,-0.001264982,-0.01240947342
39.06,-0.0004098968,-0.0004098968,-0.004021087608
39.07,0.0004672918,0.0004672918,0.004584132558
39.08,0.001255638,0.001255638,0.01231780878
39.09,0.00189203,0.00189203,0.018560814300000002
39.1,0.002373945,0.002373945,0.023288400450000003
39.11,0.002783706,0.002783706,0.027308155860000002
39.12,0.003286885,0.003286885,0.03224434185
39.13,0.004056725,0.004056725,0.03979647225
39.14,0.005199315,0.005199315,0.051005280150000006
39.15,0.006716442,0.006716442,0.06588829602
39.160000000000004,0.008464046,0.008464046,0.08303229126
39.17,0.01015749,0.01015749,0.0996449769
39.18,0.01146918,0.01146918,0.11251265580000001
39.19,0.01212872,0.01212872,0.11898274320000002
39.2,0.01201143,0.01201143,0.1178321283
39.21,0.011167,0.011167,0.10954827
39.22,0.009780018,0.009780018,0.09594197658
39.230000000000004,0.008092646,0.008092646,0.07938885726
39.24,0.006326789,0.006326789,0.062065800090000005
39.25,0.004631618,0.004631618,0.045436172579999996
39.26,0.003070253,0.003070253,0.03011918193
39.27,0.001650321,0.001650321,0.01618964901
39.28,0.0003561887,0.0003561887,0.003494211147
39.29,-0.0008173737,-0.0008173737,-0.008018435997
39.300000000000004,-0.001814809,-0.001814809,-0.01780327629
39.31,-0.002540238,-0.002540238,-0.024919734779999998
39.32,-0.002918063,-0.002918063,-0.02862619803
39.33,-0.002933308,-0.002933308,-0.02877575148
39.34,-0.002637176,-0.002637176,-0.025870696560000003
39.35,-0.002125474,-0.002125474,-0.02085089994
39.36,-0.001512787,-0.001512787,-0.01484044047
39.37,-0.0009410705,-0.0009410705,-0.009231901605
39.38,-0.0005680437,-0.0005680437,-0.005572508697
39.39,-0.0005114284,-0.0005114284,-0.005017112604
39.4,-0.0008036245,-0.0008036245,-0.007883556345
39.410000000000004,-0.001346602,-0.001346602,-0.01321016562
39.42,-0.001924048,-0.001924048,-0.01887491088
39.43,-0.002300277,-0.002300277,-0.02256571737
39.44,-0.002315182,-0.002315182,-0.02271193542
39.45,-0.00192737,-0.00192737,-0.0189074997
39.46,-0.001203338,-0.001203338,-0.01180474578
39.47,-0.000272657,-0.000272657,-0.00267476517
39.480000000000004,0.0007256349,0.0007256349,0.007118478369000001
39.49,0.001679661,0.001679661,0.01647747441
39.5,0.002492744,0.002492744,0.02445381864
39.51,0.003076978,0.003076978,0.030185154180000003
39.52,0.003381003,0.003381003,0.03316763943
39.53,0.003408562,0.003408562,0.033437993220000004
39.54,0.003213104,0.003213104,0.03152055024
39.550000000000004,0.00287511,0.00287511,0.028204829100000002
39.56,0.002475468,0.002475468,0.024284341080000004
39.57,0.002074938,0.002074938,0.020355141780000002
39.58,0.001708,0.001708,0.016755480000000003
39.59,0.001413226,0.001413226,0.01386374706
39.6,0.001259661,0.001259661,0.01235727441
39.61,0.001318402,0.001318402,0.01293352362
39.62,0.001626486,0.001626486,0.01595582766
39.63,0.002172077,0.002172077,0.021308075370000002
39.64,0.002901926,0.002901926,0.028467894060000002
39.65,0.003734571,0.003734571,0.03663614151
39.660000000000004,0.004566452,0.004566452,0.04479689412000001
39.67,0.00527517,0.00527517,0.0517494177
39.68,0.005741284,0.005741284,0.05632199604
39.69,0.005862443,0.005862443,0.057510565830000006
39.7,0.00554015,0.00554015,0.0543488715
39.71,0.004713146,0.004713146,0.04623596226
39.72,0.003392997,0.003392997,0.03328530057
39.730000000000004,0.001665264,0.001665264,0.016336239840000003
39.74,-0.0003386845,-0.0003386845,-0.003322494945
39.75,-0.002481364,-0.002481364,-0.024342180839999998
39.76,-0.004652614,-0.004652614,-0.04564214334
39.77,-0.006785092,-0.006785092,-0.06656175252
39.78,-0.008825303,-0.008825303,-0.08657622243
39.79,-0.01069476,-0.01069476,-0.1049155956
39.800000000000004,-0.01229156,-0.01229156,-0.1205802036
39.81,-0.01346859,-0.01346859,-0.13212686790000003
39.82,-0.01407581,-0.01407581,-0.13808369610000001
39.83,-0.01403887,-0.01403887,-0.1377213147
39.84,-0.01339622,-0.01339622,-0.1314169182
39.85,-0.01228332,-0.01228332,-0.12049936920000001
39.86,-0.01088343,-0.01088343,-0.1067664483
39.87,-0.009378609,-0.009378609,-0.09200415429
39.88,-0.007956926,-0.007956926,-0.07805744406
39.89,-0.006813169,-0.006813169,-0.06683718789
39.9,-0.00608859,-0.00608859,-0.0597290679
39.910000000000004,-0.00582431,-0.00582431,-0.057136481100000004
39.92,-0.005960249,-0.005960249,-0.05847004269
39.93,-0.006368134,-0.006368134,-0.06247139454
39.94,-0.006857773,-0.006857773,-0.06727475313
39.95,-0.007166789,-0.007166789,-0.07030620009
39.96,-0.007045749,-0.007045749,-0.06911879769
39.97,-0.006354257,-0.006354257,-0.06233526117
39.980000000000004,-0.005097577,-0.005097577,-0.05000723037
39.99,-0.003401213,-0.003401213,-0.03336589953000001
40.0,-0.001449869,-0.001449869,-0.01422321489
40.01,0.0005775538,0.0005775538,0.0056658027780000005
40.02,0.002554276,0.002554276,0.02505744756
40.03,0.004399145,0.004399145,0.043155612450000005
40.04,0.006017124,0.006017124,0.059027986440000006
40.050000000000004,0.007307057,0.007307057,0.07168222917
40.06,0.008210227,0.008210227,0.08054232687000001
40.07,0.008737402,0.008737402,0.08571391362
40.08,0.008962193,0.008962193,0.08791911333
40.09,0.008992273,0.008992273,0.08821419813
40.1,0.008931566,0.008931566,0.08761866246000001
40.11,0.008840568,0.008840568,0.08672597208
40.12,0.008727558,0.008727558,0.08561734398
40.13,0.008573574,0.008573574,0.08410676094000001
40.14,0.008386586,0.008386586,0.08227240866
40.15,0.008230192,0.008230192,0.08073818352
40.160000000000004,0.00819033,0.00819033,0.0803471373
40.17,0.008332105,0.008332105,0.08173795005
40.18,0.008675502,0.008675502,0.08510667462
40.19,0.009194479,0.009194479,0.09019783899
40.2,0.009832686,0.009832686,0.09645864966
40.21,0.01052406,0.01052406,0.1032410286
40.22,0.0112099,0.0112099,0.109969119
40.230000000000004,0.0118521,0.0118521,0.11626910100000001
40.24,0.01243792,0.01243792,0.1220159952
40.25,0.01297612,0.01297612,0.1272957372
40.26,0.01348754,0.01348754,0.1323127674
40.27,0.01398854,0.01398854,0.13722757740000002
40.28,0.01444828,0.01444828,0.14173762680000002
40.29,0.0147805,0.0147805,0.144996705
40.300000000000004,0.01489209,0.01489209,0.1460914029
40.31,0.01473079,0.01473079,0.14450904990000002
40.32,0.0143039,0.0143039,0.140321259
40.33,0.01366995,0.01366995,0.1341022095
40.34,0.01291337,0.01291337,0.12668015970000002
40.35,0.01212214,0.01212214,0.11891819340000001
40.36,0.01141233,0.01141233,0.1119549573
40.37,0.01093594,0.01093594,0.1072815714
40.38,0.01082118,0.01082118,0.1061557758
40.39,0.01111926,0.01111926,0.10907994060000001
40.4,0.01179205,0.01179205,0.11568001050000001
40.410000000000004,0.01273609,0.01273609,0.12494104290000001
40.42,0.01382394,0.01382394,0.1356128514
40.43,0.01494314,0.01494314,0.1465922034
40.44,0.0160083,0.0160083,0.157041423
40.45,0.01692343,0.01692343,0.1660188483
40.46,0.01758319,0.01758319,0.1724910939
40.47,0.01791251,0.01791251,0.1757217231
40.480000000000004,0.01786097,0.01786097,0.1752161157
40.49,0.01738886,0.01738886,0.1705847166
40.5,0.01649033,0.01649033,0.1617701373
40.51,0.01521021,0.01521021,0.14921216010000002
40.52,0.01363724,0.01363724,0.1337813244
40.53,0.01188129,0.01188129,0.1165554549
40.54,0.01005576,0.01005576,0.0986470056
40.550000000000004,0.008260844,0.008260844,0.08103887964
40.56,0.006562367,0.006562367,0.06437682027000001
40.57,0.004982148,0.004982148,0.04887487188
40.58,0.003503629,0.003503629,0.03437060049
40.59,0.002091968,0.002091968,0.02052220608
40.6,0.0007416289,0.0007416289,0.007275379509
40.61,-0.0004976662,-0.0004976662,-0.004882105422
40.62,-0.001539283,-0.001539283,-0.01510036623
40.63,-0.002287862,-0.002287862,-0.02244392622
40.64,-0.00268371,-0.00268371,-0.026327195100000002
40.65,-0.002730547,-0.002730547,-0.02678666607
40.660000000000004,-0.002493207,-0.002493207,-0.024458360670000002
40.67,-0.002072009,-0.002072009,-0.02032640829
40.68,-0.001570394,-0.001570394,-0.01540556514
40.69,-0.001061169,-0.001061169,-0.010410067890000001
40.7,-0.0005481975,-0.0005481975,-0.005377817475
40.71,2.68653e-05,2.68653e-05,0.000263548593
40.72,0.0007384585,0.0007384585,0.007244277885
40.730000000000004,0.00163564,0.00163564,0.0160456284
40.74,0.002722884,0.002722884,0.026711492040000003
40.75,0.003956673,0.003956673,0.03881496213
40.76,0.005211044,0.005211044,0.05112034164
40.77,0.00628022,0.00628022,0.06160895820000001
40.78,0.006965661,0.006965661,0.06833313441
40.79,0.007149399,0.007149399,0.07013560419
40.800000000000004,0.006823834,0.006823834,0.06694181154
40.81,0.006080758,0.006080758,0.05965223598000001
40.82,0.005069222,0.005069222,0.04972906782
40.83,0.003943853,0.003943853,0.03868919793
40.84,0.002820585,0.002820585,0.027669938850000003
40.85,0.001751184,0.001751184,0.01717911504
40.86,0.0007294894,0.0007294894,0.007156291014
40.87,-0.000283333,-0.000283333,-0.00277949673
40.88,-0.001330927,-0.001330927,-0.01305639387
40.89,-0.002441928,-0.002441928,-0.02395531368
40.9,-0.003610751,-0.003610751,-0.03542146731
40.910000000000004,-0.004747921,-0.004747921,-0.04657710501000001
40.92,-0.005691477,-0.005691477,-0.05583338937000001
40.93,-0.006289568,-0.006289568,-0.06170066208
40.94,-0.00647201,-0.00647201,-0.0634904181
40.95,-0.006300561,-0.006300561,-0.06180850341
40.96,-0.005957974,-0.005957974,-0.05844772494000001
40.97,-0.005663682,-0.005663682,-0.05556072042
40.980000000000004,-0.005587294,-0.005587294,-0.05481135414
40.99,-0.005802527,-0.005802527,-0.056922789870000004
41.0,-0.006286529,-0.006286529,-0.06167084949
41.01,-0.006946633,-0.006946633,-0.06814646973
41.02,-0.007637293,-0.007637293,-0.07492184433
41.03,-0.00819456,-0.00819456,-0.08038863360000001
41.04,-0.008495538,-0.008495538,-0.08334122778000001
41.050000000000004,-0.008496213,-0.008496213,-0.08334784953000002
41.06,-0.008232228,-0.008232228,-0.08075815668
41.07,-0.007791421,-0.007791421,-0.07643384001
41.08,-0.007275976,-0.007275976,-0.07137732456
41.09,-0.006769679,-0.006769679,-0.06641055099
41.1,-0.006319759,-0.006319759,-0.06199683579
41.11,-0.005934947,-0.005934947,-0.05822183007000001
41.12,-0.005595936,-0.005595936,-0.05489613216000001
41.13,-0.00527507,-0.00527507,-0.0517484367
41.14,-0.004979025,-0.004979025,-0.04884423525
41.15,-0.004768009,-0.004768009,-0.04677416829
41.160000000000004,-0.004719625,-0.004719625,-0.04629952125
41.17,-0.004886162,-0.004886162,-0.04793324922000001
41.18,-0.005273243,-0.005273243,-0.051730513830000005
41.19,-0.005841293,-0.005841293,-0.057303084330000004
41.2,-0.006504197,-0.006504197,-0.06380617257
41.21,-0.007121201,-0.007121201,-0.06985898181
41.22,-0.007542615,-0.007542615,-0.07399305315
41.230000000000004,-0.007669493,-0.007669493,-0.07523772633
41.24,-0.007483194,-0.007483194,-0.07341013314
41.25,-0.007038192,-0.007038192,-0.06904466352000001
41.26,-0.006431292,-0.006431292,-0.06309097452
41.27,-0.005771625,-0.005771625,-0.05661964125
41.28,-0.005191274,-0.005191274,-0.05092639794000001
41.29,-0.004837183,-0.004837183,-0.047452765230000006
41.300000000000004,-0.004817254,-0.004817254,-0.04725726174
41.31,-0.005161317,-0.005161317,-0.05063251977000001
41.32,-0.005819842,-0.005819842,-0.05709265002000001
41.33,-0.006683148,-0.006683148,-0.06556168188
41.34,-0.007591573,-0.007591573,-0.07447333113
41.35,-0.008375419,-0.008375419,-0.08216286039000001
41.36,-0.008914009,-0.008914009,-0.08744642829
41.37,-0.009168167,-0.009168167,-0.08993971827
41.38,-0.009176465,-0.009176465,-0.09002112165000001
41.39,-0.009025591,-0.009025591,-0.08854104771
41.4,-0.008813009,-0.008813009,-0.08645561829000001
41.410000000000004,-0.008616066,-0.008616066,-0.08452360746000001
41.42,-0.008472016,-0.008472016,-0.08311047696000001
41.43,-0.008338428,-0.008338428,-0.08179997868000001
41.44,-0.008080625,-0.008080625,-0.07927093125
41.45,-0.007542732,-0.007542732,-0.07399420092
41.46,-0.006624552,-0.006624552,-0.06498685512
41.47,-0.00531741,-0.00531741,-0.0521637921
41.480000000000004,-0.003695906,-0.003695906,-0.03625683786
41.49,-0.001882027,-0.001882027,-0.018462684870000003
41.5,-1.700822e-05,-1.700822e-05,-0.0001668506382
41.51,0.00174826,0.00174826,0.0171504306
41.52,0.003290462,0.003290462,0.03227943222
41.53,0.004551593,0.004551593,0.04465112733
41.54,0.005547756,0.005547756,0.05442348636
41.550000000000004,0.006350032,0.006350032,0.06229381392
41.56,0.007051399,0.007051399,0.06917422419000001
41.57,0.007728255,0.007728255,0.07581418155
41.58,0.008380888,0.008380888,0.08221651128
41.59,0.008922331,0.008922331,0.08752806711000001
41.6,0.009239365,0.009239365,0.09063817065
41.61,0.009256191,0.009256191,0.09080323371000001
41.62,0.008965209,0.008965209,0.08794870029
41.63,0.008419778,0.008419778,0.08259802218
41.64,0.007686388,0.007686388,0.07540346628
41.65,0.006803545,0.006803545,0.06674277645
41.660000000000004,0.005785038,0.005785038,0.056751222780000006
41.67,0.004636982,0.004636982,0.04548879342000001
41.68,0.003377496,0.003377496,0.03313323576
41.69,0.002072112,0.002072112,0.02032741872
41.7,0.0008299497,0.0008299497,0.008141806557
41.71,-0.0002448778,-0.0002448778,-0.002402251218
41.72,-0.001094344,-0.001094344,-0.010735514639999999
41.730000000000004,-0.001720362,-0.001720362,-0.01687675122
41.74,-0.002177451,-0.002177451,-0.02136079431
41.75,-0.002566286,-0.002566286,-0.02517526566
41.76,-0.003006571,-0.003006571,-0.02949446151
41.77,-0.003592822,-0.003592822,-0.03524558382
41.78,-0.004366453,-0.004366453,-0.04283490393
41.79,-0.005313096,-0.005313096,-0.05212147176
41.800000000000004,-0.006379371,-0.006379371,-0.06258162951
41.81,-0.007486416,-0.007486416,-0.07344174096
41.82,-0.008524796,-0.008524796,-0.08362824876
41.83,-0.009361117,-0.009361117,-0.09183255777
41.84,-0.009869884,-0.009869884,-0.09682356204
41.85,-0.009983062,-0.009983062,-0.09793383822
41.86,-0.009714014,-0.009714014,-0.09529447734
41.87,-0.009145521,-0.009145521,-0.08971756101
41.88,-0.008395436,-0.008395436,-0.08235922715999999
41.89,-0.007578256,-0.007578256,-0.07434269136
41.9,-0.006771809,-0.006771809,-0.06643144629
41.910000000000004,-0.005982509,-0.005982509,-0.05868841329
41.92,-0.005151616,-0.005151616,-0.050537352960000004
41.93,-0.004219128,-0.004219128,-0.04138964568
41.94,-0.003189158,-0.003189158,-0.03128563998
41.95,-0.002125496,-0.002125496,-0.020851115760000004
41.96,-0.001111279,-0.001111279,-0.01090164699
41.97,-0.0002109585,-0.0002109585,-0.0020695028850000003
41.980000000000004,0.0005496708,0.0005496708,0.005392270548
41.99,0.001184247,0.001184247,0.01161746307
42.0,0.001732928,0.001732928,0.01700002368
42.01,0.002244417,0.002244417,0.02201773077
42.02,0.002759903,0.002759903,0.027074648430000004
42.03,0.003297085,0.003297085,0.03234440385
42.04,0.003818226,0.003818226,0.037456797060000005
42.050000000000004,0.004236025,0.004236025,0.04155540525
42.06,0.004462642,0.004462642,0.043778518020000004
42.07,0.004450673,0.004450673,0.04366110213
42.08,0.004182914,0.004182914,0.041034386340000006
42.09,0.003610408,0.003610408,0.03541810248
42.1,0.002660973,0.002660973,0.026104145130000003
42.11,0.00129211,0.00129211,0.0126755991
42.12,-0.0004766504,-0.0004766504,-0.004675940424
42.13,-0.002562455,-0.002562455,-0.02513768355
42.14,-0.004798746,-0.004798746,-0.04707569826
42.15,-0.006928007,-0.006928007,-0.06796374867
42.160000000000004,-0.008694256,-0.008694256,-0.08529065136
42.17,-0.009942305,-0.009942305,-0.09753401205000001
42.18,-0.01065869,-0.01065869,-0.1045617489
42.19,-0.01095099,-0.01095099,-0.10742921190000002
42.2,-0.01099065,-0.01099065,-0.1078182765
42.21,-0.01094961,-0.01094961,-0.10741567410000001
42.22,-0.010953,-0.010953,-0.10744893
42.230000000000004,-0.01105758,-0.01105758,-0.1084748598
42.24,-0.01124457,-0.01124457,-0.11030923170000001
42.25,-0.01143775,-0.01143775,-0.1122043275
42.26,-0.01154862,-0.01154862,-0.11329196220000001
42.27,-0.0115159,-0.0115159,-0.11297097900000001
42.28,-0.0113246,-0.0113246,-0.11109432600000001
42.29,-0.01100258,-0.01100258,-0.1079353098
42.300000000000004,-0.01061182,-0.01061182,-0.1041019542
42.31,-0.01024499,-0.01024499,-0.10050335190000001
42.32,-0.009996718,-0.009996718,-0.09806780358
42.33,-0.009927734,-0.009927734,-0.09739107054000001
42.34,-0.01004926,-0.01004926,-0.09858324060000001
42.35,-0.01033592,-0.01033592,-0.10139537520000001
42.36,-0.01074667,-0.01074667,-0.1054248327
42.37,-0.01123813,-0.01123813,-0.1102460553
42.38,-0.01177311,-0.01177311,-0.11549420910000001
42.39,-0.01232578,-0.01232578,-0.1209159018
42.4,-0.01288253,-0.01288253,-0.1263776193
42.410000000000004,-0.01343997,-0.01343997,-0.13184610570000002
42.42,-0.01400073,-0.01400073,-0.1373471613
42.43,-0.01456599,-0.01456599,-0.1428923619
42.44,-0.01512671,-0.01512671,-0.1483930251
42.45,-0.01566377,-0.01566377,-0.15366158370000002
42.46,-0.01612962,-0.01612962,-0.1582315722
42.47,-0.01643116,-0.01643116,-0.1611896796
42.480000000000004,-0.01647085,-0.01647085,-0.1615790385
42.49,-0.01619576,-0.01619576,-0.1588804056
42.5,-0.01561965,-0.01561965,-0.1532287665
42.51,-0.01482071,-0.01482071,-0.14539116510000002
42.52,-0.01391503,-0.01391503,-0.1365064443
42.53,-0.01301494,-0.01301494,-0.1276765614
42.54,-0.0121964,-0.0121964,-0.119646684
42.550000000000004,-0.01148671,-0.01148671,-0.11268462510000002
42.56,-0.01087067,-0.01087067,-0.10664127270000001
42.57,-0.0103076,-0.0103076,-0.10111755600000001
42.58,-0.00974787,-0.00974787,-0.0956266047
42.59,-0.009149007,-0.009149007,-0.08975175867000001
42.6,-0.008488268,-0.008488268,-0.08326990908000001
42.61,-0.007765416,-0.007765416,-0.07617873096
42.62,-0.006997408,-0.006997408,-0.06864457248
42.63,-0.006208535,-0.006208535,-0.06090572835000001
42.64,-0.005421906,-0.005421906,-0.05318889786
42.65,-0.004672651,-0.004672651,-0.04583870631
42.660000000000004,-0.004036966,-0.004036966,-0.03960263646000001
42.67,-0.003606908,-0.003606908,-0.03538376748
42.68,-0.003443933,-0.003443933,-0.03378498273
42.69,-0.003553314,-0.003553314,-0.03485801034
42.7,-0.003882616,-0.003882616,-0.03808846296000001
42.71,-0.00431174,-0.00431174,-0.0422981694
42.72,-0.004669063,-0.004669063,-0.04580350803
42.730000000000004,-0.004798465,-0.004798465,-0.047072941650000005
42.74,-0.004616131,-0.004616131,-0.04528424511
42.75,-0.00413344,-0.00413344,-0.040549046400000004
42.76,-0.003441979,-0.003441979,-0.033765813990000004
42.77,-0.002667306,-0.002667306,-0.02616627186
42.78,-0.001921096,-0.001921096,-0.01884595176
42.79,-0.001270577,-0.001270577,-0.01246436037
42.800000000000004,-0.0007337155,-0.0007337155,-0.007197749055
42.81,-0.0003102979,-0.0003102979,-0.003044022399
42.82,-9.866205e-06,-9.866205e-06,-9.678747105e-05
42.83,0.0001551968,0.0001551968,0.001522480608
42.84,0.0001834414,0.0001834414,0.001799560134
42.85,8.997829e-05,8.997829e-05,0.0008826870249000001
42.86,-9.955356e-05,-9.955356e-05,-0.0009766204236
42.87,-0.0003587676,-0.0003587676,-0.0035195101560000002
42.88,-0.000665104,-0.000665104,-0.0065246702400000006
42.89,-0.001001369,-0.001001369,-0.00982342989
42.9,-0.001355345,-0.001355345,-0.013295934450000001
42.910000000000004,-0.001718913,-0.001718913,-0.016862536530000003
42.92,-0.002072416,-0.002072416,-0.02033040096
42.93,-0.002352454,-0.002352454,-0.02307757374
42.94,-0.002470375,-0.002470375,-0.02423437875
42.95,-0.002357767,-0.002357767,-0.023129694270000004
42.96,-0.001995876,-0.001995876,-0.019579543560000003
42.97,-0.001418186,-0.001418186,-0.013912404660000002
42.980000000000004,-0.0006929564,-0.0006929564,-0.006797902284
42.99,9.439347e-05,9.439347e-05,0.0009259999407
43.0,0.0008422089,0.0008422089,0.008262069309
43.01,0.001454545,0.001454545,0.014269086450000001
43.02,0.001873475,0.001873475,0.018378789750000003
43.03,0.002095614,0.002095614,0.02055797334
43.04,0.002183321,0.002183321,0.02141837901
43.050000000000004,0.002255022,0.002255022,0.022121765820000003
43.06,0.002435076,0.002435076,0.023888095560000003
43.07,0.00280562,0.00280562,0.0275231322
43.08,0.003385615,0.003385615,0.03321288315
43.09,0.004138048,0.004138048,0.04059425088
43.1,0.004993746,0.004993746,0.04898864826
43.11,0.005875935,0.005875935,0.05764292235
43.12,0.006718542,0.006718542,0.06590889702000001
43.13,0.007481826,0.007481826,0.07339671306
43.14,0.008157313,0.008157313,0.08002324053
43.15,0.008747611,0.008747611,0.08581406391000002
43.160000000000004,0.009235937,0.009235937,0.09060454197000001
43.17,0.009593406,0.009593406,0.09411131286
43.18,0.009800735,0.009800735,0.09614521035
43.19,0.009861425,0.009861425,0.09674057925
43.2,0.009801572,0.009801572,0.09615342132
43.21,0.009661656,0.009661656,0.09478084536
43.22,0.009499764,0.009499764,0.09319268484000001
43.230000000000004,0.009405439,0.009405439,0.09226735659
43.24,0.009473285,0.009473285,0.09293292585
43.25,0.009763495,0.009763495,0.09577988595
43.26,0.01028235,0.01028235,0.10086985350000001
43.27,0.01098759,0.01098759,0.1077882579
43.28,0.01180943,0.01180943,0.1158505083
43.29,0.01267579,0.01267579,0.1243494999
43.300000000000004,0.01353123,0.01353123,0.1327413663
43.31,0.01433142,0.01433142,0.1405912302
43.32,0.01500203,0.01500203,0.1471699143
43.33,0.01544798,0.01544798,0.1515446838
43.34,0.01559417,0.01559417,0.1529788077
43.35,0.01538121,0.01538121,0.1508896701
43.36,0.01476102,0.01476102,0.1448056062
43.37,0.0137248,0.0137248,0.13464028800000002
43.38,0.01231839,0.01231839,0.1208434059
43.39,0.01063233,0.01063233,0.1043031573
43.4,0.008776096,0.008776096,0.08609350176000001
43.410000000000004,0.006849771,0.006849771,0.06719625351
43.42,0.004927574,0.004927574,0.04833950094
43.43,0.003070081,0.003070081,0.030117494610000003
43.44,0.001331981,0.001331981,0.013066733610000002
43.45,-0.0002516938,-0.0002516938,-0.002469116178
43.46,-0.001666462,-0.001666462,-0.016347992220000003
43.47,-0.002901759,-0.002901759,-0.02846625579
43.480000000000004,-0.003923181,-0.003923181,-0.03848640561
43.49,-0.004672004,-0.004672004,-0.045832359239999995
43.5,-0.005104311,-0.005104311,-0.050073290910000005
43.51,-0.005221313,-0.005221313,-0.051221080530000004
43.52,-0.005073527,-0.005073527,-0.04977129987000001
43.53,-0.004743896,-0.004743896,-0.04653761976
43.54,-0.004322415,-0.004322415,-0.04240289115
43.550000000000004,-0.003894347,-0.003894347,-0.03820354407
43.56,-0.003557456,-0.003557456,-0.03489864336
43.57,-0.003407676,-0.003407676,-0.03342930156
43.58,-0.003502953,-0.003502953,-0.03436396893
43.59,-0.003840448,-0.003840448,-0.03767479488
43.6,-0.004360314,-0.004360314,-0.042774680339999996
43.61,-0.004974223,-0.004974223,-0.04879712763
43.62,-0.005598419,-0.005598419,-0.05492049039000001
43.63,-0.006176726,-0.006176726,-0.06059368206
43.64,-0.006688502,-0.006688502,-0.06561420462
43.65,-0.007142605,-0.007142605,-0.07006895505
43.660000000000004,-0.007550349,-0.007550349,-0.07406892369
43.67,-0.007888739,-0.007888739,-0.07738852959
43.68,-0.008109231,-0.008109231,-0.07955155611
43.69,-0.008165291,-0.008165291,-0.08010150471000001
43.7,-0.008010236,-0.008010236,-0.07858041516000001
43.71,-0.007598371,-0.007598371,-0.07454001951
43.72,-0.006909479,-0.006909479,-0.06778198899
43.730000000000004,-0.005964035,-0.005964035,-0.058507183350000005
43.74,-0.004818781,-0.004818781,-0.04727224161000001
43.75,-0.003549104,-0.003549104,-0.03481671024
43.76,-0.002238371,-0.002238371,-0.02195841951
43.77,-0.000978528,-0.000978528,-0.00959935968
43.78,0.0001513682,0.0001513682,0.001484922042
43.79,0.001110039,0.001110039,0.01088948259
43.800000000000004,0.001901703,0.001901703,0.018655706430000002
43.81,0.002566243,0.002566243,0.02517484383
43.82,0.003159705,0.003159705,0.030996706050000003
43.83,0.003734714,0.003734714,0.03663754434
43.84,0.004326996,0.004326996,0.04244783076
43.85,0.004950848,0.004950848,0.04856781888
43.86,0.005602595,0.005602595,0.05496145695
43.87,0.00626156,0.00626156,0.061425903600000005
43.88,0.006867936,0.006867936,0.06737445216
43.89,0.007330731,0.007330731,0.07191447111
43.9,0.007572478,0.007572478,0.07428600918
43.910000000000004,0.007563606,0.007563606,0.07419897486
43.92,0.007329442,0.007329442,0.07190182602
43.93,0.006935761,0.006935761,0.06803981541000001
43.94,0.006480702,0.006480702,0.06357568662
43.95,0.006092157,0.006092157,0.05976406017
43.96,0.005891922,0.005891922,0.05779975482
43.97,0.005965888,0.005965888,0.05852536128
43.980000000000004,0.006344331,0.006344331,0.06223788711
43.99,0.006997516,0.006997516,0.06864563196
44.0,0.007851715,0.007851715,0.07702532415
44.01,0.00881693,0.00881693,0.08649408330000001
44.02,0.009813736,0.009813736,0.09627275016
44.03,0.01078943,0.01078943,0.1058443083
44.04,0.01169875,0.01169875,0.11476473750000002
44.050000000000004,0.01244803,0.01244803,0.12211517430000002
44.06,0.01291462,0.01291462,0.12669242220000002
44.07,0.01301024,0.01301024,0.1276304544
44.08,0.01271993,0.01271993,0.12478251330000001
44.09,0.01210328,0.01210328,0.11873317679999999
44.1,0.01126686,0.01126686,0.11052789660000001
44.11,0.01032668,0.01032668,0.1013047308
44.12,0.009376582,0.009376582,0.09198426942
44.13,0.008471108,0.008471108,0.08310156948
44.14,0.007624384,0.007624384,0.07479520704
44.15,0.006821699,0.006821699,0.06692086719
44.160000000000004,0.006056293,0.006056293,0.05941223433
44.17,0.005388126,0.005388126,0.052857516060000005
44.18,0.004925842,0.004925842,0.04832251002
44.19,0.004763261,0.004763261,0.046727590410000006
44.2,0.004934594,0.004934594,0.04840836714
44.21,0.005400817,0.005400817,0.05298201477
44.22,0.006028604,0.006028604,0.059140605240000005
44.230000000000004,0.006598392,0.006598392,0.06473022552
44.24,0.006891841,0.006891841,0.06760896021
44.25,0.006775854,0.006775854,0.06647112774000001
44.26,0.006235794,0.006235794,0.061173139140000006
44.27,0.005357823,0.005357823,0.05256024363
44.28,0.004281389,0.004281389,0.04200042609
44.29,0.003148406,0.003148406,0.030885862860000002
44.300000000000004,0.002102885,0.002102885,0.020629301850000004
44.31,0.001321521,0.001321521,0.012964121010000001
44.32,0.0009631486,0.0009631486,0.009448487766000001
44.33,0.001105916,0.001105916,0.01084903596
44.34,0.001730892,0.001730892,0.01698005052
44.35,0.002740969,0.002740969,0.02688890589
44.36,0.003998578,0.003998578,0.03922605018
44.37,0.005366971,0.005366971,0.052649985510000004
44.38,0.006729787,0.006729787,0.06601921047
44.39,0.007994368,0.007994368,0.07842475008000001
44.4,0.009106096,0.009106096,0.08933080176
44.410000000000004,0.01005152,0.01005152,0.0986054112
44.42,0.01081461,0.01081461,0.10609132410000001
44.43,0.01134507,0.01134507,0.1112951367
44.44,0.0115895,0.0115895,0.11369299500000002
44.45,0.0115194,0.0115194,0.11300531400000001
44.46,0.01110276,0.01110276,0.1089180756
44.47,0.01029662,0.01029662,0.1010098422
44.480000000000004,0.009083261,0.009083261,0.08910679041000001
44.49,0.007495488,0.007495488,0.07353073728000001
44.5,0.005613817,0.005613817,0.05507154477
44.51,0.00354373,0.00354373,0.034763991300000005
44.52,0.001388356,0.001388356,0.01361977236
44.53,-0.0007588522,-0.0007588522,-0.007444340082
44.54,-0.002800186,-0.002800186,-0.027469824660000003
44.550000000000004,-0.004640236,-0.004640236,-0.04552071516
44.56,-0.006157441,-0.006157441,-0.06040449621
44.57,-0.007216107,-0.007216107,-0.07079000967
44.58,-0.007732829,-0.007732829,-0.07585905249000001
44.59,-0.007718126,-0.007718126,-0.07571481606
44.6,-0.007270709,-0.007270709,-0.07132565529000001
44.61,-0.006532157,-0.006532157,-0.06408046017
44.62,-0.005634476,-0.005634476,-0.05527420956
44.63,-0.004672515,-0.004672515,-0.04583737215000001
44.64,-0.003699809,-0.003699809,-0.03629512629
44.65,-0.002763927,-0.002763927,-0.02711412387
44.660000000000004,-0.001945207,-0.001945207,-0.019082480670000002
44.67,-0.001331412,-0.001331412,-0.01306115172
44.68,-0.0009763846,-0.0009763846,-0.009578332926
44.69,-0.0008757886,-0.0008757886,-0.008591486166
44.7,-0.0009425429,-0.0009425429,-0.009246345849
44.71,-0.001017621,-0.001017621,-0.009982862010000001
44.72,-0.0009376222,-0.0009376222,-0.009198073782
44.730000000000004,-0.0005972585,-0.0005972585,-0.005859105885
44.74,2.494004e-05,2.494004e-05,0.0002446617924
44.75,0.0008722043,0.0008722043,0.008556324183000001
44.76,0.001813945,0.001813945,0.017794800450000002
44.77,0.0026789,0.0026789,0.026280009000000003
44.78,0.003322259,0.003322259,0.03259136079
44.79,0.003674202,0.003674202,0.03604392162
44.800000000000004,0.003749524,0.003749524,0.036782830440000004
44.81,0.003625276,0.003625276,0.035563957560000005
44.82,0.003403443,0.003403443,0.03338777583
44.83,0.003174928,0.003174928,0.031146043680000002
44.84,0.002997001,0.002997001,0.02940057981
44.85,0.002887721,0.002887721,0.028328543010000002
44.86,0.002846366,0.002846366,0.02792285046
44.87,0.002895177,0.002895177,0.028401686370000002
44.88,0.003078426,0.003078426,0.03019935906
44.89,0.003433659,0.003433659,0.033684194790000004
44.9,0.003970481,0.003970481,0.038950418609999996
44.910000000000004,0.004666367,0.004666367,0.04577706027
44.92,0.005475984,0.005475984,0.05371940304
44.93,0.006346322,0.006346322,0.06225741882
44.94,0.007212247,0.007212247,0.07075214307
44.95,0.007966056,0.007966056,0.07814700935999999
44.96,0.008484141,0.008484141,0.08322942321000001
44.97,0.008682899,0.008682899,0.08517923919000002
44.980000000000004,0.008550278,0.008550278,0.08387822718
44.99,0.008142152,0.008142152,0.07987451112
45.0,0.007555072,0.007555072,0.07411525632
45.01,0.006899507,0.006899507,0.06768416367
45.02,0.006316359,0.006316359,0.06196348179
45.03,0.005969287,0.005969287,0.05855870547000001
45.04,0.005983212,0.005983212,0.058695309720000005
45.050000000000004,0.006398346,0.006398346,0.06276777426
45.06,0.007166068,0.007166068,0.07029912708000001
45.07,0.008177862,0.008177862,0.08022482622
45.08,0.009305582,0.009305582,0.09128775942
45.09,0.01042566,0.01042566,0.1022757246
45.1,0.01143886,0.01143886,0.11221521660000001
45.11,0.01229213,0.01229213,0.1205857953
45.12,0.01298435,0.01298435,0.1273764735
45.13,0.01355449,0.01355449,0.1329695469
45.14,0.01405977,0.01405977,0.1379263437
45.15,0.01455294,0.01455294,0.14276434140000002
45.160000000000004,0.01506343,0.01506343,0.1477722483
45.17,0.01558971,0.01558971,0.1529350551
45.18,0.01611006,0.01611006,0.1580396886
45.19,0.0165986,0.0165986,0.16283226600000003
45.2,0.01702859,0.01702859,0.1670504679
45.21,0.01735855,0.01735855,0.1702873755
45.22,0.01754312,0.01754312,0.17209800719999999
45.230000000000004,0.01755672,0.01755672,0.1722314232
45.24,0.01740586,0.01740586,0.1707514866
45.25,0.01712548,0.01712548,0.1680009588
45.26,0.01676534,0.01676534,0.16446798540000002
45.27,0.01637029,0.01637029,0.1605925449
45.28,0.01593937,0.01593937,0.15636521970000003
45.29,0.0154109,0.0154109,0.15118092900000002
45.300000000000004,0.01470372,0.01470372,0.14424349320000002
45.31,0.0137638,0.0137638,0.135022878
45.32,0.01258754,0.01258754,0.1234837674
45.33,0.01121869,0.01121869,0.1100553489
45.34,0.00972847,0.00972847,0.0954362907
45.35,0.00819078,0.00819078,0.0803515518
45.36,0.00666952,0.00666952,0.06542799120000001
45.37,0.005233189,0.005233189,0.051337584090000006
45.38,0.003949714,0.003949714,0.03874669434
45.39,0.002860726,0.002860726,0.02806372206
45.4,0.001966879,0.001966879,0.01929508299
45.410000000000004,0.001231114,0.001231114,0.01207722834
45.42,0.0005928805,0.0005928805,0.005816157705
45.43,-1.260126e-05,-1.260126e-05,-0.0001236183606
45.44,-0.000635767,-0.000635767,-0.00623687427
45.45,-0.001302632,-0.001302632,-0.01277881992
45.46,-0.002013265,-0.002013265,-0.019750129650000003
45.47,-0.002725186,-0.002725186,-0.026734074660000003
45.480000000000004,-0.003342287,-0.003342287,-0.032787835470000005
45.49,-0.003758468,-0.003758468,-0.036870571080000004
45.5,-0.003907907,-0.003907907,-0.03833656767000001
45.51,-0.003788149,-0.003788149,-0.03716174169000001
45.52,-0.003452482,-0.003452482,-0.03386884842000001
45.53,-0.002968318,-0.002968318,-0.029119199580000005
45.54,-0.002353644,-0.002353644,-0.023089247639999998
45.550000000000004,-0.001575508,-0.001575508,-0.01545573348
45.56,-0.0005957162,-0.0005957162,-0.005843975922
45.57,0.0005770288,0.0005770288,0.005660652528
45.58,0.001877851,0.001877851,0.01842171831
45.59,0.003212754,0.003212754,0.031517116740000004
45.6,0.004473971,0.004473971,0.04388965551000001
45.61,0.005557983,0.005557983,0.05452381323
45.62,0.006375115,0.006375115,0.06253987815
45.63,0.006845626,0.006845626,0.06715559106
45.64,0.006927521,0.006927521,0.06795898101
45.65,0.006639043,0.006639043,0.06512901183
45.660000000000004,0.00605822,0.00605822,0.0594311382
45.67,0.005316778,0.005316778,0.052157592180000004
45.68,0.004568329,0.004568329,0.044815307490000005
45.69,0.003937798,0.003937798,0.038629798380000004
45.7,0.003488351,0.003488351,0.034220723310000006
45.71,0.003217231,0.003217231,0.03156103611
45.72,0.003074296,0.003074296,0.030158843759999998
45.730000000000004,0.00298777,0.00298777,0.0293100237
45.74,0.002869986,0.002869986,0.028154562660000004
45.75,0.002626308,0.002626308,0.02576408148
45.76,0.002187786,0.002187786,0.021462180660000003
45.77,0.001534605,0.001534605,0.015054475050000002
45.78,0.0006960807,0.0006960807,0.006828551667
45.79,-0.0002661153,-0.0002661153,-0.002610591093
45.800000000000004,-0.001278225,-0.001278225,-0.01253938725
45.81,-0.002275385,-0.002275385,-0.022321526850000002
45.82,-0.003217511,-0.003217511,-0.031563782910000004
45.83,-0.004094261,-0.004094261,-0.040164700410000004
45.84,-0.004918825,-0.004918825,-0.048253673250000004
45.85,-0.005704195,-0.005704195,-0.05595815295
45.86,-0.0064181,-0.0064181,-0.06296156100000001
45.87,-0.006988709,-0.006988709,-0.06855923529
45.88,-0.00734863,-0.00734863,-0.07209006030000001
45.89,-0.007469687,-0.007469687,-0.07327762947000001
45.9,-0.007372418,-0.007372418,-0.07232342058
45.910000000000004,-0.007115165,-0.007115165,-0.06979976865
45.92,-0.006788678,-0.006788678,-0.06659693118
45.93,-0.006529923,-0.006529923,-0.06405854463
45.94,-0.00648499,-0.00648499,-0.0636177519
45.95,-0.006750145,-0.006750145,-0.06621892245000001
45.96,-0.007332687,-0.007332687,-0.07193365947000001
45.97,-0.008138768,-0.008138768,-0.07984131408
45.980000000000004,-0.009015803,-0.009015803,-0.08844502743
45.99,-0.009818106,-0.009818106,-0.09631561986
46.0,-0.01045435,-0.01045435,-0.1025571735
46.01,-0.01090336,-0.01090336,-0.10696196160000002
46.02,-0.01118619,-0.01118619,-0.10973652390000001
46.03,-0.01129561,-0.01129561,-0.1108099341
46.04,-0.01118456,-0.01118456,-0.1097205336
46.050000000000004,-0.01080667,-0.01080667,-0.10601343270000001
46.06,-0.01015007,-0.01015007,-0.09957218670000001
46.07,-0.00924749,-0.00924749,-0.09071787690000001
46.08,-0.008164862,-0.008164862,-0.08009729622
46.09,-0.00698035,-0.00698035,-0.0684772335
46.1,-0.005763981,-0.005763981,-0.05654465361
46.11,-0.004578751,-0.004578751,-0.04491754731
46.12,-0.003495638,-0.003495638,-0.03429220878
46.13,-0.002576401,-0.002576401,-0.02527449381
46.14,-0.001855835,-0.001855835,-0.01820574135
46.15,-0.001346374,-0.001346374,-0.01320792894
46.160000000000004,-0.001039429,-0.001039429,-0.010196798489999999
46.17,-0.0009046287,-0.0009046287,-0.008874407547
46.18,-0.0008949337,-0.0008949337,-0.008779299597
46.19,-0.0009441401,-0.0009441401,-0.009262014381000001
46.2,-0.000965909,-0.000965909,-0.00947556729
46.21,-0.0008805733,-0.0008805733,-0.008638424073
46.22,-0.0006425026,-0.0006425026,-0.0063029505060000005
46.230000000000004,-0.000249802,-0.000249802,-0.00245055762
46.24,0.0002638445,0.0002638445,0.0025883145450000004
46.25,0.0008470551,0.0008470551,0.008309610531000001
46.26,0.001449874,0.001449874,0.014223263940000001
46.27,0.002037146,0.002037146,0.019984402260000002
46.28,0.002593852,0.002593852,0.02544568812
46.29,0.003126115,0.003126115,0.030667188150000003
46.300000000000004,0.003659817,0.003659817,0.035902804770000005
46.31,0.004227557,0.004227557,0.04147233417
46.32,0.004852844,0.004852844,0.047606399640000005
46.33,0.005523101,0.005523101,0.054181620810000004
46.34,0.006150652,0.006150652,0.060337896120000005
46.35,0.00660331,0.00660331,0.06477847110000001
46.36,0.006765417,0.006765417,0.06636874077
46.37,0.006572716,0.006572716,0.06447834396
46.38,0.006028061,0.006028061,0.059135278410000006
46.39,0.005195432,0.005195432,0.050967187920000004
46.4,0.004174447,0.004174447,0.04095132507
46.410000000000004,0.003068552,0.003068552,0.030102495120000003
46.42,0.001968146,0.001968146,0.019307512260000003
46.43,0.000957281,0.000957281,0.009390926610000001
46.44,0.000108459,0.000108459,0.00106398279
46.45,-0.0005195306,-0.0005195306,-0.005096595186000001
46.46,-0.0008935732,-0.0008935732,-0.008765953092000001
46.47,-0.001020036,-0.001020036,-0.01000655316
46.480000000000004,-0.0009429899,-0.0009429899,-0.009250730919
46.49,-0.000728853,-0.000728853,-0.00715004793
46.5,-0.0004493709,-0.0004493709,-0.0044083285290000005
46.51,-0.0001755015,-0.0001755015,-0.001721669715
46.52,3.342915e-05,3.342915e-05,0.0003279399615
46.53,0.000144224,0.000144224,0.0014148374400000001
46.54,0.0001545596,0.0001545596,0.0015162296760000001
46.550000000000004,8.657253e-05,8.657253e-05,0.0008492765193
46.56,-2.586707e-05,-2.586707e-05,-0.0002537559567
46.57,-0.0001500312,-0.0001500312,-0.0014718060720000001
46.58,-0.000263427,-0.000263427,-0.00258421887
46.59,-0.0003549447,-0.0003549447,-0.003482007507
46.6,-0.0004118797,-0.0004118797,-0.004040539857000001
46.61,-0.000413507,-0.000413507,-0.00405650367
46.62,-0.0003409692,-0.0003409692,-0.0033449078520000003
46.63,-0.0001872733,-0.0001872733,-0.0018371510730000001
46.64,3.978851e-05,3.978851e-05,0.00039032528310000005
46.65,0.0003212569,0.0003212569,0.003151530189
46.660000000000004,0.0006272041,0.0006272041,0.006152872221
46.67,0.0008870599,0.0008870599,0.008702057619000001
46.68,0.0009886671,0.0009886671,0.009698824251
46.69,0.0008301641,0.0008301641,0.008143909821
46.7,0.0003650885,0.0003650885,0.0035815181850000002
46.71,-0.0003847974,-0.0003847974,-0.003774862494
46.72,-0.001345463,-0.001345463,-0.013198992030000002
46.730000000000004,-0.002415468,-0.002415468,-0.023695741080000002
46.74,-0.003470644,-0.003470644,-0.03404701764
46.75,-0.004385333,-0.004385333,-0.04302011673
46.76,-0.005074278,-0.005074278,-0.04977866718
46.77,-0.005516474,-0.005516474,-0.054116609940000004
46.78,-0.005750864,-0.005750864,-0.05641597584
46.79,-0.005852789,-0.005852789,-0.05741586009
46.800000000000004,-0.005903815,-0.005903815,-0.05791642515
46.81,-0.005964059,-0.005964059,-0.05850741879
46.82,-0.006041327,-0.006041327,-0.05926541787
46.83,-0.006088921,-0.006088921,-0.05973231501
46.84,-0.006040766,-0.006040766,-0.05925991446000001
46.85,-0.005848182,-0.005848182,-0.05737066542000001
46.86,-0.005498826,-0.005498826,-0.053943483060000005
46.87,-0.005016793,-0.005016793,-0.04921473933000001
46.88,-0.004449026,-0.004449026,-0.04364494506
46.89,-0.00384739,-0.00384739,-0.037742895900000004
46.9,-0.003259513,-0.003259513,-0.03197582253
46.910000000000004,-0.002748598,-0.002748598,-0.026963746380000004
46.92,-0.002391677,-0.002391677,-0.023462351370000002
46.93,-0.002246273,-0.002246273,-0.022035938130000002
46.94,-0.002326279,-0.002326279,-0.022820796990000003
46.95,-0.002600191,-0.002600191,-0.02550787371
46.96,-0.003006485,-0.003006485,-0.029493617850000004
46.97,-0.003476154,-0.003476154,-0.03410107074
46.980000000000004,-0.003952405,-0.003952405,-0.03877309305
46.99,-0.004401786,-0.004401786,-0.04318152066000001
47.0,-0.004815225,-0.004815225,-0.04723735725000001
47.01,-0.005201831,-0.005201831,-0.05102996211
47.02,-0.00557897,-0.00557897,-0.054729695700000004
47.03,-0.005959481,-0.005959481,-0.058462508610000005
47.04,-0.006337695,-0.006337695,-0.06217278795
47.050000000000004,-0.006692738,-0.006692738,-0.06565575978
47.06,-0.007002282,-0.007002282,-0.06869238642
47.07,-0.007256325,-0.007256325,-0.07118454825000001
47.08,-0.007475547,-0.007475547,-0.07333511607
47.09,-0.007708579,-0.007708579,-0.07562115999
47.1,-0.008007313,-0.008007313,-0.07855174053000001
47.11,-0.008399001,-0.008399001,-0.08239419981
47.12,-0.008844549,-0.008844549,-0.08676502569000001
47.13,-0.009237225,-0.009237225,-0.09061717725
47.14,-0.009458664,-0.009458664,-0.09278949384000001
47.15,-0.00943273,-0.00943273,-0.0925350813
47.160000000000004,-0.009149158,-0.009149158,-0.08975323998
47.17,-0.008661228,-0.008661228,-0.08496664668000001
47.18,-0.008094165,-0.008094165,-0.07940375865
47.19,-0.007627298,-0.007627298,-0.07482379338
47.2,-0.00742235,-0.00742235,-0.07281325350000001
47.21,-0.007563817,-0.007563817,-0.07420104477
47.22,-0.008041624,-0.008041624,-0.07888833144000001
47.230000000000004,-0.008771906,-0.008771906,-0.08605239786
47.24,-0.009637741,-0.009637741,-0.09454623921000001
47.25,-0.0105289,-0.0105289,-0.10328850900000001
47.26,-0.01134165,-0.01134165,-0.11126158650000001
47.27,-0.01195363,-0.01195363,-0.1172651103
47.28,-0.01225688,-0.01225688,-0.1202399928
47.29,-0.01220299,-0.01220299,-0.11971133190000001
47.300000000000004,-0.01181771,-0.01181771,-0.11593173510000002
47.31,-0.01118437,-0.01118437,-0.10971866970000001
47.32,-0.01041709,-0.01041709,-0.10219165290000001
47.33,-0.009649917,-0.009649917,-0.09466568577
47.34,-0.009008947,-0.009008947,-0.08837777007
47.35,-0.008573891,-0.008573891,-0.08410987071
47.36,-0.008359971,-0.008359971,-0.08201131551000002
47.37,-0.008326524,-0.008326524,-0.08168320044
47.38,-0.008398865,-0.008398865,-0.08239286565000001
47.39,-0.008493719,-0.008493719,-0.08332338339
47.4,-0.008545497,-0.008545497,-0.08383132557000002
47.410000000000004,-0.0085213,-0.0085213,-0.08359395300000001
47.42,-0.008421941,-0.008421941,-0.08261924121000001
47.43,-0.008275018,-0.008275018,-0.08117792658
47.44,-0.008131879,-0.008131879,-0.07977373299
47.45,-0.008051816,-0.008051816,-0.07898831496
47.46,-0.008077769,-0.008077769,-0.07924291389
47.47,-0.008222309,-0.008222309,-0.08066085129000002
47.480000000000004,-0.008468235,-0.008468235,-0.08307338535
47.49,-0.008779713,-0.008779713,-0.08612898453000001
47.5,-0.009113055,-0.009113055,-0.08939906955
47.51,-0.009407367,-0.009407367,-0.09228627027
47.52,-0.00958762,-0.00958762,-0.0940545522
47.53,-0.009595081,-0.009595081,-0.09412774461000001
47.54,-0.009410115,-0.009410115,-0.09231322815000001
47.550000000000004,-0.009055204,-0.009055204,-0.08883155124000001
47.56,-0.008581797,-0.008581797,-0.08418742857000001
47.57,-0.008052701,-0.008052701,-0.07899699681000001
47.58,-0.007532593,-0.007532593,-0.07389473733
47.59,-0.007075343,-0.007075343,-0.06940911483000001
47.6,-0.00671007,-0.00671007,-0.0658257867
47.61,-0.006437124,-0.006437124,-0.06314818644
47.62,-0.006234434,-0.006234434,-0.06115979754
47.63,-0.006069625,-0.006069625,-0.05954302125000001
47.64,-0.005913045,-0.005913045,-0.05800697145
47.65,-0.005753538,-0.005753538,-0.05644220778
47.660000000000004,-0.005605715,-0.005605715,-0.05499206415
47.67,-0.005497112,-0.005497112,-0.05392666872
47.68,-0.005451068,-0.005451068,-0.05347497708
47.69,-0.005468026,-0.005468026,-0.05364133506
47.7,-0.005484711,-0.005484711,-0.05380501491
47.71,-0.005380634,-0.005380634,-0.05278401954
47.72,-0.005039365,-0.005039365,-0.04943617065
47.730000000000004,-0.004399746,-0.004399746,-0.04316150826000001
47.74,-0.003472906,-0.003472906,-0.03406920786
47.75,-0.002327848,-0.002327848,-0.02283618888
47.76,-0.001061912,-0.001061912,-0.01041735672
47.77,0.0002137485,0.0002137485,0.002096872785
47.78,0.001381097,0.001381097,0.013548561570000001
47.79,0.002348817,0.002348817,0.02304189477
47.800000000000004,0.003080629,0.003080629,0.030220970490000002
47.81,0.003598962,0.003598962,0.03530581722
47.82,0.003967024,0.003967024,0.038916505440000006
47.83,0.004258541,0.004258541,0.041776287210000006
47.84,0.004509807,0.004509807,0.044241206670000005
47.85,0.004696653,0.004696653,0.04607416593000001
47.86,0.00476418,0.00476418,0.0467366058
47.870000000000005,0.004666015,0.004666015,0.04577360715
47.88,0.004388593,0.004388593,0.04305209733
47.89,0.003954344,0.003954344,0.03879211464000001
47.9,0.003402904,0.003402904,0.03338248824
47.910000000000004,0.002766668,0.002766668,0.02714101308
47.92,0.002065368,0.002065368,0.020261260080000003
47.93,0.001304447,0.001304447,0.012796625070000001
47.94,0.0004520903,0.0004520903,0.004435005843
47.95,-0.0005564598,-0.0005564598,-0.005458870638
47.96,-0.001779409,-0.001779409,-0.01745600229
47.97,-0.003237177,-0.003237177,-0.03175670637
47.980000000000004,-0.004904399,-0.004904399,-0.048112154190000006
47.99,-0.006721811,-0.006721811,-0.06594096591000001
48.0,-0.008603289,-0.008603289,-0.08439826509000001
48.01,-0.01041828,-0.01041828,-0.10220332680000001
48.02,-0.01202174,-0.01202174,-0.1179332694
48.03,-0.01331284,-0.01331284,-0.1305989604
48.04,-0.01426899,-0.01426899,-0.1399787919
48.050000000000004,-0.01494269,-0.01494269,-0.14658778890000002
48.06,-0.0154323,-0.0154323,-0.15139086300000001
48.07,-0.01584373,-0.01584373,-0.1554269913
48.08,-0.01623415,-0.01623415,-0.1592570115
48.09,-0.01654278,-0.01654278,-0.1622846718
48.1,-0.01662471,-0.01662471,-0.16308840510000003
48.11,-0.01634278,-0.01634278,-0.1603226718
48.120000000000005,-0.01605976,-0.01605976,-0.1575462456
48.13,-0.01493836,-0.01493836,-0.1465453116
48.14,-0.0135282,-0.0135282,-0.13271164200000002
48.15,-0.01197067,-0.01197067,-0.11743227269999999
48.160000000000004,-0.0104367,-0.0104367,-0.102384027
48.17,-0.009103951,-0.009103951,-0.08930975931000001
48.18,-0.008097971,-0.008097971,-0.07944109551
48.19,-0.007454493,-0.007454493,-0.07312857633000001
48.2,-0.007122348,-0.007122348,-0.06987023388000001
48.21,-0.006995699,-0.006995699,-0.06862780719
48.22,-0.006956726,-0.006956726,-0.06824548206
48.230000000000004,-0.006911001,-0.006911001,-0.06779691981000001
48.24,-0.006804325,-0.006804325,-0.06675042825000001
48.25,-0.006603909,-0.006603909,-0.06478434729
48.26,-0.006273904,-0.006273904,-0.061546998240000005
48.27,-0.005785322,-0.005785322,-0.05675400882
48.28,-0.005131642,-0.005131642,-0.05034140802
48.29,-0.004334526,-0.004334526,-0.04252170006
48.300000000000004,-0.003457794,-0.003457794,-0.033920959140000005
48.31,-0.002613167,-0.002613167,-0.02563516827
48.32,-0.001917672,-0.001917672,-0.01881236232
48.33,-0.001446665,-0.001446665,-0.014191783650000001
48.34,-0.001211629,-0.001211629,-0.011886080490000001
48.35,-0.001159076,-0.001159076,-0.01137053556
48.36,-0.00118785,-0.00118785,-0.0116528085
48.370000000000005,-0.001189938,-0.001189938,-0.011673291780000001
48.38,-0.001088087,-0.001088087,-0.01067413347
48.39,-0.0008535926,-0.0008535926,-0.008373743406
48.4,-0.0005068524,-0.0005068524,-0.004972222044000001
48.410000000000004,-0.0001185331,-0.0001185331,-0.001162809711
48.42,0.0002128948,0.0002128948,0.002088497988
48.43,0.0004037908,0.0004037908,0.003961187748
48.44,0.0004150949,0.0004150949,0.0040720809690000005
48.45,0.0002582206,0.0002582206,0.0025331440860000003
48.46,-1.421697e-05,-1.421697e-05,-0.0001394684757
48.47,-0.000299135,-0.000299135,-0.0029345143500000004
48.480000000000004,-0.0004529909,-0.0004529909,-0.004443840729
48.49,-0.0003502534,-0.0003502534,-0.003435985854
48.5,6.810641e-05,6.810641e-05,0.0006681238821000001
48.51,0.0007821083,0.0007821083,0.007672482423
48.52,0.00171207,0.00171207,0.0167954067
48.53,0.00275377,0.00275377,0.0270144837
48.54,0.003805584,0.003805584,0.03733277904
48.550000000000004,0.004779578,0.004779578,0.04688766018
48.56,0.005617922,0.005617922,0.05511181482
48.57,0.006304738,0.006304738,0.06184947978
48.58,0.006862573,0.006862573,0.06732184113
48.59,0.007336984,0.007336984,0.07197581304
48.6,0.007777353,0.007777353,0.07629583293
48.61,0.008221984,0.008221984,0.08065766304000001
48.620000000000005,0.008690413,0.008690413,0.08525295153
48.63,0.00918428,0.00918428,0.0900977868
48.64,0.009691541,0.009691541,0.09507401721
48.65,0.01018252,0.01018252,0.09989052120000001
48.660000000000004,0.01060996,0.01060996,0.1040837076
48.67,0.01092911,0.01092911,0.10721456910000002
48.68,0.01111416,0.01111416,0.1090299096
48.69,0.01115995,0.01115995,0.1094791095
48.7,0.01108122,0.01108122,0.1087067682
48.71,0.01090794,0.01090794,0.1070068914
48.72,0.01067643,0.01067643,0.10473577830000001
48.730000000000004,0.01042009,0.01042009,0.10222108290000001
48.74,0.0101691,0.0101691,0.09975887100000001
48.75,0.009960977,0.009960977,0.09771718437
48.76,0.009833882,0.009833882,0.09647038242000001
48.77,0.009810909,0.009810909,0.09624501729
48.78,0.009892038,0.009892038,0.09704089278000001
48.79,0.01005681,0.01005681,0.0986573061
48.800000000000004,0.01027345,0.01027345,0.1007825445
48.81,0.01050776,0.01050776,0.1030811256
48.82,0.01070361,0.01070361,0.10500241410000001
48.83,0.01076259,0.01076259,0.10558100790000001
48.84,0.0105832,0.0105832,0.10382119199999999
48.85,0.01010878,0.01010878,0.0991671318
48.86,0.009347815,0.009347815,0.09170206515000001
48.870000000000005,0.008368152,0.008368152,0.08209157112000001
48.88,0.007280242,0.007280242,0.07141917402
48.89,0.006202151,0.006202151,0.06084310131000001
48.9,0.005221699,0.005221699,0.05122486719
48.910000000000004,0.004376642,0.004376642,0.04293485802
48.92,0.003660961,0.003660961,0.03591402741
48.93,0.003065958,0.003065958,0.030077047980000004
48.94,0.002605492,0.002605492,0.02555987652
48.95,0.002300597,0.002300597,0.022568856570000004
48.96,0.002158607,0.002158607,0.02117593467
48.97,0.002156768,0.002156768,0.02115789408
48.980000000000004,0.002225161,0.002225161,0.02182882941
48.99,0.002266096,0.002266096,0.02223040176
49.0,0.002194776,0.002194776,0.021530752559999998
49.01,0.001967872,0.001967872,0.01930482432
49.02,0.001598627,0.001598627,0.015682530870000003
49.03,0.001174955,0.001174955,0.011526308550000001
49.04,0.0008314138,0.0008314138,0.008156169378
49.050000000000004,0.0006868843,0.0006868843,0.006738334983
49.06,0.0007996093,0.0007996093,0.007844167233
49.07,0.001156622,0.001156622,0.01134646182
49.08,0.001691358,0.001691358,0.016592221980000002
49.09,0.002315268,0.002315268,0.022712779080000002
49.1,0.002950538,0.002950538,0.02894477778
49.11,0.003552704,0.003552704,0.03485202624
49.120000000000005,0.00411307,0.00411307,0.0403492167
49.13,0.004647563,0.004647563,0.04559259303
49.14,0.005181527,0.005181527,0.05083077987
49.15,0.005736027,0.005736027,0.05627042487000001
49.160000000000004,0.006308006,0.006308006,0.06188153886
49.17,0.006843283,0.006843283,0.06713260623
49.18,0.007257016,0.007257016,0.07119132696
49.19,0.007478788,0.007478788,0.07336691028
49.2,0.00748265,0.00748265,0.07340479650000001
49.21,0.007292121,0.007292121,0.07153570701
49.22,0.006965484,0.006965484,0.06833139804
49.230000000000004,0.006572564,0.006572564,0.06447685284
49.24,0.006172628,0.006172628,0.06055348068000001
49.25,0.005784962,0.005784962,0.056750477220000005
49.26,0.005360156,0.005360156,0.05258313036
49.27,0.004809265,0.004809265,0.04717888965
49.28,0.004056504,0.004056504,0.03979430424
49.29,0.003076361,0.003076361,0.030179101410000003
49.300000000000004,0.001922028,0.001922028,0.018855094680000004
49.31,0.0007226749,0.0007226749,0.007089440769
49.32,-0.0003739846,-0.0003739846,-0.0036687889260000003
49.33,-0.001261492,-0.001261492,-0.01237523652
49.34,-0.00190432,-0.00190432,-0.0186813792
49.35,-0.002335619,-0.002335619,-0.022912422390000003
49.36,-0.00263962,-0.00263962,-0.025894672200000003
49.370000000000005,-0.00292186,-0.00292186,-0.028663446600000003
49.38,-0.003271431,-0.003271431,-0.032092738110000005
49.39,-0.003735661,-0.003735661,-0.03664683441
49.4,-0.004315465,-0.004315465,-0.04233471165
49.410000000000004,-0.004977325,-0.004977325,-0.04882755825000001
49.42,-0.005672364,-0.005672364,-0.055645890840000004
49.43,-0.006337622,-0.006337622,-0.06217207182000001
49.44,-0.006880393,-0.006880393,-0.06749665533
49.45,-0.007206972,-0.007206972,-0.07070039532
49.46,-0.007264841,-0.007264841,-0.07126809021000001
49.47,-0.007060955,-0.007060955,-0.06926796855
49.480000000000004,-0.006653056,-0.006653056,-0.06526647936
49.49,-0.006129336,-0.006129336,-0.06012878616
49.5,-0.005607929,-0.005607929,-0.05501378349
49.51,-0.005219994,-0.005219994,-0.05120814114
49.52,-0.005063071,-0.005063071,-0.04966872651
49.53,-0.005169688,-0.005169688,-0.05071463928000001
49.54,-0.005502358,-0.005502358,-0.05397813198
49.550000000000004,-0.005932601,-0.005932601,-0.058198815810000006
49.56,-0.006247386,-0.006247386,-0.06128685666
49.57,-0.006238636,-0.006238636,-0.06120101916
49.58,-0.005788025,-0.005788025,-0.05678052525
49.59,-0.004897819,-0.004897819,-0.048047604390000005
49.6,-0.003669587,-0.003669587,-0.035998648470000005
49.61,-0.002253948,-0.002253948,-0.02211122988
49.620000000000005,-0.0007964237,-0.0007964237,-0.007812916497
49.63,0.0006007134,0.0006007134,0.005892998454000001
49.64,0.001887821,0.001887821,0.01851952401
49.65,0.003022317,0.003022317,0.029648929770000002
49.660000000000004,0.003934614,0.003934614,0.03859856334
49.67,0.004554215,0.004554215,0.04467684915
49.68,0.004844117,0.004844117,0.04752078777
49.69,0.004820022,0.004820022,0.04728441582
49.7,0.004545571,0.004545571,0.04459205151
49.71,0.004111507,0.004111507,0.04033388367000001
49.72,0.003632141,0.003632141,0.03563130321000001
49.730000000000004,0.003252413,0.003252413,0.03190617153
49.74,0.003104415,0.003104415,0.030454311150000003
49.75,0.003258711,0.003258711,0.031967954910000006
49.76,0.003707501,0.003707501,0.03637058481
49.77,0.004380213,0.004380213,0.04296988953
49.78,0.005176937,0.005176937,0.05078575197000001
49.79,0.005993104,0.005993104,0.05879235024
49.800000000000004,0.006698528,0.006698528,0.06571255968
49.81,0.007149274,0.007149274,0.07013437794
49.82,0.007245132,0.007245132,0.07107474492
49.83,0.006970064,0.006970064,0.06837632784
49.84,0.006406673,0.006406673,0.06284946213
49.85,0.005707871,0.005707871,0.05599421451
49.86,0.005033493,0.005033493,0.049378566330000005
49.870000000000005,0.004496442,0.004496442,0.04411009602
49.88,0.004139106,0.004139106,0.040604629860000005
49.89,0.003940071,0.003940071,0.03865209651
49.9,0.003846771,0.003846771,0.03773682351
49.910000000000004,0.003821366,0.003821366,0.03748760046
49.92,0.003854253,0.003854253,0.037810221930000006
49.93,0.003952197,0.003952197,0.038771052570000006
49.94,0.004123383,0.004123383,0.04045038723000001
49.95,0.004367591,0.004367591,0.04284606771
49.96,0.004673717,0.004673717,0.04584916377
49.97,0.005022469,0.005022469,0.04927042089
49.980000000000004,0.005391869,0.005391869,0.05289423489
49.99,0.005757046,0.005757046,0.056476621260000005
50.0,0.00606825,0.00606825,0.0595295325
50.01,0.006254686,0.006254686,0.06135846966
50.02,0.006263615,0.006263615,0.06144606315000001
50.03,0.006087014,0.006087014,0.05971360734
50.04,0.005760068,0.005760068,0.056506267080000006
50.050000000000004,0.005342507,0.005342507,0.05240999367
50.06,0.00489625,0.00489625,0.048032212500000004
50.07,0.004473787,0.004473787,0.04388785047
50.08,0.00412999,0.00412999,0.040515201900000006
50.09,0.00391799,0.00391799,0.0384354819
50.1,0.003868122,0.003868122,0.03794627682
50.11,0.00396665,0.00396665,0.038912836500000006
50.120000000000005,0.004139823,0.004139823,0.04061166363
50.13,0.004281563,0.004281563,0.042002133030000006
50.14,0.004300771,0.004300771,0.04219056351
50.15,0.004152601,0.004152601,0.04073701581
50.160000000000004,0.003844401,0.003844401,0.03771357381
50.17,0.003421874,0.003421874,0.03356858394
50.18,0.002946066,0.002946066,0.02890090746
50.19,0.002471666,0.002471666,0.02424704346
50.2,0.002033269,0.002033269,0.01994636889
50.21,0.001641833,0.001641833,0.01610638173
50.22,0.001289292,0.001289292,0.01264795452
50.230000000000004,0.0009594613,0.0009594613,0.009412315353
50.24,0.000649916,0.000649916,0.0063756759599999996
50.25,0.0003827153,0.0003827153,0.0037544370930000003
50.26,0.000188887,0.000188887,0.0018529814700000001
50.27,8.958529e-05,8.958529e-05,0.0008788316949
50.28,8.642458e-05,8.642458e-05,0.0008478251298
50.29,0.0001624844,0.0001624844,0.0015939719640000003
50.300000000000004,0.0002931567,0.0002931567,0.0028758672270000002
50.31,0.000458549,0.000458549,0.0044983656900000005
50.32,0.0006466031,0.0006466031,0.006343176411
50.33,0.0008510582,0.0008510582,0.008348880942
50.34,0.001066677,0.001066677,0.010464101370000001
50.35,0.001281848,0.001281848,0.01257492888
50.36,0.001479883,0.001479883,0.01451765223
50.370000000000005,0.001646403,0.001646403,0.016151213430000002
50.38,0.001774799,0.001774799,0.01741077819
50.39,0.001867428,0.001867428,0.01831946868
50.4,0.001933208,0.001933208,0.01896477048
50.410000000000004,0.001983684,0.001983684,0.01945994004
50.42,0.002029303,0.002029303,0.01990746243
50.43,0.002077009,0.002077009,0.02037545829
50.44,0.002132712,0.002132712,0.020921904720000002
50.45,0.002208413,0.002208413,0.021664531530000003
50.46,0.002319372,0.002319372,0.02275303932
50.47,0.00247587,0.00247587,0.0242882847
50.480000000000004,0.002678353,0.002678353,0.02627464293
50.49,0.002917821,0.002917821,0.028623824010000003
50.5,0.00318211,0.00318211,0.031216499100000003
50.51,0.003463591,0.003463591,0.03397782771
50.52,0.00375964,0.00375964,0.0368820684
50.53,0.004069559,0.004069559,0.03992237379000001
50.54,0.004391917,0.004391917,0.04308470577000001
50.550000000000004,0.00472348,0.00472348,0.04633733880000001
50.56,0.005057807,0.005057807,0.049617086670000005
50.57,0.005371463,0.005371463,0.05269405203
50.58,0.005616848,0.005616848,0.05510127888
50.59,0.005739259,0.005739259,0.05630213079
50.6,0.005676472,0.005676472,0.05568619032
50.61,0.005370419,0.005370419,0.05268381039000001
50.620000000000005,0.004799685,0.004799685,0.04708490985
50.63,0.004045453,0.004045453,0.03968589393
50.64,0.003345027,0.003345027,0.032814714870000004
50.65,0.002991131,0.002991131,0.029342995110000002
50.660000000000004,0.003194198,0.003194198,0.031335082380000004
50.67,0.004008479,0.004008479,0.03932317899
50.68,0.005336842,0.005336842,0.05235442002
50.69,0.006983735,0.006983735,0.06851044035
50.7,0.00868171,0.00868171,0.0851675751
50.71,0.01012614,0.01012614,0.09933743340000001
50.72,0.01107781,0.01107781,0.10867331610000001
50.730000000000004,0.01144088,0.01144088,0.11223503280000001
50.74,0.01127184,0.01127184,0.1105767504
50.75,0.01072669,0.01072669,0.10522882890000002
50.76,0.009950815,0.009950815,0.09761749515000001
50.77,0.009003062,0.009003062,0.08832003822
50.78,0.00787624,0.00787624,0.0772659144
50.79,0.006545838,0.006545838,0.06421467078
50.800000000000004,0.005007421,0.005007421,0.04912280001
50.81,0.003290727,0.003290727,0.03228203187
50.82,0.001453517,0.001453517,0.014259001770000002
50.83,-0.000434859,-0.000434859,-0.004265966790000001
50.84,-0.002305713,-0.002305713,-0.02261904453
50.85,-0.004038339,-0.004038339,-0.039616105590000006
50.86,-0.005410782,-0.005410782,-0.053079771420000005
50.870000000000005,-0.006198705,-0.006198705,-0.06080929605
50.88,-0.006321978,-0.006321978,-0.06201860418
50.89,-0.005907865,-0.005907865,-0.05795615565
50.9,-0.005213074,-0.005213074,-0.051140255940000004
50.910000000000004,-0.004468666,-0.004468666,-0.04383761346
50.92,-0.003768467,-0.003768467,-0.03696866127
50.93,-0.003083225,-0.003083225,-0.030246437250000004
50.94,-0.002328392,-0.002328392,-0.02284152552
50.95,-0.001427789,-0.001427789,-0.014006610090000001
50.96,-0.0003506456,-0.0003506456,-0.003439833336
50.97,0.0008732992,0.0008732992,0.008567065152
50.980000000000004,0.002147068,0.002147068,0.021062737079999998
50.99,0.003321515,0.003321515,0.03258406215
51.0,0.004219097,0.004219097,0.04138934157
51.01,0.004698447,0.004698447,0.04609176507
51.02,0.004710868,0.004710868,0.04621361508
51.03,0.00431038,0.00431038,0.0422848278
51.04,0.003623049,0.003623049,0.03554211069
51.050000000000004,0.002798291,0.002798291,0.02745123471
51.06,0.001964151,0.001964151,0.01926832131
51.07,0.001200481,0.001200481,0.01177671861
51.08,0.0005416252,0.0005416252,0.005313343212
51.09,2.262638e-05,2.262638e-05,0.00022196478780000002
51.1,-0.0003047105,-0.0003047105,-0.002989210005
51.11,-0.0004146697,-0.0004146697,-0.004067909757000001
51.120000000000005,-0.0003910696,-0.0003910696,-0.0038363927760000005
51.13,-0.0004226248,-0.0004226248,-0.004145949288
51.14,-0.0007033619,-0.0007033619,-0.006899980239
51.15,-0.0013466,-0.0013466,-0.013210146000000002
51.160000000000004,-0.002353826,-0.002353826,-0.02309103306
51.17,-0.003634017,-0.003634017,-0.03564970677
51.18,-0.005048348,-0.005048348,-0.04952429388000001
51.19,-0.006415434,-0.006415434,-0.06293540754
51.2,-0.007479444,-0.007479444,-0.07337334564
51.21,-0.007993109,-0.007993109,-0.07841239929
51.22,-0.007827799,-0.007827799,-0.07679070819
51.230000000000004,-0.007016005,-0.007016005,-0.06882700905
51.24,-0.005721561,-0.005721561,-0.056128513410000004
51.25,-0.004170142,-0.004170142,-0.04090909302
51.26,-0.002606444,-0.002606444,-0.02556921564
51.27,-0.001304946,-0.001304946,-0.012801520260000001
51.28,-0.0005042889,-0.0005042889,-0.004947074109
51.29,-0.0003193736,-0.0003193736,-0.0031330550160000004
51.300000000000004,-0.0007132931,-0.0007132931,-0.006997405311
51.31,-0.001532119,-0.001532119,-0.01503008739
51.32,-0.002572305,-0.002572305,-0.025234312050000002
51.33,-0.003643899,-0.003643899,-0.03574664919
51.34,-0.004594587,-0.004594587,-0.04507289847
51.35,-0.005321909,-0.005321909,-0.05220792729
51.36,-0.005789743,-0.005789743,-0.05679737883
51.370000000000005,-0.006025789,-0.006025789,-0.059112990090000005
51.38,-0.006097793,-0.006097793,-0.05981934933
51.39,-0.006066275,-0.006066275,-0.05951015775000001
51.4,-0.005945905,-0.005945905,-0.05832932805
51.410000000000004,-0.00571877,-0.00571877,-0.0561011337
51.42,-0.005364971,-0.005364971,-0.05263036551
51.43,-0.004883927,-0.004883927,-0.04791132387
51.44,-0.004314083,-0.004314083,-0.04232115423
51.45,-0.003754738,-0.003754738,-0.036833979780000005
51.46,-0.003330711,-0.003330711,-0.03267427491
51.47,-0.003131489,-0.003131489,-0.03071990709
51.480000000000004,-0.003166555,-0.003166555,-0.031063904550000004
51.49,-0.003368155,-0.003368155,-0.03304160055
51.5,-0.003632712,-0.003632712,-0.03563690472
51.51,-0.003865217,-0.003865217,-0.03791777877
51.52,-0.004007443,-0.004007443,-0.039313015830000006
51.53,-0.004045417,-0.004045417,-0.03968554077
51.54,-0.004000298,-0.004000298,-0.03924292338
51.550000000000004,-0.003912654,-0.003912654,-0.03838313574
51.56,-0.003832721,-0.003832721,-0.03759899301
51.57,-0.003806831,-0.003806831,-0.037345012110000006
51.58,-0.00386099,-0.00386099,-0.0378763119
51.59,-0.003986794,-0.003986794,-0.03911044914
51.6,-0.004126698,-0.004126698,-0.04048290738
51.61,-0.00419708,-0.00419708,-0.0411733548
51.620000000000005,-0.00413071,-0.00413071,-0.0405222651
51.63,-0.003903184,-0.003903184,-0.03829023504
51.64,-0.003535498,-0.003535498,-0.03468323538
51.65,-0.00308398,-0.00308398,-0.030253843800000003
51.660000000000004,-0.002631045,-0.002631045,-0.02581055145
51.67,-0.002258933,-0.002258933,-0.02216013273
51.68,-0.002019817,-0.002019817,-0.019814404770000002
51.69,-0.001923029,-0.001923029,-0.01886491449
51.7,-0.001940996,-0.001940996,-0.01904117076
51.71,-0.00202632,-0.00202632,-0.0198781992
51.72,-0.002130554,-0.002130554,-0.020900734740000003
51.730000000000004,-0.002215841,-0.002215841,-0.02173740021
51.74,-0.002258315,-0.002258315,-0.02215407015
51.75,-0.002250125,-0.002250125,-0.02207372625
51.76,-0.00219793,-0.00219793,-0.0215616933
51.77,-0.002117353,-0.002117353,-0.020771232930000005
51.78,-0.002026066,-0.002026066,-0.01987570746
51.79,-0.001938198,-0.001938198,-0.01901372238
51.800000000000004,-0.001863177,-0.001863177,-0.01827776637
51.81,-0.001808954,-0.001808954,-0.017745838740000002
51.82,-0.00178121,-0.00178121,-0.0174736701
51.83,-0.001780716,-0.001780716,-0.01746882396
51.84,-0.001802866,-0.001802866,-0.017686115460000002
51.85,-0.001839486,-0.001839486,-0.01804535766
51.86,-0.001881479,-0.001881479,-0.01845730899
51.870000000000005,-0.001919694,-0.001919694,-0.018832198140000003
51.88,-0.001944629,-0.001944629,-0.019076810490000002
51.89,-0.001949152,-0.001949152,-0.01912118112
51.9,-0.001931058,-0.001931058,-0.01894367898
51.910000000000004,-0.001893268,-0.001893268,-0.01857295908
51.92,-0.001842096,-0.001842096,-0.01807096176
51.93,-0.001785448,-0.001785448,-0.017515244880000003
51.94,-0.001732366,-0.001732366,-0.01699451046
51.95,-0.001690765,-0.001690765,-0.01658640465
51.96,-0.001664634,-0.001664634,-0.01633005954
51.97,-0.001653208,-0.001653208,-0.01621797048
51.980000000000004,-0.001652073,-0.001652073,-0.01620683613
51.99,-0.001655116,-0.001655116,-0.016236687960000003
52.0,-0.001654815,-0.001654815,-0.01623373515
52.01,-0.001642871,-0.001642871,-0.01611656451
52.02,-0.001613167,-0.001613167,-0.015825168270000002
52.03,-0.001563654,-0.001563654,-0.01533944574
52.04,-0.001496636,-0.001496636,-0.01468199916
52.050000000000004,-0.001417645,-0.001417645,-0.01390709745
52.06,-0.001333292,-0.001333292,-0.013079594520000001
52.07,-0.001248247,-0.001248247,-0.012245303070000001
52.08,-0.001163823,-0.001163823,-0.011417103630000001
52.09,-0.001079338,-0.001079338,-0.010588305780000001
52.1,-0.0009939584,-0.0009939584,-0.009750731904
52.11,-0.0009077822,-0.0009077822,-0.008905343382
52.120000000000005,-0.0008220584,-0.0008220584,-0.008064392904
52.13,-0.000739045,-0.000739045,-0.0072500314500000005
52.14,-0.0006639266,-0.0006639266,-0.006513119946
52.15,-0.0006052405,-0.0006052405,-0.005937409305
52.160000000000004,-0.0005703137,-0.0005703137,-0.005594777397000001
52.17,-0.000561355,-0.000561355,-0.005506892550000001
52.18,-0.0005746653,-0.0005746653,-0.0056374665930000005
52.19,-0.000601998,-0.000601998,-0.00590560038
52.2,-0.0006312846,-0.0006312846,-0.0061929019259999996
52.21,-0.0006498542,-0.0006498542,-0.006375069702
52.22,-0.0006492854,-0.0006492854,-0.006369489774
52.230000000000004,-0.0006277975,-0.0006277975,-0.006158693475
52.24,-0.0005895293,-0.0005895293,-0.005783282433
52.25,-0.0005420441,-0.0005420441,-0.005317452621000001
52.26,-0.0004942576,-0.0004942576,-0.004848667056
52.27,-0.0004543142,-0.0004543142,-0.004456822302000001
52.28,-0.0004270423,-0.0004270423,-0.004189284963
52.29,-0.0004125979,-0.0004125979,-0.004047585399
52.300000000000004,-0.0004072101,-0.0004072101,-0.003994731081000001
52.31,-0.0004057234,-0.0004057234,-0.003980146554
52.32,-0.000404146,-0.000404146,-0.00396467226
52.33,-0.0004005916,-0.0004005916,-0.003929803596
52.34,-0.0003949519,-0.0003949519,-0.003874478139
52.35,-0.0003881184,-0.0003881184,-0.003807441504
52.36,-0.0003811856,-0.0003811856,-0.0037394307360000003
52.370000000000005,-0.0003749105,-0.0003749105,-0.0036778720050000004
52.38,-0.0003694627,-0.0003694627,-0.0036244290870000003
52.39,-0.0003643732,-0.0003643732,-0.003574501092
52.4,-0.0003587991,-0.0003587991,-0.003519819171
52.410000000000004,-0.0003519657,-0.0003519657,-0.003452783517
52.42,-0.0003434775,-0.0003434775,-0.0033695142750000003
52.43,-0.000333419,-0.000333419,-0.0032708403900000003
52.44,-0.0003227414,-0.0003227414,-0.0031660931340000004
52.45,-0.0003133486,-0.0003133486,-0.0030739497660000003
52.46,-0.0003068511,-0.0003068511,-0.003010209291
52.47,-0.0003027298,-0.0003027298,-0.002969779338
52.480000000000004,-0.0002982566,-0.0002982566,-0.002925897246
52.49,-0.000290341,-0.000290341,-0.00284824521
52.5,-0.0002771255,-0.0002771255,-0.002718601155
52.51,-0.0002586752,-0.0002586752,-0.002537603712
52.52,-0.000236869,-0.000236869,-0.0023236848900000003
52.53,-0.0002144223,-0.0002144223,-0.0021034827630000003
52.54,-0.0001936852,-0.0001936852,-0.001900051812
52.550000000000004,-0.0001759723,-0.0001759723,-0.0017262882630000001
52.56,-0.000161528,-0.000161528,-0.00158458968
52.57,-0.0001497706,-0.0001497706,-0.0014692495860000002
52.58,-0.0001396621,-0.0001396621,-0.0013700852010000001
52.59,-0.000130103,-0.000130103,-0.0012763104300000001
52.6,-0.0001202368,-0.0001202368,-0.001179523008
52.61,-0.0001095989,-0.0001095989,-0.0010751652090000001
52.620000000000005,-9.810975e-05,-9.810975e-05,-0.0009624566475000001
52.63,-8.594875e-05,-8.594875e-05,-0.0008431572375
52.64,-7.339618e-05,-7.339618e-05,-0.0007200165258
52.65,-6.070468e-05,-6.070468e-05,-0.0005955129108000001
52.660000000000004,-4.802335e-05,-4.802335e-05,-0.00047110906350000006
52.67,-3.539048e-05,-3.539048e-05,-0.0003471806088
52.68,-2.276206e-05,-2.276206e-05,-0.0002232958086
52.69,-1.006331e-05,-1.006331e-05,-9.87210711e-05
52.7,2.771399e-06,2.771399e-06,2.7187424190000002e-05
52.71,1.577077e-05,1.577077e-05,0.0001547112537
52.72,2.893152e-05,2.893152e-05,0.0002838182112
52.730000000000004,4.225387e-05,4.225387e-05,0.0004145104647
52.74,5.578027e-05,5.578027e-05,0.0005472044487
52.75,6.953847e-05,6.953847e-05,0.0006821723907000001
52.76,8.35028e-05,8.35028e-05,0.0008191624680000001
52.77,9.757652e-05,9.757652e-05,0.0009572256612
52.78,0.0001116002,0.0001116002,0.001094797962
52.79,0.0001254112,0.0001254112,0.0012302838720000002
52.800000000000004,0.0001389096,0.0001389096,0.0013627031760000002
52.81,0.0001520803,0.0001520803,0.001491907743
52.82,0.000164979,0.000164979,0.00161844399
52.83,0.0001776944,0.0001776944,0.001743182064
52.84,0.0001903119,0.0001903119,0.0018669597390000001
52.85,0.0002028894,0.0002028894,0.001990345014
52.86,0.0002154528,0.0002154528,0.002113591968
52.870000000000005,0.0002279972,0.0002279972,0.002236652532
52.88,0.000240497,0.000240497,0.00235927557
52.89,0.0002529192,0.0002529192,0.0024811373520000003
52.9,0.0002652405,0.0002652405,0.002602009305
52.910000000000004,0.0002774549,0.0002774549,0.002721832569
52.92,0.0002895719,0.0002895719,0.002840700339
52.93,0.0003016076,0.0003016076,0.0029587705560000003
52.94,0.0003135768,0.0003135768,0.0030761884079999998
52.95,0.0003254932,0.0003254932,0.0031930882920000003
52.96,0.0003373685,0.0003373685,0.0033095849850000004
52.97,0.0003492056,0.0003492056,0.003425706936
52.980000000000004,0.0003609942,0.0003609942,0.0035413531020000006
52.99,0.0003727147,0.0003727147,0.003656331207
53.0,0.000384344,0.000384344,0.00377041464
53.01,0.0003958636,0.0003958636,0.003883421916
53.02,0.0004072624,0.0004072624,0.0039952441440000005
53.03,0.0004185371,0.0004185371,0.004105848951000001
53.04,0.0004296904,0.0004296904,0.004215262824
53.050000000000004,0.0004407276,0.0004407276,0.004323537756
53.06,0.0004516543,0.0004516543,0.004430728683
53.07,0.0004624741,0.0004624741,0.004536870921
53.08,0.0004731883,0.0004731883,0.004641977223
53.09,0.0004837981,0.0004837981,0.004746059361
53.1,0.0004943053,0.0004943053,0.0048491349930000005
53.11,0.0005047121,0.0005047121,0.004951225701
53.120000000000005,0.0005150216,0.0005150216,0.005052361896000001
53.13,0.0005252357,0.0005252357,0.005152562217000001
53.14,0.0005353557,0.0005353557,0.005251839417
53.15,0.0005453817,0.0005453817,0.005350194477
53.160000000000004,0.0005553132,0.0005553132,0.005447622492
53.17,0.0005651491,0.0005651491,0.005544112671
53.18,0.0005748878,0.0005748878,0.0056396493180000005
53.19,0.000584528,0.000584528,0.0057342196799999995
53.2,0.000594069,0.000594069,0.00582781689
53.21,0.0006035107,0.0006035107,0.0059204399670000005
53.22,0.0006128536,0.0006128536,0.006012093816000001
53.230000000000004,0.0006220984,0.0006220984,0.006102785304
53.24,0.0006312457,0.0006312457,0.006192520317000001
53.25,0.000640296,0.000640296,0.006281303760000001
53.26,0.0006492504,0.0006492504,0.006369146424
53.27,0.0006581094,0.0006581094,0.006456053214
53.28,0.0006668732,0.0006668732,0.006542026092
53.29,0.0006755418,0.0006755418,0.006627065058000001
53.300000000000004,0.0006841152,0.0006841152,0.006711170112
53.31,0.0006925928,0.0006925928,0.006794335368
53.32,0.0007009747,0.0007009747,0.006876561807
53.33,0.0007092604,0.0007092604,0.006957844524
53.34,0.0007174501,0.0007174501,0.007038185481000001
53.35,0.0007255437,0.0007255437,0.007117583697
53.36,0.0007335412,0.0007335412,0.007196039172
53.370000000000005,0.000741443,0.000741443,0.007273555830000001
53.38,0.0007492492,0.0007492492,0.007350134652
53.39,0.0007569599,0.0007569599,0.007425776619
53.4,0.0007645754,0.0007645754,0.007500484674000001
53.410000000000004,0.0007720959,0.0007720959,0.007574260779
53.42,0.0007795218,0.0007795218,0.007647108858000001
53.43,0.0007868531,0.0007868531,0.0077190289110000004
53.44,0.0007940903,0.0007940903,0.0077900258430000004
53.45,0.0008012335,0.0008012335,0.007860100635
